geo,group,share
AK,age:18-29,0.214
AK,age:30-44,0.2976
AK,age:45-64,0.2951
AK,age:65+,0.1933
AK,education:college,0.3275
AK,education:noncollege,0.6725
AK,race:asian,0.0489
AK,race:black,0.0288
AK,race:hispanic,0.0651
AK,race:other,0.2365
AK,race:white,0.6207
AK-01,age:18-29,0.214
AK-01,age:30-44,0.2976
AK-01,age:45-64,0.2951
AK-01,age:65+,0.1933
AK-01,education:college,0.3275
AK-01,education:noncollege,0.6725
AK-01,race:asian,0.0489
AK-01,race:black,0.0288
AK-01,race:hispanic,0.0651
AK-01,race:other,0.2365
AK-01,race:white,0.6207
AL,age:18-29,0.1993
AL,age:30-44,0.2476
AL,age:45-64,0.3158
AL,age:65+,0.2373
AL,education:college,0.2985
AL,education:noncollege,0.7015
AL,race:asian,0.0104
AL,race:black,0.2524
AL,race:hispanic,0.0317
AL,race:other,0.0366
AL,race:white,0.6689
AL-01,age:18-29,0.1668
AL-01,age:30-44,0.2416
AL-01,age:45-64,0.3277
AL-01,age:65+,0.2639
AL-01,education:college,0.2764
AL-01,education:noncollege,0.7236
AL-01,race:asian,0.015
AL-01,race:black,0.0
AL-01,race:hispanic,0.0359
AL-01,race:other,0.1945
AL-01,race:white,0.7547
AL-02,age:18-29,0.2095
AL-02,age:30-44,0.2486
AL-02,age:45-64,0.305
AL-02,age:65+,0.2369
AL-02,education:college,0.2738
AL-02,education:noncollege,0.7262
AL-02,race:asian,0.0118
AL-02,race:black,0.4968
AL-02,race:hispanic,0.0236
AL-02,race:other,0.0287
AL-02,race:white,0.4391
AL-03,age:18-29,0.2077
AL-03,age:30-44,0.2418
AL-03,age:45-64,0.3103
AL-03,age:65+,0.2402
AL-03,education:college,0.2493
AL-03,education:noncollege,0.7507
AL-03,race:asian,0.0069
AL-03,race:black,0.1963
AL-03,race:hispanic,0.0216
AL-03,race:other,0.0357
AL-03,race:white,0.7395
AL-04,age:18-29,0.1857
AL-04,age:30-44,0.2384
AL-04,age:45-64,0.3237
AL-04,age:65+,0.2522
AL-04,education:college,0.2274
AL-04,education:noncollege,0.7726
AL-04,race:asian,0.0031
AL-04,race:black,0.0673
AL-04,race:hispanic,0.0428
AL-04,race:other,0.0302
AL-04,race:white,0.8567
AL-05,age:18-29,0.1976
AL-05,age:30-44,0.2581
AL-05,age:45-64,0.3255
AL-05,age:65+,0.2187
AL-05,education:college,0.368
AL-05,education:noncollege,0.632
AL-05,race:asian,0.0135
AL-05,race:black,0.1795
AL-05,race:hispanic,0.0456
AL-05,race:other,0.0521
AL-05,race:white,0.7093
AL-06,age:18-29,0.1933
AL-06,age:30-44,0.2571
AL-06,age:45-64,0.3277
AL-06,age:65+,0.2219
AL-06,education:college,0.4115
AL-06,education:noncollege,0.5885
AL-06,race:asian,0.014
AL-06,race:black,0.1829
AL-06,race:hispanic,0.0286
AL-06,race:other,0.032
AL-06,race:white,0.7425
AL-07,age:18-29,0.236
AL-07,age:30-44,0.2475
AL-07,age:45-64,0.2894
AL-07,age:65+,0.2271
AL-07,education:college,0.2805
AL-07,education:noncollege,0.7195
AL-07,race:asian,0.008
AL-07,race:black,0.5116
AL-07,race:hispanic,0.0226
AL-07,race:other,0.0365
AL-07,race:white,0.4213
AR,age:18-29,0.2026
AR,age:30-44,0.2526
AR,age:45-64,0.3093
AR,age:65+,0.2354
AR,education:college,0.2712
AR,education:noncollege,0.7288
AR,race:asian,0.0114
AR,race:black,0.1407
AR,race:hispanic,0.0544
AR,race:other,0.0711
AR,race:white,0.7223
AR-01,age:18-29,0.1845
AR-01,age:30-44,0.247
AR-01,age:45-64,0.3207
AR-01,age:65+,0.2479
AR-01,education:college,0.1948
AR-01,education:noncollege,0.8052
AR-01,race:asian,0.0038
AR-01,race:black,0.0
AR-01,race:hispanic,0.0308
AR-01,race:other,0.2
AR-01,race:white,0.7654
AR-02,age:18-29,0.2067
AR-02,age:30-44,0.2535
AR-02,age:45-64,0.305
AR-02,age:65+,0.2347
AR-02,education:college,0.3451
AR-02,education:noncollege,0.6549
AR-02,race:asian,0.0115
AR-02,race:black,0.1978
AR-02,race:hispanic,0.0339
AR-02,race:other,0.0402
AR-02,race:white,0.7166
AR-03,age:18-29,0.2311
AR-03,age:30-44,0.278
AR-03,age:45-64,0.2946
AR-03,age:65+,0.1962
AR-03,education:college,0.3385
AR-03,education:noncollege,0.6615
AR-03,race:asian,0.0245
AR-03,race:black,0.0269
AR-03,race:hispanic,0.1016
AR-03,race:other,0.1511
AR-03,race:white,0.6959
AR-04,age:18-29,0.1861
AR-04,age:30-44,0.23
AR-04,age:45-64,0.3181
AR-04,age:65+,0.2657
AR-04,education:college,0.2023
AR-04,education:noncollege,0.7977
AR-04,race:asian,0.0059
AR-04,race:black,0.0
AR-04,race:hispanic,0.0523
AR-04,race:other,0.231
AR-04,race:white,0.7107
AZ,age:18-29,0.2079
AZ,age:30-44,0.2516
AZ,age:45-64,0.2918
AZ,age:65+,0.2487
AZ,education:college,0.3473
AZ,education:noncollege,0.6527
AZ,race:asian,0.0326
AZ,race:black,0.0454
AZ,race:hispanic,0.254
AZ,race:other,0.076
AZ,race:white,0.5921
AZ-01,age:18-29,0.166
AZ-01,age:30-44,0.2494
AZ-01,age:45-64,0.3118
AZ-01,age:65+,0.2727
AZ-01,education:college,0.5496
AZ-01,education:noncollege,0.4504
AZ-01,race:asian,0.0321
AZ-01,race:black,0.0303
AZ-01,race:hispanic,0.1427
AZ-01,race:other,0.0518
AZ-01,race:white,0.743
AZ-02,age:18-29,0.1897
AZ-02,age:30-44,0.2202
AZ-02,age:45-64,0.2871
AZ-02,age:65+,0.303
AZ-02,education:college,0.2742
AZ-02,education:noncollege,0.7258
AZ-02,race:asian,0.0116
AZ-02,race:black,0.0
AZ-02,race:hispanic,0.154
AZ-02,race:other,0.2395
AZ-02,race:white,0.5949
AZ-03,age:18-29,0.2861
AZ-03,age:30-44,0.3132
AZ-03,age:45-64,0.277
AZ-03,age:65+,0.1237
AZ-03,education:college,0.2192
AZ-03,education:noncollege,0.7808
AZ-03,race:asian,0.0353
AZ-03,race:black,0.12
AZ-03,race:hispanic,0.5189
AZ-03,race:other,0.0556
AZ-03,race:white,0.2702
AZ-04,age:18-29,0.2678
AZ-04,age:30-44,0.2594
AZ-04,age:45-64,0.2582
AZ-04,age:65+,0.2147
AZ-04,education:college,0.4191
AZ-04,education:noncollege,0.5809
AZ-04,race:asian,0.054
AZ-04,race:black,0.0465
AZ-04,race:hispanic,0.2126
AZ-04,race:other,0.0765
AZ-04,race:white,0.6103
AZ-05,age:18-29,0.1851
AZ-05,age:30-44,0.2795
AZ-05,age:45-64,0.3234
AZ-05,age:65+,0.212
AZ-05,education:college,0.4176
AZ-05,education:noncollege,0.5824
AZ-05,race:asian,0.0485
AZ-05,race:black,0.0397
AZ-05,race:hispanic,0.1734
AZ-05,race:other,0.0524
AZ-05,race:white,0.6859
AZ-06,age:18-29,0.1742
AZ-06,age:30-44,0.2253
AZ-06,age:45-64,0.27
AZ-06,age:65+,0.3305
AZ-06,education:college,0.4022
AZ-06,education:noncollege,0.5978
AZ-06,race:asian,0.029
AZ-06,race:black,0.0364
AZ-06,race:hispanic,0.2272
AZ-06,race:other,0.0507
AZ-06,race:white,0.6568
AZ-07,age:18-29,0.267
AZ-07,age:30-44,0.2572
AZ-07,age:45-64,0.2759
AZ-07,age:65+,0.1999
AZ-07,education:college,0.2172
AZ-07,education:noncollege,0.7828
AZ-07,race:asian,0.0242
AZ-07,race:black,0.0403
AZ-07,race:hispanic,0.5308
AZ-07,race:other,0.0558
AZ-07,race:white,0.3488
AZ-08,age:18-29,0.1796
AZ-08,age:30-44,0.2262
AZ-08,age:45-64,0.3083
AZ-08,age:65+,0.2859
AZ-08,education:college,0.3605
AZ-08,education:noncollege,0.6395
AZ-08,race:asian,0.0363
AZ-08,race:black,0.0361
AZ-08,race:hispanic,0.1821
AZ-08,race:other,0.056
AZ-08,race:white,0.6895
AZ-09,age:18-29,0.1702
AZ-09,age:30-44,0.2407
AZ-09,age:45-64,0.3104
AZ-09,age:65+,0.2786
AZ-09,education:college,0.2376
AZ-09,education:noncollege,0.7624
AZ-09,race:asian,0.0247
AZ-09,race:black,0.0541
AZ-09,race:hispanic,0.2435
AZ-09,race:other,0.0561
AZ-09,race:white,0.6215
CA,age:18-29,0.2047
CA,age:30-44,0.2774
CA,age:45-64,0.3076
CA,age:65+,0.2103
CA,education:college,0.3812
CA,education:noncollege,0.6188
CA,race:asian,0.1557
CA,race:black,0.0621
CA,race:hispanic,0.3304
CA,race:other,0.0506
CA,race:white,0.4011
CA-01,age:18-29,0.2033
CA-01,age:30-44,0.2527
CA-01,age:45-64,0.2907
CA-01,age:65+,0.2534
CA-01,education:college,0.2438
CA-01,education:noncollege,0.7562
CA-01,race:asian,0.0546
CA-01,race:black,0.0
CA-01,race:hispanic,0.1778
CA-01,race:other,0.0945
CA-01,race:white,0.6732
CA-02,age:18-29,0.1563
CA-02,age:30-44,0.2258
CA-02,age:45-64,0.3173
CA-02,age:65+,0.3007
CA-02,education:college,0.4397
CA-02,education:noncollege,0.5603
CA-02,race:asian,0.0408
CA-02,race:black,0.0144
CA-02,race:hispanic,0.1531
CA-02,race:other,0.0782
CA-02,race:white,0.7135
CA-03,age:18-29,0.1488
CA-03,age:30-44,0.2553
CA-03,age:45-64,0.3183
CA-03,age:65+,0.2776
CA-03,education:college,0.4182
CA-03,education:noncollege,0.5818
CA-03,race:asian,0.0636
CA-03,race:black,0.0204
CA-03,race:hispanic,0.1282
CA-03,race:other,0.0769
CA-03,race:white,0.7108
CA-04,age:18-29,0.2331
CA-04,age:30-44,0.2311
CA-04,age:45-64,0.2907
CA-04,age:65+,0.2452
CA-04,education:college,0.3736
CA-04,education:noncollege,0.6264
CA-04,race:asian,0.087
CA-04,race:black,0.0311
CA-04,race:hispanic,0.2578
CA-04,race:other,0.0583
CA-04,race:white,0.5659
CA-05,age:18-29,0.1667
CA-05,age:30-44,0.2391
CA-05,age:45-64,0.3112
CA-05,age:65+,0.2831
CA-05,education:college,0.3143
CA-05,education:noncollege,0.6857
CA-05,race:asian,0.0579
CA-05,race:black,0.026
CA-05,race:hispanic,0.2306
CA-05,race:other,0.0588
CA-05,race:white,0.6267
CA-06,age:18-29,0.1951
CA-06,age:30-44,0.307
CA-06,age:45-64,0.291
CA-06,age:65+,0.2069
CA-06,education:college,0.3286
CA-06,education:noncollege,0.6714
CA-06,race:asian,0.1185
CA-06,race:black,0.0982
CA-06,race:hispanic,0.2015
CA-06,race:other,0.0809
CA-06,race:white,0.5009
CA-07,age:18-29,0.2046
CA-07,age:30-44,0.2874
CA-07,age:45-64,0.307
CA-07,age:65+,0.201
CA-07,education:college,0.3639
CA-07,education:noncollege,0.6361
CA-07,race:asian,0.2352
CA-07,race:black,0.1115
CA-07,race:hispanic,0.229
CA-07,race:other,0.0771
CA-07,race:white,0.3472
CA-08,age:18-29,0.1908
CA-08,age:30-44,0.2774
CA-08,age:45-64,0.3171
CA-08,age:65+,0.2147
CA-08,education:college,0.3135
CA-08,education:noncollege,0.6865
CA-08,race:asian,0.2099
CA-08,race:black,0.1671
CA-08,race:hispanic,0.257
CA-08,race:other,0.0696
CA-08,race:white,0.2965
CA-09,age:18-29,0.2154
CA-09,age:30-44,0.282
CA-09,age:45-64,0.3106
CA-09,age:65+,0.192
CA-09,education:college,0.2505
CA-09,education:noncollege,0.7495
CA-09,race:asian,0.1765
CA-09,race:black,0.0798
CA-09,race:hispanic,0.3364
CA-09,race:other,0.0587
CA-09,race:white,0.3486
CA-10,age:18-29,0.1583
CA-10,age:30-44,0.2658
CA-10,age:45-64,0.3404
CA-10,age:65+,0.2355
CA-10,education:college,0.5581
CA-10,education:noncollege,0.4419
CA-10,race:asian,0.2013
CA-10,race:black,0.0519
CA-10,race:hispanic,0.1653
CA-10,race:other,0.064
CA-10,race:white,0.5175
CA-11,age:18-29,0.1948
CA-11,age:30-44,0.3206
CA-11,age:45-64,0.2795
CA-11,age:65+,0.2052
CA-11,education:college,0.6407
CA-11,education:noncollege,0.3593
CA-11,race:asian,0.3154
CA-11,race:black,0.054
CA-11,race:hispanic,0.1322
CA-11,race:other,0.0608
CA-11,race:white,0.4376
CA-12,age:18-29,0.2081
CA-12,age:30-44,0.3097
CA-12,age:45-64,0.2775
CA-12,age:65+,0.2047
CA-12,education:college,0.5569
CA-12,education:noncollege,0.4431
CA-12,race:asian,0.2118
CA-12,race:black,0.1596
CA-12,race:hispanic,0.1794
CA-12,race:other,0.0735
CA-12,race:white,0.3758
CA-13,age:18-29,0.2508
CA-13,age:30-44,0.3011
CA-13,age:45-64,0.2929
CA-13,age:65+,0.1552
CA-13,education:college,0.1444
CA-13,education:noncollege,0.8556
CA-13,race:asian,0.0796
CA-13,race:black,0.0
CA-13,race:hispanic,0.5542
CA-13,race:other,0.0765
CA-13,race:white,0.2897
CA-14,age:18-29,0.1625
CA-14,age:30-44,0.2841
CA-14,age:45-64,0.346
CA-14,age:65+,0.2073
CA-14,education:college,0.4878
CA-14,education:noncollege,0.5122
CA-14,race:asian,0.3751
CA-14,race:black,0.065
CA-14,race:hispanic,0.2013
CA-14,race:other,0.0602
CA-14,race:white,0.2984
CA-15,age:18-29,0.1725
CA-15,age:30-44,0.2799
CA-15,age:45-64,0.3166
CA-15,age:65+,0.2309
CA-15,education:college,0.5077
CA-15,education:noncollege,0.4923
CA-15,race:asian,0.3855
CA-15,race:black,0.0287
CA-15,race:hispanic,0.199
CA-15,race:other,0.0593
CA-15,race:white,0.3275
CA-16,age:18-29,0.1882
CA-16,age:30-44,0.2628
CA-16,age:45-64,0.3297
CA-16,age:65+,0.2193
CA-16,education:college,0.6487
CA-16,education:noncollege,0.3513
CA-16,race:asian,0.2949
CA-16,race:black,0.0
CA-16,race:hispanic,0.1551
CA-16,race:other,0.0708
CA-16,race:white,0.4792
CA-17,age:18-29,0.2067
CA-17,age:30-44,0.3337
CA-17,age:45-64,0.2847
CA-17,age:65+,0.1749
CA-17,education:college,0.6412
CA-17,education:noncollege,0.3588
CA-17,race:asian,0.5089
CA-17,race:black,0.0
CA-17,race:hispanic,0.1597
CA-17,race:other,0.0794
CA-17,race:white,0.2519
CA-18,age:18-29,0.2369
CA-18,age:30-44,0.2913
CA-18,age:45-64,0.3099
CA-18,age:65+,0.1618
CA-18,education:college,0.2518
CA-18,education:noncollege,0.7482
CA-18,race:asian,0.1504
CA-18,race:black,0.034
CA-18,race:hispanic,0.5193
CA-18,race:other,0.0387
CA-18,race:white,0.2575
CA-19,age:18-29,0.2027
CA-19,age:30-44,0.2224
CA-19,age:45-64,0.3015
CA-19,age:65+,0.2734
CA-19,education:college,0.4881
CA-19,education:noncollege,0.5119
CA-19,race:asian,0.197
CA-19,race:black,0.0233
CA-19,race:hispanic,0.1964
CA-19,race:other,0.0549
CA-19,race:white,0.5285
CA-20,age:18-29,0.2108
CA-20,age:30-44,0.2946
CA-20,age:45-64,0.2872
CA-20,age:65+,0.2074
CA-20,education:college,0.3031
CA-20,education:noncollege,0.6969
CA-20,race:asian,0.0825
CA-20,race:black,0.0344
CA-20,race:hispanic,0.3373
CA-20,race:other,0.048
CA-20,race:white,0.4978
CA-21,age:18-29,0.2421
CA-21,age:30-44,0.3124
CA-21,age:45-64,0.2837
CA-21,age:65+,0.1618
CA-21,education:college,0.1761
CA-21,education:noncollege,0.8239
CA-21,race:asian,0.092
CA-21,race:black,0.0513
CA-21,race:hispanic,0.5891
CA-21,race:other,0.0275
CA-21,race:white,0.2401
CA-22,age:18-29,0.2698
CA-22,age:30-44,0.2944
CA-22,age:45-64,0.2907
CA-22,age:65+,0.1451
CA-22,education:college,0.1119
CA-22,education:noncollege,0.8881
CA-22,race:asian,0.0403
CA-22,race:black,0.0
CA-22,race:hispanic,0.6438
CA-22,race:other,0.093
CA-22,race:white,0.2229
CA-23,age:18-29,0.2094
CA-23,age:30-44,0.2865
CA-23,age:45-64,0.2979
CA-23,age:65+,0.2063
CA-23,education:college,0.2216
CA-23,education:noncollege,0.7784
CA-23,race:asian,0.0379
CA-23,race:black,0.0935
CA-23,race:hispanic,0.3971
CA-23,race:other,0.0557
CA-23,race:white,0.4159
CA-24,age:18-29,0.2619
CA-24,age:30-44,0.2256
CA-24,age:45-64,0.2671
CA-24,age:65+,0.2455
CA-24,education:college,0.4048
CA-24,education:noncollege,0.5952
CA-24,race:asian,0.0545
CA-24,race:black,0.0236
CA-24,race:hispanic,0.2933
CA-24,race:other,0.051
CA-24,race:white,0.5776
CA-25,age:18-29,0.2107
CA-25,age:30-44,0.2603
CA-25,age:45-64,0.3008
CA-25,age:65+,0.2282
CA-25,education:college,0.1824
CA-25,education:noncollege,0.8176
CA-25,race:asian,0.0304
CA-25,race:black,0.0575
CA-25,race:hispanic,0.5797
CA-25,race:other,0.0398
CA-25,race:white,0.2926
CA-26,age:18-29,0.19
CA-26,age:30-44,0.2494
CA-26,age:45-64,0.328
CA-26,age:65+,0.2327
CA-26,education:college,0.3899
CA-26,education:noncollege,0.6101
CA-26,race:asian,0.0855
CA-26,race:black,0.0
CA-26,race:hispanic,0.3517
CA-26,race:other,0.0621
CA-26,race:white,0.5007
CA-27,age:18-29,0.1888
CA-27,age:30-44,0.2797
CA-27,age:45-64,0.3386
CA-27,age:65+,0.1929
CA-27,education:college,0.3274
CA-27,education:noncollege,0.6726
CA-27,race:asian,0.1069
CA-27,race:black,0.1132
CA-27,race:hispanic,0.386
CA-27,race:other,0.0438
CA-27,race:white,0.3501
CA-28,age:18-29,0.1647
CA-28,age:30-44,0.2549
CA-28,age:45-64,0.3383
CA-28,age:65+,0.2421
CA-28,education:college,0.4952
CA-28,education:noncollege,0.5048
CA-28,race:asian,0.3632
CA-28,race:black,0.0
CA-28,race:hispanic,0.2584
CA-28,race:other,0.0831
CA-28,race:white,0.2954
CA-29,age:18-29,0.2186
CA-29,age:30-44,0.2856
CA-29,age:45-64,0.3269
CA-29,age:65+,0.1688
CA-29,education:college,0.2594
CA-29,education:noncollege,0.7406
CA-29,race:asian,0.1006
CA-29,race:black,0.0604
CA-29,race:hispanic,0.5434
CA-29,race:other,0.0302
CA-29,race:white,0.2654
CA-30,age:18-29,0.1825
CA-30,age:30-44,0.3242
CA-30,age:45-64,0.2904
CA-30,age:65+,0.2029
CA-30,education:college,0.5487
CA-30,education:noncollege,0.4513
CA-30,race:asian,0.1233
CA-30,race:black,0.0426
CA-30,race:hispanic,0.2036
CA-30,race:other,0.053
CA-30,race:white,0.5774
CA-31,age:18-29,0.1807
CA-31,age:30-44,0.2709
CA-31,age:45-64,0.3209
CA-31,age:65+,0.2274
CA-31,education:college,0.2627
CA-31,education:noncollege,0.7373
CA-31,race:asian,0.2077
CA-31,race:black,0.0282
CA-31,race:hispanic,0.5535
CA-31,race:other,0.0304
CA-31,race:white,0.1803
CA-32,age:18-29,0.1811
CA-32,age:30-44,0.2747
CA-32,age:45-64,0.3159
CA-32,age:65+,0.2283
CA-32,education:college,0.5429
CA-32,education:noncollege,0.4571
CA-32,race:asian,0.1259
CA-32,race:black,0.0546
CA-32,race:hispanic,0.2124
CA-32,race:other,0.0505
CA-32,race:white,0.5566
CA-33,age:18-29,0.2348
CA-33,age:30-44,0.303
CA-33,age:45-64,0.3108
CA-33,age:65+,0.1514
CA-33,education:college,0.2132
CA-33,education:noncollege,0.7868
CA-33,race:asian,0.0701
CA-33,race:black,0.1044
CA-33,race:hispanic,0.5808
CA-33,race:other,0.0398
CA-33,race:white,0.2049
CA-34,age:18-29,0.2327
CA-34,age:30-44,0.3132
CA-34,age:45-64,0.2812
CA-34,age:65+,0.173
CA-34,education:college,0.2968
CA-34,education:noncollege,0.7032
CA-34,race:asian,0.1927
CA-34,race:black,0.0734
CA-34,race:hispanic,0.5447
CA-34,race:other,0.032
CA-34,race:white,0.1572
CA-35,age:18-29,0.2327
CA-35,age:30-44,0.2968
CA-35,age:45-64,0.3095
CA-35,age:65+,0.161
CA-35,education:college,0.2458
CA-35,education:noncollege,0.7542
CA-35,race:asian,0.1388
CA-35,race:black,0.065
CA-35,race:hispanic,0.5965
CA-35,race:other,0.0286
CA-35,race:white,0.171
CA-36,age:18-29,0.2146
CA-36,age:30-44,0.2819
CA-36,age:45-64,0.2825
CA-36,age:65+,0.221
CA-36,education:college,0.6752
CA-36,education:noncollege,0.3248
CA-36,race:asian,0.1729
CA-36,race:black,0.045
CA-36,race:hispanic,0.1481
CA-36,race:other,0.0628
CA-36,race:white,0.5712
CA-37,age:18-29,0.2492
CA-37,age:30-44,0.2826
CA-37,age:45-64,0.303
CA-37,age:65+,0.1652
CA-37,education:college,0.3007
CA-37,education:noncollege,0.6993
CA-37,race:asian,0.0769
CA-37,race:black,0.2835
CA-37,race:hispanic,0.4172
CA-37,race:other,0.0526
CA-37,race:white,0.1698
CA-38,age:18-29,0.1755
CA-38,age:30-44,0.2622
CA-38,age:45-64,0.3257
CA-38,age:65+,0.2366
CA-38,education:college,0.314
CA-38,education:noncollege,0.686
CA-38,race:asian,0.2262
CA-38,race:black,0.0
CA-38,race:hispanic,0.5829
CA-38,race:other,0.0468
CA-38,race:white,0.1441
CA-39,age:18-29,0.2587
CA-39,age:30-44,0.301
CA-39,age:45-64,0.2936
CA-39,age:65+,0.1467
CA-39,education:college,0.2009
CA-39,education:noncollege,0.7991
CA-39,race:asian,0.0702
CA-39,race:black,0.0963
CA-39,race:hispanic,0.5865
CA-39,race:other,0.0347
CA-39,race:white,0.2122
CA-40,age:18-29,0.1652
CA-40,age:30-44,0.2479
CA-40,age:45-64,0.342
CA-40,age:65+,0.2449
CA-40,education:college,0.5256
CA-40,education:noncollege,0.4744
CA-40,race:asian,0.1872
CA-40,race:black,0.0
CA-40,race:hispanic,0.2243
CA-40,race:other,0.0689
CA-40,race:white,0.5196
CA-41,age:18-29,0.1712
CA-41,age:30-44,0.2536
CA-41,age:45-64,0.3152
CA-41,age:65+,0.26
CA-41,education:college,0.3363
CA-41,education:noncollege,0.6637
CA-41,race:asian,0.0779
CA-41,race:black,0.0593
CA-41,race:hispanic,0.3518
CA-41,race:other,0.0429
CA-41,race:white,0.4681
CA-42,age:18-29,0.2364
CA-42,age:30-44,0.2812
CA-42,age:45-64,0.3162
CA-42,age:65+,0.1662
CA-42,education:college,0.2719
CA-42,education:noncollege,0.7281
CA-42,race:asian,0.0928
CA-42,race:black,0.0628
CA-42,race:hispanic,0.5729
CA-42,race:other,0.0316
CA-42,race:white,0.2398
CA-43,age:18-29,0.2076
CA-43,age:30-44,0.2872
CA-43,age:45-64,0.3319
CA-43,age:65+,0.1732
CA-43,education:college,0.2219
CA-43,education:noncollege,0.7781
CA-43,race:asian,0.1066
CA-43,race:black,0.282
CA-43,race:hispanic,0.4966
CA-43,race:other,0.0253
CA-43,race:white,0.0895
CA-44,age:18-29,0.2038
CA-44,age:30-44,0.2669
CA-44,age:45-64,0.3241
CA-44,age:65+,0.2052
CA-44,education:college,0.2505
CA-44,education:noncollege,0.7495
CA-44,race:asian,0.1367
CA-44,race:black,0.142
CA-44,race:hispanic,0.5212
CA-44,race:other,0.0378
CA-44,race:white,0.1623
CA-45,age:18-29,0.1774
CA-45,age:30-44,0.2414
CA-45,age:45-64,0.3372
CA-45,age:65+,0.244
CA-45,education:college,0.3853
CA-45,education:noncollege,0.6147
CA-45,race:asian,0.412
CA-45,race:black,0.0
CA-45,race:hispanic,0.258
CA-45,race:other,0.0578
CA-45,race:white,0.2722
CA-46,age:18-29,0.2347
CA-46,age:30-44,0.2921
CA-46,age:45-64,0.3078
CA-46,age:65+,0.1654
CA-46,education:college,0.2291
CA-46,education:noncollege,0.7709
CA-46,race:asian,0.2099
CA-46,race:black,0.0
CA-46,race:hispanic,0.526
CA-46,race:other,0.0504
CA-46,race:white,0.2138
CA-47,age:18-29,0.2224
CA-47,age:30-44,0.2661
CA-47,age:45-64,0.2971
CA-47,age:65+,0.2144
CA-47,education:college,0.6077
CA-47,education:noncollege,0.3923
CA-47,race:asian,0.2257
CA-47,race:black,0.0
CA-47,race:hispanic,0.1417
CA-47,race:other,0.0738
CA-47,race:white,0.5587
CA-48,age:18-29,0.1701
CA-48,age:30-44,0.2894
CA-48,age:45-64,0.321
CA-48,age:65+,0.2196
CA-48,education:college,0.3521
CA-48,education:noncollege,0.6479
CA-48,race:asian,0.0821
CA-48,race:black,0.0329
CA-48,race:hispanic,0.2613
CA-48,race:other,0.0687
CA-48,race:white,0.555
CA-49,age:18-29,0.1952
CA-49,age:30-44,0.2297
CA-49,age:45-64,0.3354
CA-49,age:65+,0.2397
CA-49,education:college,0.5128
CA-49,education:noncollege,0.4872
CA-49,race:asian,0.0582
CA-49,race:black,0.0
CA-49,race:hispanic,0.2064
CA-49,race:other,0.0854
CA-49,race:white,0.6501
CA-50,age:18-29,0.2272
CA-50,age:30-44,0.2972
CA-50,age:45-64,0.2685
CA-50,age:65+,0.2071
CA-50,education:college,0.6314
CA-50,education:noncollege,0.3686
CA-50,race:asian,0.1261
CA-50,race:black,0.0394
CA-50,race:hispanic,0.1804
CA-50,race:other,0.0618
CA-50,race:white,0.5922
CA-51,age:18-29,0.2316
CA-51,age:30-44,0.3014
CA-51,age:45-64,0.2778
CA-51,age:65+,0.1891
CA-51,education:college,0.5013
CA-51,education:noncollege,0.4987
CA-51,race:asian,0.1453
CA-51,race:black,0.0549
CA-51,race:hispanic,0.2215
CA-51,race:other,0.0616
CA-51,race:white,0.5167
CA-52,age:18-29,0.2158
CA-52,age:30-44,0.292
CA-52,age:45-64,0.3059
CA-52,age:65+,0.1863
CA-52,education:college,0.2601
CA-52,education:noncollege,0.7399
CA-52,race:asian,0.171
CA-52,race:black,0.0841
CA-52,race:hispanic,0.5332
CA-52,race:other,0.0355
CA-52,race:white,0.1762
CO,age:18-29,0.2088
CO,age:30-44,0.2926
CO,age:45-64,0.2923
CO,age:65+,0.2064
CO,education:college,0.4777
CO,education:noncollege,0.5223
CO,race:asian,0.0294
CO,race:black,0.0396
CO,race:hispanic,0.1755
CO,race:other,0.0491
CO,race:white,0.7064
CO-01,age:18-29,0.2372
CO-01,age:30-44,0.358
CO-01,age:45-64,0.2483
CO-01,age:65+,0.1565
CO-01,education:college,0.5875
CO-01,education:noncollege,0.4125
CO-01,race:asian,0.0349
CO-01,race:black,0.0889
CO-01,race:hispanic,0.2012
CO-01,race:other,0.0478
CO-01,race:white,0.6272
CO-02,age:18-29,0.2524
CO-02,age:30-44,0.256
CO-02,age:45-64,0.2817
CO-02,age:65+,0.2099
CO-02,education:college,0.6364
CO-02,education:noncollege,0.3636
CO-02,race:asian,0.0271
CO-02,race:black,0.0
CO-02,race:hispanic,0.1004
CO-02,race:other,0.0553
CO-02,race:white,0.8171
CO-03,age:18-29,0.167
CO-03,age:30-44,0.2514
CO-03,age:45-64,0.3035
CO-03,age:65+,0.2781
CO-03,education:college,0.3566
CO-03,education:noncollege,0.6434
CO-03,race:asian,0.0095
CO-03,race:black,0.0
CO-03,race:hispanic,0.2205
CO-03,race:other,0.0661
CO-03,race:white,0.7039
CO-04,age:18-29,0.1781
CO-04,age:30-44,0.2807
CO-04,age:45-64,0.3349
CO-04,age:65+,0.2062
CO-04,education:college,0.4945
CO-04,education:noncollege,0.5055
CO-04,race:asian,0.0295
CO-04,race:black,0.0218
CO-04,race:hispanic,0.1257
CO-04,race:other,0.0478
CO-04,race:white,0.7753
CO-05,age:18-29,0.2387
CO-05,age:30-44,0.2929
CO-05,age:45-64,0.2775
CO-05,age:65+,0.1908
CO-05,education:college,0.4299
CO-05,education:noncollege,0.5701
CO-05,race:asian,0.0299
CO-05,race:black,0.0581
CO-05,race:hispanic,0.1518
CO-05,race:other,0.0618
CO-05,race:white,0.6984
CO-06,age:18-29,0.2018
CO-06,age:30-44,0.298
CO-06,age:45-64,0.2997
CO-06,age:65+,0.2005
CO-06,education:college,0.4798
CO-06,education:noncollege,0.5202
CO-06,race:asian,0.0533
CO-06,race:black,0.1022
CO-06,race:hispanic,0.1645
CO-06,race:other,0.0511
CO-06,race:white,0.6289
CO-07,age:18-29,0.1762
CO-07,age:30-44,0.2873
CO-07,age:45-64,0.2994
CO-07,age:65+,0.2371
CO-07,education:college,0.522
CO-07,education:noncollege,0.478
CO-07,race:asian,0.0259
CO-07,race:black,0.0131
CO-07,race:hispanic,0.131
CO-07,race:other,0.0453
CO-07,race:white,0.7846
CO-08,age:18-29,0.2196
CO-08,age:30-44,0.3171
CO-08,age:45-64,0.293
CO-08,age:65+,0.1703
CO-08,education:college,0.3105
CO-08,education:noncollege,0.6895
CO-08,race:asian,0.0284
CO-08,race:black,0.0228
CO-08,race:hispanic,0.3202
CO-08,race:other,0.0366
CO-08,race:white,0.592
CT,age:18-29,0.1939
CT,age:30-44,0.2436
CT,age:45-64,0.3205
CT,age:65+,0.242
CT,education:college,0.4257
CT,education:noncollege,0.5743
CT,race:asian,0.0353
CT,race:black,0.1046
CT,race:hispanic,0.1429
CT,race:other,0.0374
CT,race:white,0.6799
CT-01,age:18-29,0.1984
CT-01,age:30-44,0.2566
CT-01,age:45-64,0.3055
CT-01,age:65+,0.2395
CT-01,education:college,0.3867
CT-01,education:noncollege,0.6133
CT-01,race:asian,0.038
CT-01,race:black,0.1459
CT-01,race:hispanic,0.1609
CT-01,race:other,0.0385
CT-01,race:white,0.6166
CT-02,age:18-29,0.1902
CT-02,age:30-44,0.2297
CT-02,age:45-64,0.3191
CT-02,age:65+,0.2611
CT-02,education:college,0.4087
CT-02,education:noncollege,0.5913
CT-02,race:asian,0.0279
CT-02,race:black,0.0381
CT-02,race:hispanic,0.0764
CT-02,race:other,0.0415
CT-02,race:white,0.8161
CT-03,age:18-29,0.217
CT-03,age:30-44,0.2462
CT-03,age:45-64,0.3052
CT-03,age:65+,0.2316
CT-03,education:college,0.4061
CT-03,education:noncollege,0.5939
CT-03,race:asian,0.0317
CT-03,race:black,0.1382
CT-03,race:hispanic,0.1507
CT-03,race:other,0.0299
CT-03,race:white,0.6495
CT-04,age:18-29,0.1925
CT-04,age:30-44,0.248
CT-04,age:45-64,0.3414
CT-04,age:65+,0.218
CT-04,education:college,0.541
CT-04,education:noncollege,0.459
CT-04,race:asian,0.0473
CT-04,race:black,0.112
CT-04,race:hispanic,0.169
CT-04,race:other,0.0368
CT-04,race:white,0.6349
CT-05,age:18-29,0.1705
CT-05,age:30-44,0.2376
CT-05,age:45-64,0.3327
CT-05,age:65+,0.2592
CT-05,education:college,0.3892
CT-05,education:noncollege,0.6108
CT-05,race:asian,0.0331
CT-05,race:black,0.0926
CT-05,race:hispanic,0.164
CT-05,race:other,0.04
CT-05,race:white,0.6704
DE,age:18-29,0.18
DE,age:30-44,0.2386
DE,age:45-64,0.3096
DE,age:65+,0.2718
DE,education:college,0.3599
DE,education:noncollege,0.6401
DE,race:asian,0.0362
DE,race:black,0.2109
DE,race:hispanic,0.0745
DE,race:other,0.0402
DE,race:white,0.6382
DE-01,age:18-29,0.18
DE-01,age:30-44,0.2386
DE-01,age:45-64,0.3096
DE-01,age:65+,0.2718
DE-01,education:college,0.3599
DE-01,education:noncollege,0.6401
DE-01,race:asian,0.0362
DE-01,race:black,0.2109
DE-01,race:hispanic,0.0745
DE-01,race:other,0.0402
DE-01,race:white,0.6382
FL,age:18-29,0.1747
FL,age:30-44,0.2435
FL,age:45-64,0.312
FL,age:65+,0.2698
FL,education:college,0.3584
FL,education:noncollege,0.6416
FL,race:asian,0.0277
FL,race:black,0.1416
FL,race:hispanic,0.2264
FL,race:other,0.0357
FL,race:white,0.5686
FL-01,age:18-29,0.2011
FL-01,age:30-44,0.2647
FL-01,age:45-64,0.3072
FL-01,age:65+,0.227
FL-01,education:college,0.324
FL-01,education:noncollege,0.676
FL-01,race:asian,0.0235
FL-01,race:black,0.1195
FL-01,race:hispanic,0.0621
FL-01,race:other,0.0549
FL-01,race:white,0.74
FL-02,age:18-29,0.2344
FL-02,age:30-44,0.2464
FL-02,age:45-64,0.294
FL-02,age:65+,0.2253
FL-02,education:college,0.3262
FL-02,education:noncollege,0.6738
FL-02,race:asian,0.0167
FL-02,race:black,0.2193
FL-02,race:hispanic,0.059
FL-02,race:other,0.0442
FL-02,race:white,0.6609
FL-03,age:18-29,0.2247
FL-03,age:30-44,0.2272
FL-03,age:45-64,0.2799
FL-03,age:65+,0.2682
FL-03,education:college,0.3166
FL-03,education:noncollege,0.6834
FL-03,race:asian,0.0244
FL-03,race:black,0.1269
FL-03,race:hispanic,0.1208
FL-03,race:other,0.0506
FL-03,race:white,0.6774
FL-04,age:18-29,0.1794
FL-04,age:30-44,0.2715
FL-04,age:45-64,0.3202
FL-04,age:65+,0.229
FL-04,education:college,0.2705
FL-04,education:noncollege,0.7295
FL-04,race:asian,0.0272
FL-04,race:black,0.287
FL-04,race:hispanic,0.0937
FL-04,race:other,0.05
FL-04,race:white,0.5422
FL-05,age:18-29,0.1895
FL-05,age:30-44,0.2743
FL-05,age:45-64,0.3118
FL-05,age:65+,0.2244
FL-05,education:college,0.5003
FL-05,education:noncollege,0.4997
FL-05,race:asian,0.0528
FL-05,race:black,0.1117
FL-05,race:hispanic,0.1024
FL-05,race:other,0.0372
FL-05,race:white,0.6958
FL-06,age:18-29,0.1585
FL-06,age:30-44,0.1962
FL-06,age:45-64,0.3025
FL-06,age:65+,0.3428
FL-06,education:college,0.2638
FL-06,education:noncollege,0.7362
FL-06,race:asian,0.0158
FL-06,race:black,0.0996
FL-06,race:hispanic,0.1111
FL-06,race:other,0.0363
FL-06,race:white,0.7373
FL-07,age:18-29,0.1642
FL-07,age:30-44,0.264
FL-07,age:45-64,0.3154
FL-07,age:65+,0.2563
FL-07,education:college,0.3815
FL-07,education:noncollege,0.6185
FL-07,race:asian,0.0366
FL-07,race:black,0.0967
FL-07,race:hispanic,0.2108
FL-07,race:other,0.0301
FL-07,race:white,0.6259
FL-08,age:18-29,0.1451
FL-08,age:30-44,0.2107
FL-08,age:45-64,0.313
FL-08,age:65+,0.3311
FL-08,education:college,0.3625
FL-08,education:noncollege,0.6375
FL-08,race:asian,0.0215
FL-08,race:black,0.085
FL-08,race:hispanic,0.1137
FL-08,race:other,0.0437
FL-08,race:white,0.7361
FL-09,age:18-29,0.2004
FL-09,age:30-44,0.3021
FL-09,age:45-64,0.3214
FL-09,age:65+,0.1761
FL-09,education:college,0.3766
FL-09,education:noncollege,0.6234
FL-09,race:asian,0.0468
FL-09,race:black,0.1211
FL-09,race:hispanic,0.4739
FL-09,race:other,0.0289
FL-09,race:white,0.3293
FL-10,age:18-29,0.2506
FL-10,age:30-44,0.2951
FL-10,age:45-64,0.2814
FL-10,age:65+,0.173
FL-10,education:college,0.368
FL-10,education:noncollege,0.632
FL-10,race:asian,0.0484
FL-10,race:black,0.2299
FL-10,race:hispanic,0.2892
FL-10,race:other,0.0265
FL-10,race:white,0.4061
FL-11,age:18-29,0.1487
FL-11,age:30-44,0.2304
FL-11,age:45-64,0.3113
FL-11,age:65+,0.3096
FL-11,education:college,0.3719
FL-11,education:noncollege,0.6281
FL-11,race:asian,0.0385
FL-11,race:black,0.1277
FL-11,race:hispanic,0.1616
FL-11,race:other,0.0391
FL-11,race:white,0.6331
FL-12,age:18-29,0.1429
FL-12,age:30-44,0.222
FL-12,age:45-64,0.3183
FL-12,age:65+,0.3167
FL-12,education:college,0.2549
FL-12,education:noncollege,0.7451
FL-12,race:asian,0.0172
FL-12,race:black,0.0473
FL-12,race:hispanic,0.1359
FL-12,race:other,0.0353
FL-12,race:white,0.7644
FL-13,age:18-29,0.1339
FL-13,age:30-44,0.2017
FL-13,age:45-64,0.3247
FL-13,age:65+,0.3396
FL-13,education:college,0.3653
FL-13,education:noncollege,0.6347
FL-13,race:asian,0.0301
FL-13,race:black,0.0562
FL-13,race:hispanic,0.1027
FL-13,race:other,0.0419
FL-13,race:white,0.7692
FL-14,age:18-29,0.2039
FL-14,age:30-44,0.2907
FL-14,age:45-64,0.3049
FL-14,age:65+,0.2004
FL-14,education:college,0.4399
FL-14,education:noncollege,0.5601
FL-14,race:asian,0.0387
FL-14,race:black,0.1732
FL-14,race:hispanic,0.2222
FL-14,race:other,0.0424
FL-14,race:white,0.5234
FL-15,age:18-29,0.2084
FL-15,age:30-44,0.2672
FL-15,age:45-64,0.3032
FL-15,age:65+,0.2213
FL-15,education:college,0.3545
FL-15,education:noncollege,0.6455
FL-15,race:asian,0.0423
FL-15,race:black,0.1421
FL-15,race:hispanic,0.227
FL-15,race:other,0.0306
FL-15,race:white,0.558
FL-16,age:18-29,0.1498
FL-16,age:30-44,0.2379
FL-16,age:45-64,0.3195
FL-16,age:65+,0.2928
FL-16,education:college,0.3768
FL-16,education:noncollege,0.6232
FL-16,race:asian,0.0279
FL-16,race:black,0.1176
FL-16,race:hispanic,0.1669
FL-16,race:other,0.0361
FL-16,race:white,0.6515
FL-17,age:18-29,0.1169
FL-17,age:30-44,0.1756
FL-17,age:45-64,0.2949
FL-17,age:65+,0.4126
FL-17,education:college,0.3523
FL-17,education:noncollege,0.6477
FL-17,race:asian,0.0159
FL-17,race:black,0.0459
FL-17,race:hispanic,0.1166
FL-17,race:other,0.0354
FL-17,race:white,0.7862
FL-18,age:18-29,0.1846
FL-18,age:30-44,0.2501
FL-18,age:45-64,0.2942
FL-18,age:65+,0.2711
FL-18,education:college,0.2227
FL-18,education:noncollege,0.7773
FL-18,race:asian,0.0147
FL-18,race:black,0.1341
FL-18,race:hispanic,0.2343
FL-18,race:other,0.0297
FL-18,race:white,0.5872
FL-19,age:18-29,0.136
FL-19,age:30-44,0.1734
FL-19,age:45-64,0.2951
FL-19,age:65+,0.3955
FL-19,education:college,0.3925
FL-19,education:noncollege,0.6075
FL-19,race:asian,0.014
FL-19,race:black,0.0562
FL-19,race:hispanic,0.1408
FL-19,race:other,0.0252
FL-19,race:white,0.7639
FL-20,age:18-29,0.179
FL-20,age:30-44,0.278
FL-20,age:45-64,0.3158
FL-20,age:65+,0.2272
FL-20,education:college,0.278
FL-20,education:noncollege,0.722
FL-20,race:asian,0.0293
FL-20,race:black,0.4895
FL-20,race:hispanic,0.2136
FL-20,race:other,0.0343
FL-20,race:white,0.2333
FL-21,age:18-29,0.1442
FL-21,age:30-44,0.2043
FL-21,age:45-64,0.3143
FL-21,age:65+,0.3372
FL-21,education:college,0.3744
FL-21,education:noncollege,0.6256
FL-21,race:asian,0.0223
FL-21,race:black,0.1187
FL-21,race:hispanic,0.1573
FL-21,race:other,0.0361
FL-21,race:white,0.6656
FL-22,age:18-29,0.1506
FL-22,age:30-44,0.2212
FL-22,age:45-64,0.3082
FL-22,age:65+,0.32
FL-22,education:college,0.4047
FL-22,education:noncollege,0.5953
FL-22,race:asian,0.025
FL-22,race:black,0.1475
FL-22,race:hispanic,0.1974
FL-22,race:other,0.0298
FL-22,race:white,0.6003
FL-23,age:18-29,0.1745
FL-23,age:30-44,0.2217
FL-23,age:45-64,0.3189
FL-23,age:65+,0.2849
FL-23,education:college,0.4622
FL-23,education:noncollege,0.5378
FL-23,race:asian,0.0327
FL-23,race:black,0.1447
FL-23,race:hispanic,0.2072
FL-23,race:other,0.0537
FL-23,race:white,0.5617
FL-24,age:18-29,0.188
FL-24,age:30-44,0.281
FL-24,age:45-64,0.3199
FL-24,age:65+,0.2111
FL-24,education:college,0.3314
FL-24,education:noncollege,0.6686
FL-24,race:asian,0.0178
FL-24,race:black,0.431
FL-24,race:hispanic,0.3546
FL-24,race:other,0.0211
FL-24,race:white,0.1755
FL-25,age:18-29,0.1643
FL-25,age:30-44,0.278
FL-25,age:45-64,0.3378
FL-25,age:65+,0.2199
FL-25,education:college,0.4339
FL-25,education:noncollege,0.5661
FL-25,race:asian,0.0483
FL-25,race:black,0.1551
FL-25,race:hispanic,0.4202
FL-25,race:other,0.0378
FL-25,race:white,0.3386
FL-26,age:18-29,0.1663
FL-26,age:30-44,0.2541
FL-26,age:45-64,0.3296
FL-26,age:65+,0.25
FL-26,education:college,0.3281
FL-26,education:noncollege,0.6719
FL-26,race:asian,0.0119
FL-26,race:black,0.0539
FL-26,race:hispanic,0.6525
FL-26,race:other,0.0168
FL-26,race:white,0.2649
FL-27,age:18-29,0.1863
FL-27,age:30-44,0.2488
FL-27,age:45-64,0.3341
FL-27,age:65+,0.2308
FL-27,education:college,0.4699
FL-27,education:noncollege,0.5301
FL-27,race:asian,0.0216
FL-27,race:black,0.0482
FL-27,race:hispanic,0.7078
FL-27,race:other,0.0256
FL-27,race:white,0.1967
FL-28,age:18-29,0.1838
FL-28,age:30-44,0.2533
FL-28,age:45-64,0.3505
FL-28,age:65+,0.2124
FL-28,education:college,0.3384
FL-28,education:noncollege,0.6616
FL-28,race:asian,0.0177
FL-28,race:black,0.0865
FL-28,race:hispanic,0.7207
FL-28,race:other,0.0088
FL-28,race:white,0.1662
GA,age:18-29,0.2083
GA,age:30-44,0.2677
GA,age:45-64,0.3199
GA,age:65+,0.2041
GA,education:college,0.3631
GA,education:noncollege,0.6369
GA,race:asian,0.0364
GA,race:black,0.3174
GA,race:hispanic,0.0671
GA,race:other,0.0409
GA,race:white,0.5382
GA-01,age:18-29,0.2143
GA-01,age:30-44,0.2696
GA-01,age:45-64,0.2978
GA-01,age:65+,0.2184
GA-01,education:college,0.3112
GA-01,education:noncollege,0.6888
GA-01,race:asian,0.0161
GA-01,race:black,0.2695
GA-01,race:hispanic,0.0579
GA-01,race:other,0.0539
GA-01,race:white,0.6026
GA-02,age:18-29,0.2056
GA-02,age:30-44,0.2616
GA-02,age:45-64,0.2999
GA-02,age:65+,0.2329
GA-02,education:college,0.2144
GA-02,education:noncollege,0.7856
GA-02,race:asian,0.0139
GA-02,race:black,0.4936
GA-02,race:hispanic,0.0393
GA-02,race:other,0.0338
GA-02,race:white,0.4194
GA-03,age:18-29,0.1892
GA-03,age:30-44,0.2518
GA-03,age:45-64,0.3333
GA-03,age:65+,0.2257
GA-03,education:college,0.3156
GA-03,education:noncollege,0.6844
GA-03,race:asian,0.0191
GA-03,race:black,0.2351
GA-03,race:hispanic,0.0488
GA-03,race:other,0.0393
GA-03,race:white,0.6577
GA-04,age:18-29,0.206
GA-04,age:30-44,0.2965
GA-04,age:45-64,0.3106
GA-04,age:65+,0.1869
GA-04,education:college,0.3913
GA-04,education:noncollege,0.6087
GA-04,race:asian,0.0927
GA-04,race:black,0.5437
GA-04,race:hispanic,0.0743
GA-04,race:other,0.0345
GA-04,race:white,0.2548
GA-05,age:18-29,0.261
GA-05,age:30-44,0.3153
GA-05,age:45-64,0.2775
GA-05,age:65+,0.1462
GA-05,education:college,0.5147
GA-05,education:noncollege,0.4853
GA-05,race:asian,0.0491
GA-05,race:black,0.496
GA-05,race:hispanic,0.0682
GA-05,race:other,0.0426
GA-05,race:white,0.3441
GA-06,age:18-29,0.2164
GA-06,age:30-44,0.2957
GA-06,age:45-64,0.315
GA-06,age:65+,0.1729
GA-06,education:college,0.4967
GA-06,education:noncollege,0.5033
GA-06,race:asian,0.0244
GA-06,race:black,0.5349
GA-06,race:hispanic,0.0788
GA-06,race:other,0.0427
GA-06,race:white,0.3191
GA-07,age:18-29,0.1654
GA-07,age:30-44,0.2757
GA-07,age:45-64,0.3614
GA-07,age:65+,0.1974
GA-07,education:college,0.6045
GA-07,education:noncollege,0.3955
GA-07,race:asian,0.0965
GA-07,race:black,0.0913
GA-07,race:hispanic,0.069
GA-07,race:other,0.0398
GA-07,race:white,0.7034
GA-08,age:18-29,0.219
GA-08,age:30-44,0.2494
GA-08,age:45-64,0.3088
GA-08,age:65+,0.2228
GA-08,education:college,0.2445
GA-08,education:noncollege,0.7555
GA-08,race:asian,0.0113
GA-08,race:black,0.301
GA-08,race:hispanic,0.0505
GA-08,race:other,0.032
GA-08,race:white,0.6052
GA-09,age:18-29,0.1968
GA-09,age:30-44,0.2383
GA-09,age:45-64,0.3395
GA-09,age:65+,0.2254
GA-09,education:college,0.3489
GA-09,education:noncollege,0.6511
GA-09,race:asian,0.0622
GA-09,race:black,0.1288
GA-09,race:hispanic,0.1017
GA-09,race:other,0.0403
GA-09,race:white,0.6669
GA-10,age:18-29,0.222
GA-10,age:30-44,0.2538
GA-10,age:45-64,0.3163
GA-10,age:65+,0.2079
GA-10,education:college,0.3084
GA-10,education:noncollege,0.6916
GA-10,race:asian,0.0187
GA-10,race:black,0.2445
GA-10,race:hispanic,0.0643
GA-10,race:other,0.041
GA-10,race:white,0.6315
GA-11,age:18-29,0.2008
GA-11,age:30-44,0.2528
GA-11,age:45-64,0.3396
GA-11,age:65+,0.2067
GA-11,education:college,0.4325
GA-11,education:noncollege,0.5675
GA-11,race:asian,0.0343
GA-11,race:black,0.1214
GA-11,race:hispanic,0.0862
GA-11,race:other,0.038
GA-11,race:white,0.7201
GA-12,age:18-29,0.215
GA-12,age:30-44,0.2643
GA-12,age:45-64,0.2976
GA-12,age:65+,0.2231
GA-12,education:college,0.2489
GA-12,education:noncollege,0.7511
GA-12,race:asian,0.0175
GA-12,race:black,0.3537
GA-12,race:hispanic,0.0461
GA-12,race:other,0.0434
GA-12,race:white,0.5393
GA-13,age:18-29,0.2113
GA-13,age:30-44,0.2708
GA-13,age:45-64,0.3385
GA-13,age:65+,0.1794
GA-13,education:college,0.3429
GA-13,education:noncollege,0.6571
GA-13,race:asian,0.0523
GA-13,race:black,0.5636
GA-13,race:hispanic,0.0848
GA-13,race:other,0.0437
GA-13,race:white,0.2557
GA-14,age:18-29,0.1937
GA-14,age:30-44,0.2538
GA-14,age:45-64,0.3396
GA-14,age:65+,0.2128
GA-14,education:college,0.2878
GA-14,education:noncollege,0.7122
GA-14,race:asian,0.0186
GA-14,race:black,0.126
GA-14,race:hispanic,0.0721
GA-14,race:other,0.0456
GA-14,race:white,0.7378
HI,age:18-29,0.1784
HI,age:30-44,0.2541
HI,age:45-64,0.2974
HI,age:65+,0.2701
HI,education:college,0.3776
HI,education:noncollege,0.6224
HI,race:asian,0.3804
HI,race:black,0.0197
HI,race:hispanic,0.0839
HI,race:other,0.277
HI,race:white,0.2391
HI-01,age:18-29,0.1823
HI-01,age:30-44,0.2509
HI-01,age:45-64,0.3034
HI-01,age:65+,0.2634
HI-01,education:college,0.4199
HI-01,education:noncollege,0.5801
HI-01,race:asian,0.5081
HI-01,race:black,0.0
HI-01,race:hispanic,0.0709
HI-01,race:other,0.2506
HI-01,race:white,0.1705
HI-02,age:18-29,0.1743
HI-02,age:30-44,0.2575
HI-02,age:45-64,0.2913
HI-02,age:65+,0.2769
HI-02,education:college,0.334
HI-02,education:noncollege,0.666
HI-02,race:asian,0.2541
HI-02,race:black,0.0141
HI-02,race:hispanic,0.0968
HI-02,race:other,0.3281
HI-02,race:white,0.307
IA,age:18-29,0.2095
IA,age:30-44,0.2456
IA,age:45-64,0.3012
IA,age:65+,0.2437
IA,education:college,0.3205
IA,education:noncollege,0.6795
IA,race:asian,0.017
IA,race:black,0.0316
IA,race:hispanic,0.0483
IA,race:other,0.0332
IA,race:white,0.8699
IA-01,age:18-29,0.2092
IA-01,age:30-44,0.2424
IA-01,age:45-64,0.3057
IA-01,age:65+,0.2426
IA-01,education:college,0.3284
IA-01,education:noncollege,0.6716
IA-01,race:asian,0.0153
IA-01,race:black,0.037
IA-01,race:hispanic,0.0468
IA-01,race:other,0.0345
IA-01,race:white,0.8664
IA-02,age:18-29,0.1979
IA-02,age:30-44,0.238
IA-02,age:45-64,0.3019
IA-02,age:65+,0.2621
IA-02,education:college,0.2959
IA-02,education:noncollege,0.7041
IA-02,race:asian,0.0113
IA-02,race:black,0.0322
IA-02,race:hispanic,0.0254
IA-02,race:other,0.0322
IA-02,race:white,0.899
IA-03,age:18-29,0.2037
IA-03,age:30-44,0.2787
IA-03,age:45-64,0.3034
IA-03,age:65+,0.2142
IA-03,education:college,0.3821
IA-03,education:noncollege,0.6179
IA-03,race:asian,0.0287
IA-03,race:black,0.0396
IA-03,race:hispanic,0.061
IA-03,race:other,0.0295
IA-03,race:white,0.8412
IA-04,age:18-29,0.2274
IA-04,age:30-44,0.2227
IA-04,age:45-64,0.2935
IA-04,age:65+,0.2565
IA-04,education:college,0.2718
IA-04,education:noncollege,0.7282
IA-04,race:asian,0.0129
IA-04,race:black,0.017
IA-04,race:hispanic,0.0605
IA-04,race:other,0.0368
IA-04,race:white,0.8729
ID,age:18-29,0.2133
ID,age:30-44,0.2597
ID,age:45-64,0.2954
ID,age:65+,0.2317
ID,education:college,0.3303
ID,education:noncollege,0.6697
ID,race:asian,0.0119
ID,race:black,0.0057
ID,race:hispanic,0.0985
ID,race:other,0.0527
ID,race:white,0.8312
ID-01,age:18-29,0.1876
ID-01,age:30-44,0.2591
ID-01,age:45-64,0.3051
ID-01,age:65+,0.2483
ID-01,education:college,0.3003
ID-01,education:noncollege,0.6997
ID-01,race:asian,0.0121
ID-01,race:black,0.005
ID-01,race:hispanic,0.0918
ID-01,race:other,0.0582
ID-01,race:white,0.8329
ID-02,age:18-29,0.2407
ID-02,age:30-44,0.2603
ID-02,age:45-64,0.285
ID-02,age:65+,0.2141
ID-02,education:college,0.3641
ID-02,education:noncollege,0.6359
ID-02,race:asian,0.0118
ID-02,race:black,0.0064
ID-02,race:hispanic,0.1058
ID-02,race:other,0.0467
ID-02,race:white,0.8293
IL,age:18-29,0.2011
IL,age:30-44,0.2591
IL,age:45-64,0.3127
IL,age:65+,0.2271
IL,education:college,0.3923
IL,education:noncollege,0.6077
IL,race:asian,0.0522
IL,race:black,0.1388
IL,race:hispanic,0.1393
IL,race:other,0.0328
IL,race:white,0.6369
IL-01,age:18-29,0.1965
IL-01,age:30-44,0.2518
IL-01,age:45-64,0.3086
IL-01,age:65+,0.2431
IL-01,education:college,0.3292
IL-01,education:noncollege,0.6708
IL-01,race:asian,0.02
IL-01,race:black,0.4814
IL-01,race:hispanic,0.0803
IL-01,race:other,0.0337
IL-01,race:white,0.3847
IL-02,age:18-29,0.1819
IL-02,age:30-44,0.2445
IL-02,age:45-64,0.3324
IL-02,age:65+,0.2412
IL-02,education:college,0.2577
IL-02,education:noncollege,0.7423
IL-02,race:asian,0.0093
IL-02,race:black,0.4848
IL-02,race:hispanic,0.1051
IL-02,race:other,0.0269
IL-02,race:white,0.3739
IL-03,age:18-29,0.2059
IL-03,age:30-44,0.3065
IL-03,age:45-64,0.295
IL-03,age:65+,0.1926
IL-03,education:college,0.3993
IL-03,education:noncollege,0.6007
IL-03,race:asian,0.0725
IL-03,race:black,0.0798
IL-03,race:hispanic,0.3334
IL-03,race:other,0.0277
IL-03,race:white,0.4866
IL-04,age:18-29,0.2175
IL-04,age:30-44,0.2626
IL-04,age:45-64,0.3311
IL-04,age:65+,0.1888
IL-04,education:college,0.2646
IL-04,education:noncollege,0.7354
IL-04,race:asian,0.0515
IL-04,race:black,0.0
IL-04,race:hispanic,0.5639
IL-04,race:other,0.0838
IL-04,race:white,0.3007
IL-05,age:18-29,0.2245
IL-05,age:30-44,0.2986
IL-05,age:45-64,0.2834
IL-05,age:65+,0.1935
IL-05,education:college,0.6664
IL-05,education:noncollege,0.3336
IL-05,race:asian,0.0843
IL-05,race:black,0.0297
IL-05,race:hispanic,0.1142
IL-05,race:other,0.0373
IL-05,race:white,0.7346
IL-06,age:18-29,0.1619
IL-06,age:30-44,0.2507
IL-06,age:45-64,0.3271
IL-06,age:65+,0.2603
IL-06,education:college,0.4506
IL-06,education:noncollege,0.5494
IL-06,race:asian,0.062
IL-06,race:black,0.0
IL-06,race:hispanic,0.1274
IL-06,race:other,0.0798
IL-06,race:white,0.7309
IL-07,age:18-29,0.2673
IL-07,age:30-44,0.317
IL-07,age:45-64,0.2593
IL-07,age:65+,0.1563
IL-07,education:college,0.5136
IL-07,education:noncollege,0.4864
IL-07,race:asian,0.0822
IL-07,race:black,0.4069
IL-07,race:hispanic,0.1337
IL-07,race:other,0.032
IL-07,race:white,0.3453
IL-08,age:18-29,0.1754
IL-08,age:30-44,0.2754
IL-08,age:45-64,0.3309
IL-08,age:65+,0.2184
IL-08,education:college,0.399
IL-08,education:noncollege,0.601
IL-08,race:asian,0.1273
IL-08,race:black,0.0453
IL-08,race:hispanic,0.1958
IL-08,race:other,0.0319
IL-08,race:white,0.5998
IL-09,age:18-29,0.1946
IL-09,age:30-44,0.2513
IL-09,age:45-64,0.3142
IL-09,age:65+,0.24
IL-09,education:college,0.5743
IL-09,education:noncollege,0.4257
IL-09,race:asian,0.1306
IL-09,race:black,0.0862
IL-09,race:hispanic,0.1082
IL-09,race:other,0.0361
IL-09,race:white,0.6389
IL-10,age:18-29,0.1974
IL-10,age:30-44,0.234
IL-10,age:45-64,0.3321
IL-10,age:65+,0.2365
IL-10,education:college,0.4765
IL-10,education:noncollege,0.5235
IL-10,race:asian,0.0696
IL-10,race:black,0.0706
IL-10,race:hispanic,0.1819
IL-10,race:other,0.0307
IL-10,race:white,0.6472
IL-11,age:18-29,0.1975
IL-11,age:30-44,0.2547
IL-11,age:45-64,0.3284
IL-11,age:65+,0.2194
IL-11,education:college,0.4659
IL-11,education:noncollege,0.5341
IL-11,race:asian,0.0686
IL-11,race:black,0.0621
IL-11,race:hispanic,0.1451
IL-11,race:other,0.029
IL-11,race:white,0.6952
IL-12,age:18-29,0.1696
IL-12,age:30-44,0.2436
IL-12,age:45-64,0.3223
IL-12,age:65+,0.2645
IL-12,education:college,0.2442
IL-12,education:noncollege,0.7558
IL-12,race:asian,0.007
IL-12,race:black,0.0
IL-12,race:hispanic,0.0197
IL-12,race:other,0.0884
IL-12,race:white,0.8849
IL-13,age:18-29,0.2501
IL-13,age:30-44,0.2464
IL-13,age:45-64,0.2844
IL-13,age:65+,0.219
IL-13,education:college,0.3445
IL-13,education:noncollege,0.6555
IL-13,race:asian,0.0276
IL-13,race:black,0.1834
IL-13,race:hispanic,0.0397
IL-13,race:other,0.0405
IL-13,race:white,0.7087
IL-14,age:18-29,0.2103
IL-14,age:30-44,0.2597
IL-14,age:45-64,0.3397
IL-14,age:65+,0.1904
IL-14,education:college,0.3704
IL-14,education:noncollege,0.6296
IL-14,race:asian,0.0528
IL-14,race:black,0.0899
IL-14,race:hispanic,0.193
IL-14,race:other,0.0369
IL-14,race:white,0.6274
IL-15,age:18-29,0.1697
IL-15,age:30-44,0.2264
IL-15,age:45-64,0.3161
IL-15,age:65+,0.2878
IL-15,education:college,0.276
IL-15,education:noncollege,0.724
IL-15,race:asian,0.0073
IL-15,race:black,0.0
IL-15,race:hispanic,0.0249
IL-15,race:other,0.0624
IL-15,race:white,0.9054
IL-16,age:18-29,0.1612
IL-16,age:30-44,0.2392
IL-16,age:45-64,0.3228
IL-16,age:65+,0.2768
IL-16,education:college,0.3203
IL-16,education:noncollege,0.6797
IL-16,race:asian,0.0154
IL-16,race:black,0.0
IL-16,race:hispanic,0.0546
IL-16,race:other,0.0583
IL-16,race:white,0.8718
IL-17,age:18-29,0.2315
IL-17,age:30-44,0.2373
IL-17,age:45-64,0.2947
IL-17,age:65+,0.2364
IL-17,education:college,0.2658
IL-17,education:noncollege,0.7342
IL-17,race:asian,0.0178
IL-17,race:black,0.1156
IL-17,race:hispanic,0.0866
IL-17,race:other,0.0412
IL-17,race:white,0.7387
IN,age:18-29,0.2086
IN,age:30-44,0.2551
IN,age:45-64,0.3084
IN,age:65+,0.2279
IN,education:college,0.3066
IN,education:noncollege,0.6934
IN,race:asian,0.017
IN,race:black,0.0849
IN,race:hispanic,0.0546
IN,race:other,0.0403
IN,race:white,0.8032
IN-01,age:18-29,0.1804
IN-01,age:30-44,0.2522
IN-01,age:45-64,0.321
IN-01,age:65+,0.2464
IN-01,education:college,0.2911
IN-01,education:noncollege,0.7089
IN-01,race:asian,0.0112
IN-01,race:black,0.1739
IN-01,race:hispanic,0.1452
IN-01,race:other,0.0288
IN-01,race:white,0.641
IN-02,age:18-29,0.2125
IN-02,age:30-44,0.2452
IN-02,age:45-64,0.2979
IN-02,age:65+,0.2444
IN-02,education:college,0.2543
IN-02,education:noncollege,0.7457
IN-02,race:asian,0.0078
IN-02,race:black,0.0595
IN-02,race:hispanic,0.0774
IN-02,race:other,0.041
IN-02,race:white,0.8143
IN-03,age:18-29,0.2038
IN-03,age:30-44,0.2513
IN-03,age:45-64,0.3113
IN-03,age:65+,0.2336
IN-03,education:college,0.2687
IN-03,education:noncollege,0.7313
IN-03,race:asian,0.0194
IN-03,race:black,0.0522
IN-03,race:hispanic,0.0437
IN-03,race:other,0.0408
IN-03,race:white,0.8439
IN-04,age:18-29,0.2295
IN-04,age:30-44,0.2494
IN-04,age:45-64,0.3095
IN-04,age:65+,0.2116
IN-04,education:college,0.3192
IN-04,education:noncollege,0.6808
IN-04,race:asian,0.0224
IN-04,race:black,0.0461
IN-04,race:hispanic,0.0452
IN-04,race:other,0.0337
IN-04,race:white,0.8526
IN-05,age:18-29,0.2064
IN-05,age:30-44,0.2486
IN-05,age:45-64,0.3217
IN-05,age:65+,0.2234
IN-05,education:college,0.4128
IN-05,education:noncollege,0.5872
IN-05,race:asian,0.0252
IN-05,race:black,0.0532
IN-05,race:hispanic,0.0335
IN-05,race:other,0.0439
IN-05,race:white,0.8442
IN-06,age:18-29,0.1934
IN-06,age:30-44,0.2703
IN-06,age:45-64,0.3089
IN-06,age:65+,0.2273
IN-06,education:college,0.3051
IN-06,education:noncollege,0.6949
IN-06,race:asian,0.0319
IN-06,race:black,0.0467
IN-06,race:hispanic,0.0374
IN-06,race:other,0.0332
IN-06,race:white,0.8507
IN-07,age:18-29,0.235
IN-07,age:30-44,0.2967
IN-07,age:45-64,0.2885
IN-07,age:65+,0.1798
IN-07,education:college,0.369
IN-07,education:noncollege,0.631
IN-07,race:asian,0.0177
IN-07,race:black,0.3098
IN-07,race:hispanic,0.0672
IN-07,race:other,0.0563
IN-07,race:white,0.549
IN-08,age:18-29,0.1965
IN-08,age:30-44,0.2434
IN-08,age:45-64,0.3097
IN-08,age:65+,0.2503
IN-08,education:college,0.2484
IN-08,education:noncollege,0.7516
IN-08,race:asian,0.0067
IN-08,race:black,0.0296
IN-08,race:hispanic,0.0185
IN-08,race:other,0.0406
IN-08,race:white,0.9046
IN-09,age:18-29,0.2197
IN-09,age:30-44,0.2408
IN-09,age:45-64,0.3055
IN-09,age:65+,0.2341
IN-09,education:college,0.2874
IN-09,education:noncollege,0.7126
IN-09,race:asian,0.0103
IN-09,race:black,0.0225
IN-09,race:hispanic,0.0281
IN-09,race:other,0.0455
IN-09,race:white,0.8936
KS,age:18-29,0.2158
KS,age:30-44,0.2558
KS,age:45-64,0.2947
KS,age:65+,0.2337
KS,education:college,0.3605
KS,education:noncollege,0.6395
KS,race:asian,0.0225
KS,race:black,0.0525
KS,race:hispanic,0.0946
KS,race:other,0.0504
KS,race:white,0.7801
KS-01,age:18-29,0.2548
KS-01,age:30-44,0.2457
KS-01,age:45-64,0.2695
KS-01,age:65+,0.23
KS-01,education:college,0.3102
KS-01,education:noncollege,0.6898
KS-01,race:asian,0.0142
KS-01,race:black,0.0
KS-01,race:hispanic,0.1066
KS-01,race:other,0.08
KS-01,race:white,0.7991
KS-02,age:18-29,0.2052
KS-02,age:30-44,0.2502
KS-02,age:45-64,0.2967
KS-02,age:65+,0.2478
KS-02,education:college,0.2678
KS-02,education:noncollege,0.7322
KS-02,race:asian,0.0138
KS-02,race:black,0.0748
KS-02,race:hispanic,0.0956
KS-02,race:other,0.0626
KS-02,race:white,0.7531
KS-03,age:18-29,0.1931
KS-03,age:30-44,0.2704
KS-03,age:45-64,0.3162
KS-03,age:65+,0.2203
KS-03,education:college,0.5345
KS-03,education:noncollege,0.4655
KS-03,race:asian,0.032
KS-03,race:black,0.0459
KS-03,race:hispanic,0.0761
KS-03,race:other,0.0377
KS-03,race:white,0.8083
KS-04,age:18-29,0.2103
KS-04,age:30-44,0.2565
KS-04,age:45-64,0.296
KS-04,age:65+,0.2373
KS-04,education:college,0.3179
KS-04,education:noncollege,0.6821
KS-04,race:asian,0.0296
KS-04,race:black,0.0608
KS-04,race:hispanic,0.1004
KS-04,race:other,0.0499
KS-04,race:white,0.7593
KY,age:18-29,0.2006
KY,age:30-44,0.2516
KY,age:45-64,0.3163
KY,age:65+,0.2314
KY,education:college,0.2794
KY,education:noncollege,0.7206
KY,race:asian,0.0124
KY,race:black,0.067
KY,race:hispanic,0.0281
KY,race:other,0.0432
KY,race:white,0.8494
KY-01,age:18-29,0.1946
KY-01,age:30-44,0.2393
KY-01,age:45-64,0.3156
KY-01,age:65+,0.2505
KY-01,education:college,0.2134
KY-01,education:noncollege,0.7866
KY-01,race:asian,0.0044
KY-01,race:black,0.066
KY-01,race:hispanic,0.025
KY-01,race:other,0.0368
KY-01,race:white,0.8678
KY-02,age:18-29,0.2002
KY-02,age:30-44,0.2545
KY-02,age:45-64,0.3165
KY-02,age:65+,0.2288
KY-02,education:college,0.2399
KY-02,education:noncollege,0.7601
KY-02,race:asian,0.0196
KY-02,race:black,0.0452
KY-02,race:hispanic,0.0294
KY-02,race:other,0.0431
KY-02,race:white,0.8628
KY-03,age:18-29,0.2012
KY-03,age:30-44,0.2733
KY-03,age:45-64,0.2995
KY-03,age:65+,0.226
KY-03,education:college,0.3627
KY-03,education:noncollege,0.6373
KY-03,race:asian,0.0223
KY-03,race:black,0.1915
KY-03,race:hispanic,0.0448
KY-03,race:other,0.0603
KY-03,race:white,0.6811
KY-04,age:18-29,0.1863
KY-04,age:30-44,0.2535
KY-04,age:45-64,0.3324
KY-04,age:65+,0.2277
KY-04,education:college,0.3173
KY-04,education:noncollege,0.6827
KY-04,race:asian,0.0118
KY-04,race:black,0.0208
KY-04,race:hispanic,0.0248
KY-04,race:other,0.0446
KY-04,race:white,0.8981
KY-05,age:18-29,0.1774
KY-05,age:30-44,0.2404
KY-05,age:45-64,0.3335
KY-05,age:65+,0.2487
KY-05,education:college,0.1603
KY-05,education:noncollege,0.8397
KY-05,race:asian,0.0024
KY-05,race:black,0.0
KY-05,race:hispanic,0.0128
KY-05,race:other,0.0478
KY-05,race:white,0.937
KY-06,age:18-29,0.2421
KY-06,age:30-44,0.2483
KY-06,age:45-64,0.3013
KY-06,age:65+,0.2083
KY-06,education:college,0.3815
KY-06,education:noncollege,0.6185
KY-06,race:asian,0.0141
KY-06,race:black,0.0701
KY-06,race:hispanic,0.0324
KY-06,race:other,0.043
KY-06,race:white,0.8403
LA,age:18-29,0.1974
LA,age:30-44,0.2632
LA,age:45-64,0.3075
LA,age:65+,0.2319
LA,education:college,0.2784
LA,education:noncollege,0.7216
LA,race:asian,0.0148
LA,race:black,0.3074
LA,race:hispanic,0.046
LA,race:other,0.038
LA,race:white,0.5938
LA-01,age:18-29,0.1758
LA-01,age:30-44,0.2634
LA-01,age:45-64,0.3155
LA-01,age:65+,0.2453
LA-01,education:college,0.3786
LA-01,education:noncollege,0.6214
LA-01,race:asian,0.0187
LA-01,race:black,0.1216
LA-01,race:hispanic,0.0769
LA-01,race:other,0.0397
LA-01,race:white,0.7431
LA-02,age:18-29,0.1772
LA-02,age:30-44,0.2852
LA-02,age:45-64,0.3108
LA-02,age:65+,0.2268
LA-02,education:college,0.2792
LA-02,education:noncollege,0.7208
LA-02,race:asian,0.0295
LA-02,race:black,0.5129
LA-02,race:hispanic,0.0616
LA-02,race:other,0.0379
LA-02,race:white,0.3582
LA-03,age:18-29,0.1856
LA-03,age:30-44,0.2729
LA-03,age:45-64,0.3107
LA-03,age:65+,0.2308
LA-03,education:college,0.25
LA-03,education:noncollege,0.75
LA-03,race:asian,0.0107
LA-03,race:black,0.0
LA-03,race:hispanic,0.0354
LA-03,race:other,0.2582
LA-03,race:white,0.6957
LA-04,age:18-29,0.1959
LA-04,age:30-44,0.2519
LA-04,age:45-64,0.3166
LA-04,age:65+,0.2356
LA-04,education:college,0.2491
LA-04,education:noncollege,0.7509
LA-04,race:asian,0.009
LA-04,race:black,0.2099
LA-04,race:hispanic,0.0387
LA-04,race:other,0.0396
LA-04,race:white,0.7027
LA-05,age:18-29,0.2234
LA-05,age:30-44,0.2462
LA-05,age:45-64,0.2952
LA-05,age:65+,0.2353
LA-05,education:college,0.2673
LA-05,education:noncollege,0.7327
LA-05,race:asian,0.0085
LA-05,race:black,0.0
LA-05,race:hispanic,0.0378
LA-05,race:other,0.306
LA-05,race:white,0.6477
LA-06,age:18-29,0.228
LA-06,age:30-44,0.2601
LA-06,age:45-64,0.2954
LA-06,age:65+,0.2165
LA-06,education:college,0.2377
LA-06,education:noncollege,0.7623
LA-06,race:asian,0.0131
LA-06,race:black,0.5305
LA-06,race:hispanic,0.0248
LA-06,race:other,0.0369
LA-06,race:white,0.3946
MA,age:18-29,0.2075
MA,age:30-44,0.2531
MA,age:45-64,0.3083
MA,age:65+,0.2311
MA,education:college,0.4827
MA,education:noncollege,0.5173
MA,race:asian,0.0588
MA,race:black,0.0604
MA,race:hispanic,0.0995
MA,race:other,0.045
MA,race:white,0.7363
MA-01,age:18-29,0.1896
MA-01,age:30-44,0.248
MA-01,age:45-64,0.3043
MA-01,age:65+,0.2581
MA-01,education:college,0.3272
MA-01,education:noncollege,0.6728
MA-01,race:asian,0.0167
MA-01,race:black,0.0519
MA-01,race:hispanic,0.1679
MA-01,race:other,0.0295
MA-01,race:white,0.7339
MA-02,age:18-29,0.2169
MA-02,age:30-44,0.2354
MA-02,age:45-64,0.3191
MA-02,age:65+,0.2286
MA-02,education:college,0.476
MA-02,education:noncollege,0.524
MA-02,race:asian,0.048
MA-02,race:black,0.0444
MA-02,race:hispanic,0.0877
MA-02,race:other,0.0404
MA-02,race:white,0.7795
MA-03,age:18-29,0.1858
MA-03,age:30-44,0.2595
MA-03,age:45-64,0.3319
MA-03,age:65+,0.2227
MA-03,education:college,0.3947
MA-03,education:noncollege,0.6053
MA-03,race:asian,0.0762
MA-03,race:black,0.0395
MA-03,race:hispanic,0.1838
MA-03,race:other,0.0375
MA-03,race:white,0.663
MA-04,age:18-29,0.1887
MA-04,age:30-44,0.2369
MA-04,age:45-64,0.3409
MA-04,age:65+,0.2335
MA-04,education:college,0.5053
MA-04,education:noncollege,0.4947
MA-04,race:asian,0.0553
MA-04,race:black,0.0398
MA-04,race:hispanic,0.0455
MA-04,race:other,0.0445
MA-04,race:white,0.8149
MA-05,age:18-29,0.2139
MA-05,age:30-44,0.2764
MA-05,age:45-64,0.3119
MA-05,age:65+,0.1977
MA-05,education:college,0.6252
MA-05,education:noncollege,0.3748
MA-05,race:asian,0.1162
MA-05,race:black,0.046
MA-05,race:hispanic,0.0721
MA-05,race:other,0.0512
MA-05,race:white,0.7145
MA-06,age:18-29,0.1762
MA-06,age:30-44,0.241
MA-06,age:45-64,0.3261
MA-06,age:65+,0.2567
MA-06,education:college,0.5127
MA-06,education:noncollege,0.4873
MA-06,race:asian,0.0395
MA-06,race:black,0.029
MA-06,race:hispanic,0.0753
MA-06,race:other,0.0356
MA-06,race:white,0.8206
MA-07,age:18-29,0.3397
MA-07,age:30-44,0.2833
MA-07,age:45-64,0.2224
MA-07,age:65+,0.1546
MA-07,education:college,0.5069
MA-07,education:noncollege,0.4931
MA-07,race:asian,0.0995
MA-07,race:black,0.2003
MA-07,race:hispanic,0.1696
MA-07,race:other,0.057
MA-07,race:white,0.4736
MA-08,age:18-29,0.1964
MA-08,age:30-44,0.2858
MA-08,age:45-64,0.298
MA-08,age:65+,0.2199
MA-08,education:college,0.5508
MA-08,education:noncollege,0.4492
MA-08,race:asian,0.0799
MA-08,race:black,0.0836
MA-08,race:hispanic,0.0578
MA-08,race:other,0.0585
MA-08,race:white,0.7201
MA-09,age:18-29,0.1547
MA-09,age:30-44,0.2118
MA-09,age:45-64,0.324
MA-09,age:65+,0.3095
MA-09,education:college,0.4431
MA-09,education:noncollege,0.5569
MA-09,race:asian,0.0117
MA-09,race:black,0.0194
MA-09,race:hispanic,0.0469
MA-09,race:other,0.0519
MA-09,race:white,0.8701
MD,age:18-29,0.1866
MD,age:30-44,0.2659
MD,age:45-64,0.3228
MD,age:65+,0.2247
MD,education:college,0.4469
MD,education:noncollege,0.5531
MD,race:asian,0.0587
MD,race:black,0.3024
MD,race:hispanic,0.0757
MD,race:other,0.0454
MD,race:white,0.5179
MD-01,age:18-29,0.1747
MD-01,age:30-44,0.2387
MD-01,age:45-64,0.3316
MD-01,age:65+,0.2551
MD-01,education:college,0.369
MD-01,education:noncollege,0.631
MD-01,race:asian,0.0273
MD-01,race:black,0.1276
MD-01,race:hispanic,0.047
MD-01,race:other,0.0548
MD-01,race:white,0.7433
MD-02,age:18-29,0.1884
MD-02,age:30-44,0.2534
MD-02,age:45-64,0.304
MD-02,age:65+,0.2542
MD-02,education:college,0.4769
MD-02,education:noncollege,0.5231
MD-02,race:asian,0.047
MD-02,race:black,0.2493
MD-02,race:hispanic,0.0398
MD-02,race:other,0.0344
MD-02,race:white,0.6294
MD-03,age:18-29,0.183
MD-03,age:30-44,0.2695
MD-03,age:45-64,0.3273
MD-03,age:65+,0.2202
MD-03,education:college,0.5368
MD-03,education:noncollege,0.4632
MD-03,race:asian,0.0907
MD-03,race:black,0.181
MD-03,race:hispanic,0.0636
MD-03,race:other,0.0492
MD-03,race:white,0.6155
MD-04,age:18-29,0.2177
MD-04,age:30-44,0.269
MD-04,age:45-64,0.3197
MD-04,age:65+,0.1936
MD-04,education:college,0.3524
MD-04,education:noncollege,0.6476
MD-04,race:asian,0.0431
MD-04,race:black,0.6539
MD-04,race:hispanic,0.1296
MD-04,race:other,0.0402
MD-04,race:white,0.1333
MD-05,age:18-29,0.1693
MD-05,age:30-44,0.2755
MD-05,age:45-64,0.3471
MD-05,age:65+,0.208
MD-05,education:college,0.4306
MD-05,education:noncollege,0.5694
MD-05,race:asian,0.0285
MD-05,race:black,0.4252
MD-05,race:hispanic,0.0562
MD-05,race:other,0.0444
MD-05,race:white,0.4456
MD-06,age:18-29,0.1825
MD-06,age:30-44,0.2666
MD-06,age:45-64,0.3333
MD-06,age:65+,0.2176
MD-06,education:college,0.4104
MD-06,education:noncollege,0.5896
MD-06,race:asian,0.0827
MD-06,race:black,0.1232
MD-06,race:hispanic,0.0933
MD-06,race:other,0.0448
MD-06,race:white,0.6561
MD-07,age:18-29,0.2114
MD-07,age:30-44,0.3008
MD-07,age:45-64,0.2873
MD-07,age:65+,0.2005
MD-07,education:college,0.3415
MD-07,education:noncollege,0.6585
MD-07,race:asian,0.0232
MD-07,race:black,0.5473
MD-07,race:hispanic,0.0524
MD-07,race:other,0.0451
MD-07,race:white,0.332
MD-08,age:18-29,0.1684
MD-08,age:30-44,0.2552
MD-08,age:45-64,0.33
MD-08,age:65+,0.2463
MD-08,education:college,0.6539
MD-08,education:noncollege,0.3461
MD-08,race:asian,0.1338
MD-08,race:black,0.1765
MD-08,race:hispanic,0.1415
MD-08,race:other,0.049
MD-08,race:white,0.4992
ME,age:18-29,0.1648
ME,age:30-44,0.2312
ME,age:45-64,0.3196
ME,age:65+,0.2843
ME,education:college,0.3711
ME,education:noncollege,0.6289
ME,race:asian,0.0094
ME,race:black,0.0104
ME,race:hispanic,0.0176
ME,race:other,0.0452
ME,race:white,0.9174
ME-01,age:18-29,0.1633
ME-01,age:30-44,0.2429
ME-01,age:45-64,0.3127
ME-01,age:65+,0.2811
ME-01,education:college,0.456
ME-01,education:noncollege,0.544
ME-01,race:asian,0.013
ME-01,race:black,0.0101
ME-01,race:hispanic,0.0175
ME-01,race:other,0.048
ME-01,race:white,0.9113
ME-02,age:18-29,0.1664
ME-02,age:30-44,0.2192
ME-02,age:45-64,0.3267
ME-02,age:65+,0.2876
ME-02,education:college,0.2839
ME-02,education:noncollege,0.7161
ME-02,race:asian,0.0057
ME-02,race:black,0.0107
ME-02,race:hispanic,0.0176
ME-02,race:other,0.0423
ME-02,race:white,0.9236
MI,age:18-29,0.1973
MI,age:30-44,0.2425
MI,age:45-64,0.3129
MI,age:65+,0.2473
MI,education:college,0.3333
MI,education:noncollege,0.6667
MI,race:asian,0.0254
MI,race:black,0.1289
MI,race:hispanic,0.0434
MI,race:other,0.0439
MI,race:white,0.7583
MI-01,age:18-29,0.1614
MI-01,age:30-44,0.2045
MI-01,age:45-64,0.3088
MI-01,age:65+,0.3253
MI-01,education:college,0.2915
MI-01,education:noncollege,0.7085
MI-01,race:asian,0.0033
MI-01,race:black,0.0
MI-01,race:hispanic,0.0202
MI-01,race:other,0.0775
MI-01,race:white,0.899
MI-02,age:18-29,0.1915
MI-02,age:30-44,0.2236
MI-02,age:45-64,0.3229
MI-02,age:65+,0.262
MI-02,education:college,0.2342
MI-02,education:noncollege,0.7658
MI-02,race:asian,0.0042
MI-02,race:black,0.0
MI-02,race:hispanic,0.0383
MI-02,race:other,0.0724
MI-02,race:white,0.8851
MI-03,age:18-29,0.2298
MI-03,age:30-44,0.278
MI-03,age:45-64,0.2837
MI-03,age:65+,0.2086
MI-03,education:college,0.3948
MI-03,education:noncollege,0.6052
MI-03,race:asian,0.0214
MI-03,race:black,0.1006
MI-03,race:hispanic,0.0741
MI-03,race:other,0.0409
MI-03,race:white,0.763
MI-04,age:18-29,0.2266
MI-04,age:30-44,0.2489
MI-04,age:45-64,0.2918
MI-04,age:65+,0.2327
MI-04,education:college,0.3474
MI-04,education:noncollege,0.6526
MI-04,race:asian,0.0181
MI-04,race:black,0.0752
MI-04,race:hispanic,0.0637
MI-04,race:other,0.0419
MI-04,race:white,0.8012
MI-05,age:18-29,0.177
MI-05,age:30-44,0.23
MI-05,age:45-64,0.3225
MI-05,age:65+,0.2704
MI-05,education:college,0.2418
MI-05,education:noncollege,0.7582
MI-05,race:asian,0.0062
MI-05,race:black,0.0422
MI-05,race:hispanic,0.0397
MI-05,race:other,0.0413
MI-05,race:white,0.8706
MI-06,age:18-29,0.227
MI-06,age:30-44,0.2399
MI-06,age:45-64,0.3077
MI-06,age:65+,0.2254
MI-06,education:college,0.5394
MI-06,education:noncollege,0.4606
MI-06,race:asian,0.0831
MI-06,race:black,0.1015
MI-06,race:hispanic,0.0406
MI-06,race:other,0.0425
MI-06,race:white,0.7323
MI-07,age:18-29,0.2278
MI-07,age:30-44,0.2317
MI-07,age:45-64,0.31
MI-07,age:65+,0.2305
MI-07,education:college,0.3813
MI-07,education:noncollege,0.6187
MI-07,race:asian,0.0249
MI-07,race:black,0.0531
MI-07,race:hispanic,0.0484
MI-07,race:other,0.041
MI-07,race:white,0.8326
MI-08,age:18-29,0.1839
MI-08,age:30-44,0.2335
MI-08,age:45-64,0.3213
MI-08,age:65+,0.2614
MI-08,education:college,0.2589
MI-08,education:noncollege,0.7411
MI-08,race:asian,0.0081
MI-08,race:black,0.0
MI-08,race:hispanic,0.0481
MI-08,race:other,0.1801
MI-08,race:white,0.7637
MI-09,age:18-29,0.1687
MI-09,age:30-44,0.2194
MI-09,age:45-64,0.3508
MI-09,age:65+,0.2612
MI-09,education:college,0.3007
MI-09,education:noncollege,0.6993
MI-09,race:asian,0.0146
MI-09,race:black,0.0
MI-09,race:hispanic,0.0371
MI-09,race:other,0.0552
MI-09,race:white,0.8931
MI-10,age:18-29,0.1845
MI-10,age:30-44,0.2524
MI-10,age:45-64,0.3214
MI-10,age:65+,0.2417
MI-10,education:college,0.3075
MI-10,education:noncollege,0.6925
MI-10,race:asian,0.0559
MI-10,race:black,0.0
MI-10,race:hispanic,0.025
MI-10,race:other,0.1836
MI-10,race:white,0.7354
MI-11,age:18-29,0.185
MI-11,age:30-44,0.2678
MI-11,age:45-64,0.3095
MI-11,age:65+,0.2377
MI-11,education:college,0.5206
MI-11,education:noncollege,0.4794
MI-11,race:asian,0.0654
MI-11,race:black,0.1302
MI-11,race:hispanic,0.0383
MI-11,race:other,0.04
MI-11,race:white,0.7261
MI-12,age:18-29,0.1913
MI-12,age:30-44,0.2554
MI-12,age:45-64,0.3125
MI-12,age:65+,0.2408
MI-12,education:college,0.2837
MI-12,education:noncollege,0.7163
MI-12,race:asian,0.01
MI-12,race:black,0.4587
MI-12,race:hispanic,0.0253
MI-12,race:other,0.0375
MI-12,race:white,0.4685
MI-13,age:18-29,0.2122
MI-13,age:30-44,0.2706
MI-13,age:45-64,0.3047
MI-13,age:65+,0.2124
MI-13,education:college,0.2282
MI-13,education:noncollege,0.7718
MI-13,race:asian,0.0199
MI-13,race:black,0.4413
MI-13,race:hispanic,0.0687
MI-13,race:other,0.0476
MI-13,race:white,0.4225
MN,age:18-29,0.1958
MN,age:30-44,0.263
MN,age:45-64,0.3065
MN,age:65+,0.2346
MN,education:college,0.4003
MN,education:noncollege,0.5997
MN,race:asian,0.0419
MN,race:black,0.0594
MN,race:hispanic,0.0413
MN,race:other,0.0461
MN,race:white,0.8114
MN-01,age:18-29,0.2144
MN-01,age:30-44,0.2392
MN-01,age:45-64,0.2945
MN-01,age:65+,0.252
MN-01,education:college,0.332
MN-01,education:noncollege,0.668
MN-01,race:asian,0.0242
MN-01,race:black,0.0278
MN-01,race:hispanic,0.0476
MN-01,race:other,0.0358
MN-01,race:white,0.8645
MN-02,age:18-29,0.193
MN-02,age:30-44,0.2723
MN-02,age:45-64,0.3276
MN-02,age:65+,0.207
MN-02,education:college,0.4378
MN-02,education:noncollege,0.5622
MN-02,race:asian,0.0525
MN-02,race:black,0.067
MN-02,race:hispanic,0.0475
MN-02,race:other,0.0361
MN-02,race:white,0.7969
MN-03,age:18-29,0.1567
MN-03,age:30-44,0.2696
MN-03,age:45-64,0.3293
MN-03,age:65+,0.2444
MN-03,education:college,0.5305
MN-03,education:noncollege,0.4695
MN-03,race:asian,0.071
MN-03,race:black,0.0876
MN-03,race:hispanic,0.0338
MN-03,race:other,0.0447
MN-03,race:white,0.7629
MN-04,age:18-29,0.2058
MN-04,age:30-44,0.2798
MN-04,age:45-64,0.2907
MN-04,age:65+,0.2237
MN-04,education:college,0.464
MN-04,education:noncollege,0.536
MN-04,race:asian,0.11
MN-04,race:black,0.0908
MN-04,race:hispanic,0.0492
MN-04,race:other,0.0431
MN-04,race:white,0.707
MN-05,age:18-29,0.2534
MN-05,age:30-44,0.3098
MN-05,age:45-64,0.259
MN-05,age:65+,0.1778
MN-05,education:college,0.5141
MN-05,education:noncollege,0.4859
MN-05,race:asian,0.0439
MN-05,race:black,0.1462
MN-05,race:hispanic,0.0689
MN-05,race:other,0.0631
MN-05,race:white,0.6778
MN-06,age:18-29,0.1915
MN-06,age:30-44,0.2743
MN-06,age:45-64,0.3312
MN-06,age:65+,0.203
MN-06,education:college,0.3745
MN-06,education:noncollege,0.6255
MN-06,race:asian,0.0264
MN-06,race:black,0.0413
MN-06,race:hispanic,0.0289
MN-06,race:other,0.0365
MN-06,race:white,0.867
MN-07,age:18-29,0.1793
MN-07,age:30-44,0.2315
MN-07,age:45-64,0.3039
MN-07,age:65+,0.2854
MN-07,education:college,0.26
MN-07,education:noncollege,0.74
MN-07,race:asian,0.0057
MN-07,race:black,0.0138
MN-07,race:hispanic,0.0421
MN-07,race:other,0.0381
MN-07,race:white,0.9002
MN-08,age:18-29,0.1725
MN-08,age:30-44,0.2287
MN-08,age:45-64,0.3155
MN-08,age:65+,0.2834
MN-08,education:college,0.2945
MN-08,education:noncollege,0.7055
MN-08,race:asian,0.009
MN-08,race:black,0.0103
MN-08,race:hispanic,0.015
MN-08,race:other,0.07
MN-08,race:white,0.8956
MO,age:18-29,0.1998
MO,age:30-44,0.2533
MO,age:45-64,0.3072
MO,age:65+,0.2397
MO,education:college,0.3347
MO,education:noncollege,0.6653
MO,race:asian,0.0165
MO,race:black,0.1018
MO,race:hispanic,0.0377
MO,race:other,0.0441
MO,race:white,0.7999
MO-01,age:18-29,0.2167
MO-01,age:30-44,0.2726
MO-01,age:45-64,0.2879
MO-01,age:65+,0.2228
MO-01,education:college,0.3999
MO-01,education:noncollege,0.6001
MO-01,race:asian,0.0276
MO-01,race:black,0.4263
MO-01,race:hispanic,0.0315
MO-01,race:other,0.0463
MO-01,race:white,0.4682
MO-02,age:18-29,0.1586
MO-02,age:30-44,0.2515
MO-02,age:45-64,0.326
MO-02,age:65+,0.2639
MO-02,education:college,0.5097
MO-02,education:noncollege,0.4903
MO-02,race:asian,0.0349
MO-02,race:black,0.0343
MO-02,race:hispanic,0.025
MO-02,race:other,0.0331
MO-02,race:white,0.8728
MO-03,age:18-29,0.2118
MO-03,age:30-44,0.241
MO-03,age:45-64,0.309
MO-03,age:65+,0.2382
MO-03,education:college,0.3644
MO-03,education:noncollege,0.6356
MO-03,race:asian,0.0176
MO-03,race:black,0.047
MO-03,race:hispanic,0.0272
MO-03,race:other,0.0389
MO-03,race:white,0.8692
MO-04,age:18-29,0.2032
MO-04,age:30-44,0.2457
MO-04,age:45-64,0.3096
MO-04,age:65+,0.2415
MO-04,education:college,0.2502
MO-04,education:noncollege,0.7498
MO-04,race:asian,0.0101
MO-04,race:black,0.0
MO-04,race:hispanic,0.0436
MO-04,race:other,0.0821
MO-04,race:white,0.8642
MO-05,age:18-29,0.2135
MO-05,age:30-44,0.287
MO-05,age:45-64,0.2846
MO-05,age:65+,0.2148
MO-05,education:college,0.3583
MO-05,education:noncollege,0.6417
MO-05,race:asian,0.0177
MO-05,race:black,0.2092
MO-05,race:hispanic,0.0774
MO-05,race:other,0.0467
MO-05,race:white,0.649
MO-06,age:18-29,0.1869
MO-06,age:30-44,0.243
MO-06,age:45-64,0.3273
MO-06,age:65+,0.2429
MO-06,education:college,0.2829
MO-06,education:noncollege,0.7171
MO-06,race:asian,0.0094
MO-06,race:black,0.0359
MO-06,race:hispanic,0.0293
MO-06,race:other,0.0383
MO-06,race:white,0.8872
MO-07,age:18-29,0.2163
MO-07,age:30-44,0.245
MO-07,age:45-64,0.2967
MO-07,age:65+,0.242
MO-07,education:college,0.2927
MO-07,education:noncollege,0.7073
MO-07,race:asian,0.0109
MO-07,race:black,0.0
MO-07,race:hispanic,0.0477
MO-07,race:other,0.0694
MO-07,race:white,0.8721
MO-08,age:18-29,0.1907
MO-08,age:30-44,0.2423
MO-08,age:45-64,0.3162
MO-08,age:65+,0.2508
MO-08,education:college,0.2161
MO-08,education:noncollege,0.7839
MO-08,race:asian,0.0048
MO-08,race:black,0.0
MO-08,race:hispanic,0.0211
MO-08,race:other,0.0829
MO-08,race:white,0.8912
MS,age:18-29,0.2048
MS,age:30-44,0.2444
MS,age:45-64,0.3168
MS,age:65+,0.234
MS,education:college,0.2702
MS,education:noncollege,0.7298
MS,race:asian,0.0094
MS,race:black,0.3573
MS,race:hispanic,0.0228
MS,race:other,0.0322
MS,race:white,0.5784
MS-01,age:18-29,0.2168
MS-01,age:30-44,0.2474
MS-01,age:45-64,0.3144
MS-01,age:65+,0.2214
MS-01,education:college,0.2704
MS-01,education:noncollege,0.7296
MS-01,race:asian,0.0076
MS-01,race:black,0.0
MS-01,race:hispanic,0.0274
MS-01,race:other,0.3084
MS-01,race:white,0.6566
MS-02,age:18-29,0.197
MS-02,age:30-44,0.2338
MS-02,age:45-64,0.324
MS-02,age:65+,0.2453
MS-02,education:college,0.2233
MS-02,education:noncollege,0.7767
MS-02,race:asian,0.004
MS-02,race:black,0.0
MS-02,race:hispanic,0.0108
MS-02,race:other,0.9853
MS-02,race:white,0.0
MS-03,age:18-29,0.2099
MS-03,age:30-44,0.2431
MS-03,age:45-64,0.311
MS-03,age:65+,0.2359
MS-03,education:college,0.3067
MS-03,education:noncollege,0.6933
MS-03,race:asian,0.0118
MS-03,race:black,0.0
MS-03,race:hispanic,0.0187
MS-03,race:other,0.3598
MS-03,race:white,0.6096
MS-04,age:18-29,0.1951
MS-04,age:30-44,0.2525
MS-04,age:45-64,0.3181
MS-04,age:65+,0.2342
MS-04,education:college,0.2776
MS-04,education:noncollege,0.7224
MS-04,race:asian,0.0137
MS-04,race:black,0.2156
MS-04,race:hispanic,0.0334
MS-04,race:other,0.0368
MS-04,race:white,0.7005
MT,age:18-29,0.1906
MT,age:30-44,0.2473
MT,age:45-64,0.296
MT,age:65+,0.2661
MT,education:college,0.3634
MT,education:noncollege,0.6366
MT,race:asian,0.0073
MT,race:black,0.0
MT,race:hispanic,0.0405
MT,race:other,0.0953
MT,race:white,0.8569
MT-01,age:18-29,0.2074
MT-01,age:30-44,0.2433
MT-01,age:45-64,0.2877
MT-01,age:65+,0.2615
MT-01,education:college,0.4096
MT-01,education:noncollege,0.5904
MT-01,race:asian,0.0091
MT-01,race:black,0.0
MT-01,race:hispanic,0.0398
MT-01,race:other,0.0827
MT-01,race:white,0.8685
MT-02,age:18-29,0.1724
MT-02,age:30-44,0.2515
MT-02,age:45-64,0.305
MT-02,age:65+,0.2711
MT-02,education:college,0.3152
MT-02,education:noncollege,0.6848
MT-02,race:asian,0.0055
MT-02,race:black,0.0
MT-02,race:hispanic,0.0414
MT-02,race:other,0.1087
MT-02,race:white,0.8444
NC,age:18-29,0.2033
NC,age:30-44,0.2552
NC,age:45-64,0.3138
NC,age:65+,0.2278
NC,education:college,0.3714
NC,education:noncollege,0.6286
NC,race:asian,0.0255
NC,race:black,0.2059
NC,race:hispanic,0.0659
NC,race:other,0.046
NC,race:white,0.6568
NC-01,age:18-29,0.1776
NC-01,age:30-44,0.2404
NC-01,age:45-64,0.3127
NC-01,age:65+,0.2692
NC-01,education:college,0.2154
NC-01,education:noncollege,0.7846
NC-01,race:asian,0.0067
NC-01,race:black,0.3949
NC-01,race:hispanic,0.0408
NC-01,race:other,0.0463
NC-01,race:white,0.5112
NC-02,age:18-29,0.2369
NC-02,age:30-44,0.2888
NC-02,age:45-64,0.2989
NC-02,age:65+,0.1754
NC-02,education:college,0.5562
NC-02,education:noncollege,0.4438
NC-02,race:asian,0.0492
NC-02,race:black,0.238
NC-02,race:hispanic,0.0776
NC-02,race:other,0.0376
NC-02,race:white,0.5975
NC-03,age:18-29,0.2578
NC-03,age:30-44,0.2284
NC-03,age:45-64,0.2773
NC-03,age:65+,0.2365
NC-03,education:college,0.292
NC-03,education:noncollege,0.708
NC-03,race:asian,0.0156
NC-03,race:black,0.1993
NC-03,race:hispanic,0.0747
NC-03,race:other,0.0412
NC-03,race:white,0.6692
NC-04,age:18-29,0.2148
NC-04,age:30-44,0.2861
NC-04,age:45-64,0.3104
NC-04,age:65+,0.1887
NC-04,education:college,0.6294
NC-04,education:noncollege,0.3706
NC-04,race:asian,0.0796
NC-04,race:black,0.2039
NC-04,race:hispanic,0.0729
NC-04,race:other,0.0467
NC-04,race:white,0.597
NC-05,age:18-29,0.2105
NC-05,age:30-44,0.2166
NC-05,age:45-64,0.3239
NC-05,age:65+,0.249
NC-05,education:college,0.2825
NC-05,education:noncollege,0.7175
NC-05,race:asian,0.0156
NC-05,race:black,0.1684
NC-05,race:hispanic,0.0482
NC-05,race:other,0.0344
NC-05,race:white,0.7334
NC-06,age:18-29,0.2047
NC-06,age:30-44,0.25
NC-06,age:45-64,0.3219
NC-06,age:65+,0.2234
NC-06,education:college,0.3192
NC-06,education:noncollege,0.6808
NC-06,race:asian,0.0317
NC-06,race:black,0.199
NC-06,race:hispanic,0.0622
NC-06,race:other,0.0437
NC-06,race:white,0.6633
NC-07,age:18-29,0.1886
NC-07,age:30-44,0.2279
NC-07,age:45-64,0.3087
NC-07,age:65+,0.2748
NC-07,education:college,0.348
NC-07,education:noncollege,0.652
NC-07,race:asian,0.012
NC-07,race:black,0.1767
NC-07,race:hispanic,0.0505
NC-07,race:other,0.0544
NC-07,race:white,0.7064
NC-08,age:18-29,0.1748
NC-08,age:30-44,0.2535
NC-08,age:45-64,0.3492
NC-08,age:65+,0.2225
NC-08,education:college,0.3669
NC-08,education:noncollege,0.6331
NC-08,race:asian,0.0274
NC-08,race:black,0.186
NC-08,race:hispanic,0.0628
NC-08,race:other,0.0835
NC-08,race:white,0.6402
NC-09,age:18-29,0.2139
NC-09,age:30-44,0.2536
NC-09,age:45-64,0.3024
NC-09,age:65+,0.2301
NC-09,education:college,0.286
NC-09,education:noncollege,0.714
NC-09,race:asian,0.0143
NC-09,race:black,0.2167
NC-09,race:hispanic,0.0811
NC-09,race:other,0.0505
NC-09,race:white,0.6374
NC-10,age:18-29,0.1931
NC-10,age:30-44,0.2354
NC-10,age:45-64,0.3366
NC-10,age:65+,0.2349
NC-10,education:college,0.3582
NC-10,education:noncollege,0.6418
NC-10,race:asian,0.0218
NC-10,race:black,0.1527
NC-10,race:hispanic,0.0747
NC-10,race:other,0.0338
NC-10,race:white,0.7169
NC-11,age:18-29,0.1573
NC-11,age:30-44,0.2347
NC-11,age:45-64,0.3025
NC-11,age:65+,0.3055
NC-11,education:college,0.3689
NC-11,education:noncollege,0.6311
NC-11,race:asian,0.0
NC-11,race:black,0.0
NC-11,race:hispanic,0.0438
NC-11,race:other,0.0828
NC-11,race:white,0.8734
NC-12,age:18-29,0.2672
NC-12,age:30-44,0.3182
NC-12,age:45-64,0.2696
NC-12,age:65+,0.145
NC-12,education:college,0.4594
NC-12,education:noncollege,0.5406
NC-12,race:asian,0.0387
NC-12,race:black,0.4071
NC-12,race:hispanic,0.0831
NC-12,race:other,0.0392
NC-12,race:white,0.4319
NC-13,age:18-29,0.1773
NC-13,age:30-44,0.2739
NC-13,age:45-64,0.3363
NC-13,age:65+,0.2125
NC-13,education:college,0.3311
NC-13,education:noncollege,0.6689
NC-13,race:asian,0.0117
NC-13,race:black,0.1962
NC-13,race:hispanic,0.0945
NC-13,race:other,0.0396
NC-13,race:white,0.658
NC-14,age:18-29,0.1721
NC-14,age:30-44,0.2626
NC-14,age:45-64,0.3433
NC-14,age:65+,0.222
NC-14,education:college,0.3735
NC-14,education:noncollege,0.6265
NC-14,race:asian,0.0296
NC-14,race:black,0.1451
NC-14,race:hispanic,0.0575
NC-14,race:other,0.05
NC-14,race:white,0.7178
ND,age:18-29,0.2335
ND,age:30-44,0.2719
ND,age:45-64,0.2678
ND,age:65+,0.2268
ND,education:college,0.3395
ND,education:noncollege,0.6605
ND,race:asian,0.0114
ND,race:black,0.0243
ND,race:hispanic,0.0372
ND,race:other,0.0785
ND,race:white,0.8486
ND-01,age:18-29,0.2335
ND-01,age:30-44,0.2719
ND-01,age:45-64,0.2678
ND-01,age:65+,0.2268
ND-01,education:college,0.3395
ND-01,education:noncollege,0.6605
ND-01,race:asian,0.0114
ND-01,race:black,0.0243
ND-01,race:hispanic,0.0372
ND-01,race:other,0.0785
ND-01,race:white,0.8486
NE,age:18-29,0.2149
NE,age:30-44,0.2607
NE,age:45-64,0.2963
NE,age:65+,0.2281
NE,education:college,0.3536
NE,education:noncollege,0.6464
NE,race:asian,0.0201
NE,race:black,0.0407
NE,race:hispanic,0.0776
NE,race:other,0.0415
NE,race:white,0.8201
NE-01,age:18-29,0.2444
NE-01,age:30-44,0.2551
NE-01,age:45-64,0.2861
NE-01,age:65+,0.2144
NE-01,education:college,0.3744
NE-01,education:noncollege,0.6256
NE-01,race:asian,0.0239
NE-01,race:black,0.0314
NE-01,race:hispanic,0.0705
NE-01,race:other,0.0369
NE-01,race:white,0.8372
NE-02,age:18-29,0.2149
NE-02,age:30-44,0.2908
NE-02,age:45-64,0.3003
NE-02,age:65+,0.194
NE-02,education:college,0.4298
NE-02,education:noncollege,0.5702
NE-02,race:asian,0.0287
NE-02,race:black,0.0855
NE-02,race:hispanic,0.0841
NE-02,race:other,0.041
NE-02,race:white,0.7607
NE-03,age:18-29,0.1844
NE-03,age:30-44,0.236
NE-03,age:45-64,0.3027
NE-03,age:65+,0.277
NE-03,education:college,0.2567
NE-03,education:noncollege,0.7433
NE-03,race:asian,0.0076
NE-03,race:black,0.0057
NE-03,race:hispanic,0.0784
NE-03,race:other,0.0466
NE-03,race:white,0.8617
NH,age:18-29,0.1759
NH,age:30-44,0.2374
NH,age:45-64,0.3256
NH,age:65+,0.2612
NH,education:college,0.4152
NH,education:noncollege,0.5848
NH,race:asian,0.0197
NH,race:black,0.0133
NH,race:hispanic,0.0389
NH,race:other,0.0348
NH,race:white,0.8933
NH-01,age:18-29,0.1743
NH-01,age:30-44,0.2426
NH-01,age:45-64,0.3183
NH-01,age:65+,0.2648
NH-01,education:college,0.4299
NH-01,education:noncollege,0.5701
NH-01,race:asian,0.0162
NH-01,race:black,0.0134
NH-01,race:hispanic,0.0369
NH-01,race:other,0.0314
NH-01,race:white,0.9021
NH-02,age:18-29,0.1774
NH-02,age:30-44,0.2321
NH-02,age:45-64,0.3329
NH-02,age:65+,0.2576
NH-02,education:college,0.4002
NH-02,education:noncollege,0.5998
NH-02,race:asian,0.0232
NH-02,race:black,0.0132
NH-02,race:hispanic,0.0409
NH-02,race:other,0.0382
NH-02,race:white,0.8845
NJ,age:18-29,0.1866
NJ,age:30-44,0.2579
NJ,age:45-64,0.3267
NJ,age:65+,0.2289
NJ,education:college,0.4455
NJ,education:noncollege,0.5545
NJ,race:asian,0.086
NJ,race:black,0.1344
NJ,race:hispanic,0.1714
NJ,race:other,0.028
NJ,race:white,0.5803
NJ-01,age:18-29,0.1917
NJ-01,age:30-44,0.2675
NJ-01,age:45-64,0.319
NJ-01,age:65+,0.2218
NJ-01,education:college,0.3789
NJ-01,education:noncollege,0.6211
NJ-01,race:asian,0.045
NJ-01,race:black,0.1656
NJ-01,race:hispanic,0.1261
NJ-01,race:other,0.0251
NJ-01,race:white,0.6381
NJ-02,age:18-29,0.1697
NJ-02,age:30-44,0.2255
NJ-02,age:45-64,0.3262
NJ-02,age:65+,0.2786
NJ-02,education:college,0.3176
NJ-02,education:noncollege,0.6824
NJ-02,race:asian,0.0366
NJ-02,race:black,0.1059
NJ-02,race:hispanic,0.135
NJ-02,race:other,0.0298
NJ-02,race:white,0.6928
NJ-03,age:18-29,0.1713
NJ-03,age:30-44,0.245
NJ-03,age:45-64,0.34
NJ-03,age:65+,0.2437
NJ-03,education:college,0.4596
NJ-03,education:noncollege,0.5404
NJ-03,race:asian,0.072
NJ-03,race:black,0.1317
NJ-03,race:hispanic,0.0945
NJ-03,race:other,0.0433
NJ-03,race:white,0.6586
NJ-04,age:18-29,0.1705
NJ-04,age:30-44,0.2196
NJ-04,age:45-64,0.3105
NJ-04,age:65+,0.2994
NJ-04,education:college,0.421
NJ-04,education:noncollege,0.579
NJ-04,race:asian,0.0225
NJ-04,race:black,0.0403
NJ-04,race:hispanic,0.0764
NJ-04,race:other,0.0237
NJ-04,race:white,0.8371
NJ-05,age:18-29,0.1662
NJ-05,age:30-44,0.2323
NJ-05,age:45-64,0.3505
NJ-05,age:65+,0.251
NJ-05,education:college,0.5547
NJ-05,education:noncollege,0.4453
NJ-05,race:asian,0.1459
NJ-05,race:black,0.0689
NJ-05,race:hispanic,0.1568
NJ-05,race:other,0.016
NJ-05,race:white,0.6123
NJ-06,age:18-29,0.2109
NJ-06,age:30-44,0.2596
NJ-06,age:45-64,0.3243
NJ-06,age:65+,0.2052
NJ-06,education:college,0.4424
NJ-06,education:noncollege,0.5576
NJ-06,race:asian,0.1414
NJ-06,race:black,0.1229
NJ-06,race:hispanic,0.2074
NJ-06,race:other,0.0255
NJ-06,race:white,0.5029
NJ-07,age:18-29,0.1563
NJ-07,age:30-44,0.2345
NJ-07,age:45-64,0.3662
NJ-07,age:65+,0.243
NJ-07,education:college,0.5567
NJ-07,education:noncollege,0.4433
NJ-07,race:asian,0.0705
NJ-07,race:black,0.0551
NJ-07,race:hispanic,0.1102
NJ-07,race:other,0.0325
NJ-07,race:white,0.7317
NJ-08,age:18-29,0.2238
NJ-08,age:30-44,0.3509
NJ-08,age:45-64,0.2716
NJ-08,age:65+,0.1536
NJ-08,education:college,0.4296
NJ-08,education:noncollege,0.5704
NJ-08,race:asian,0.0832
NJ-08,race:black,0.1172
NJ-08,race:hispanic,0.4393
NJ-08,race:other,0.0243
NJ-08,race:white,0.3359
NJ-09,age:18-29,0.1942
NJ-09,age:30-44,0.2671
NJ-09,age:45-64,0.324
NJ-09,age:65+,0.2147
NJ-09,education:college,0.3365
NJ-09,education:noncollege,0.6635
NJ-09,race:asian,0.0803
NJ-09,race:black,0.0973
NJ-09,race:hispanic,0.3547
NJ-09,race:other,0.0178
NJ-09,race:white,0.45
NJ-10,age:18-29,0.2165
NJ-10,age:30-44,0.2741
NJ-10,age:45-64,0.3214
NJ-10,age:65+,0.188
NJ-10,education:college,0.3356
NJ-10,education:noncollege,0.6644
NJ-10,race:asian,0.0686
NJ-10,race:black,0.5039
NJ-10,race:hispanic,0.1865
NJ-10,race:other,0.0346
NJ-10,race:white,0.2064
NJ-11,age:18-29,0.1754
NJ-11,age:30-44,0.2566
NJ-11,age:45-64,0.3353
NJ-11,age:65+,0.2327
NJ-11,education:college,0.6013
NJ-11,education:noncollege,0.3987
NJ-11,race:asian,0.1066
NJ-11,race:black,0.0571
NJ-11,race:hispanic,0.138
NJ-11,race:other,0.0319
NJ-11,race:white,0.6664
NJ-12,age:18-29,0.1933
NJ-12,age:30-44,0.2628
NJ-12,age:45-64,0.3287
NJ-12,age:65+,0.2153
NJ-12,education:college,0.4992
NJ-12,education:noncollege,0.5008
NJ-12,race:asian,0.1742
NJ-12,race:black,0.1798
NJ-12,race:hispanic,0.1392
NJ-12,race:other,0.0285
NJ-12,race:white,0.4783
NM,age:18-29,0.1974
NM,age:30-44,0.2552
NM,age:45-64,0.2929
NM,age:65+,0.2545
NM,education:college,0.3178
NM,education:noncollege,0.6822
NM,race:asian,0.0163
NM,race:black,0.0233
NM,race:hispanic,0.4323
NM,race:other,0.1198
NM,race:white,0.4083
NM-01,age:18-29,0.1774
NM-01,age:30-44,0.2682
NM-01,age:45-64,0.2933
NM-01,age:65+,0.2611
NM-01,education:college,0.4017
NM-01,education:noncollege,0.5983
NM-01,race:asian,0.0294
NM-01,race:black,0.0265
NM-01,race:hispanic,0.3809
NM-01,race:other,0.0816
NM-01,race:white,0.4816
NM-02,age:18-29,0.229
NM-02,age:30-44,0.242
NM-02,age:45-64,0.2922
NM-02,age:65+,0.2368
NM-02,education:college,0.2404
NM-02,education:noncollege,0.7596
NM-02,race:asian,0.0083
NM-02,race:black,0.0
NM-02,race:hispanic,0.5436
NM-02,race:other,0.1051
NM-02,race:white,0.343
NM-03,age:18-29,0.1866
NM-03,age:30-44,0.2548
NM-03,age:45-64,0.2931
NM-03,age:65+,0.2654
NM-03,education:college,0.3039
NM-03,education:noncollege,0.6961
NM-03,race:asian,0.0102
NM-03,race:black,0.0134
NM-03,race:hispanic,0.3782
NM-03,race:other,0.2033
NM-03,race:white,0.3948
NV,age:18-29,0.1877
NV,age:30-44,0.2762
NV,age:45-64,0.3131
NV,age:65+,0.223
NV,education:college,0.2853
NV,education:noncollege,0.7147
NV,race:asian,0.0937
NV,race:black,0.0967
NV,race:hispanic,0.2219
NV,race:other,0.071
NV,race:white,0.5167
NV-01,age:18-29,0.1978
NV-01,age:30-44,0.2681
NV-01,age:45-64,0.3131
NV-01,age:65+,0.2209
NV-01,education:college,0.2618
NV-01,education:noncollege,0.7382
NV-01,race:asian,0.0895
NV-01,race:black,0.094
NV-01,race:hispanic,0.2847
NV-01,race:other,0.0689
NV-01,race:white,0.4628
NV-02,age:18-29,0.1841
NV-02,age:30-44,0.2649
NV-02,age:45-64,0.3016
NV-02,age:65+,0.2494
NV-02,education:college,0.309
NV-02,education:noncollege,0.691
NV-02,race:asian,0.0423
NV-02,race:black,0.0252
NV-02,race:hispanic,0.1738
NV-02,race:other,0.0686
NV-02,race:white,0.6901
NV-03,age:18-29,0.1655
NV-03,age:30-44,0.284
NV-03,age:45-64,0.3276
NV-03,age:65+,0.223
NV-03,education:college,0.3471
NV-03,education:noncollege,0.6529
NV-03,race:asian,0.1757
NV-03,race:black,0.0995
NV-03,race:hispanic,0.1655
NV-03,race:other,0.079
NV-03,race:white,0.4802
NV-04,age:18-29,0.2053
NV-04,age:30-44,0.2871
NV-04,age:45-64,0.3092
NV-04,age:65+,0.1984
NV-04,education:college,0.216
NV-04,education:noncollege,0.784
NV-04,race:asian,0.0636
NV-04,race:black,0.1712
NV-04,race:hispanic,0.273
NV-04,race:other,0.0669
NV-04,race:white,0.4253
NY,age:18-29,0.1977
NY,age:30-44,0.2551
NY,age:45-64,0.3109
NY,age:65+,0.2364
NY,education:college,0.4122
NY,education:noncollege,0.5878
NY,race:asian,0.0785
NY,race:black,0.1425
NY,race:hispanic,0.1574
NY,race:other,0.0364
NY,race:white,0.5851
NY-01,age:18-29,0.1908
NY-01,age:30-44,0.2093
NY-01,age:45-64,0.3338
NY-01,age:65+,0.2661
NY-01,education:college,0.4626
NY-01,education:noncollege,0.5374
NY-01,race:asian,0.0518
NY-01,race:black,0.0444
NY-01,race:hispanic,0.0988
NY-01,race:other,0.0304
NY-01,race:white,0.7745
NY-02,age:18-29,0.1889
NY-02,age:30-44,0.254
NY-02,age:45-64,0.3493
NY-02,age:65+,0.2078
NY-02,education:college,0.3398
NY-02,education:noncollege,0.6602
NY-02,race:asian,0.0316
NY-02,race:black,0.1099
NY-02,race:hispanic,0.2147
NY-02,race:other,0.0247
NY-02,race:white,0.6191
NY-03,age:18-29,0.1533
NY-03,age:30-44,0.2208
NY-03,age:45-64,0.3419
NY-03,age:65+,0.284
NY-03,education:college,0.548
NY-03,education:noncollege,0.452
NY-03,race:asian,0.2208
NY-03,race:black,0.0442
NY-03,race:hispanic,0.1292
NY-03,race:other,0.031
NY-03,race:white,0.5749
NY-04,age:18-29,0.1957
NY-04,age:30-44,0.2311
NY-04,age:45-64,0.3418
NY-04,age:65+,0.2313
NY-04,education:college,0.4721
NY-04,education:noncollege,0.5279
NY-04,race:asian,0.073
NY-04,race:black,0.1736
NY-04,race:hispanic,0.1679
NY-04,race:other,0.0311
NY-04,race:white,0.5543
NY-05,age:18-29,0.178
NY-05,age:30-44,0.2451
NY-05,age:45-64,0.3393
NY-05,age:65+,0.2376
NY-05,education:college,0.2975
NY-05,education:noncollege,0.7025
NY-05,race:asian,0.127
NY-05,race:black,0.4404
NY-05,race:hispanic,0.1814
NY-05,race:other,0.098
NY-05,race:white,0.1532
NY-06,age:18-29,0.1574
NY-06,age:30-44,0.2442
NY-06,age:45-64,0.3295
NY-06,age:65+,0.2689
NY-06,education:college,0.3847
NY-06,education:noncollege,0.6153
NY-06,race:asian,0.4085
NY-06,race:black,0.0632
NY-06,race:hispanic,0.2095
NY-06,race:other,0.0301
NY-06,race:white,0.2887
NY-07,age:18-29,0.2532
NY-07,age:30-44,0.3435
NY-07,age:45-64,0.2497
NY-07,age:65+,0.1536
NY-07,education:college,0.4758
NY-07,education:noncollege,0.5242
NY-07,race:asian,0.1098
NY-07,race:black,0.1211
NY-07,race:hispanic,0.3048
NY-07,race:other,0.0436
NY-07,race:white,0.4207
NY-08,age:18-29,0.1859
NY-08,age:30-44,0.2675
NY-08,age:45-64,0.2995
NY-08,age:65+,0.2471
NY-08,education:college,0.3577
NY-08,education:noncollege,0.6423
NY-08,race:asian,0.0781
NY-08,race:black,0.4391
NY-08,race:hispanic,0.1388
NY-08,race:other,0.0426
NY-08,race:white,0.3014
NY-09,age:18-29,0.1977
NY-09,age:30-44,0.2877
NY-09,age:45-64,0.29
NY-09,age:65+,0.2246
NY-09,education:college,0.3992
NY-09,education:noncollege,0.6008
NY-09,race:asian,0.0831
NY-09,race:black,0.4414
NY-09,race:hispanic,0.0956
NY-09,race:other,0.07
NY-09,race:white,0.3099
NY-10,age:18-29,0.2471
NY-10,age:30-44,0.3107
NY-10,age:45-64,0.2599
NY-10,age:65+,0.1823
NY-10,education:college,0.6121
NY-10,education:noncollege,0.3879
NY-10,race:asian,0.1567
NY-10,race:black,0.0785
NY-10,race:hispanic,0.1809
NY-10,race:other,0.0407
NY-10,race:white,0.5434
NY-11,age:18-29,0.1828
NY-11,age:30-44,0.2503
NY-11,age:45-64,0.3309
NY-11,age:65+,0.2359
NY-11,education:college,0.3705
NY-11,education:noncollege,0.6295
NY-11,race:asian,0.1856
NY-11,race:black,0.07
NY-11,race:hispanic,0.1549
NY-11,race:other,0.0246
NY-11,race:white,0.5649
NY-12,age:18-29,0.2202
NY-12,age:30-44,0.2965
NY-12,age:45-64,0.2524
NY-12,age:65+,0.2308
NY-12,education:college,0.8103
NY-12,education:noncollege,0.1897
NY-12,race:asian,0.1156
NY-12,race:black,0.0639
NY-12,race:hispanic,0.1129
NY-12,race:other,0.043
NY-12,race:white,0.6646
NY-13,age:18-29,0.2018
NY-13,age:30-44,0.2822
NY-13,age:45-64,0.3146
NY-13,age:65+,0.2014
NY-13,education:college,0.3535
NY-13,education:noncollege,0.6465
NY-13,race:asian,0.0496
NY-13,race:black,0.3037
NY-13,race:hispanic,0.435
NY-13,race:other,0.0123
NY-13,race:white,0.1994
NY-14,age:18-29,0.2011
NY-14,age:30-44,0.3177
NY-14,age:45-64,0.2927
NY-14,age:65+,0.1886
NY-14,education:college,0.3065
NY-14,education:noncollege,0.6935
NY-14,race:asian,0.1212
NY-14,race:black,0.1683
NY-14,race:hispanic,0.4622
NY-14,race:other,0.0118
NY-14,race:white,0.2365
NY-15,age:18-29,0.229
NY-15,age:30-44,0.2669
NY-15,age:45-64,0.3075
NY-15,age:65+,0.1966
NY-15,education:college,0.2188
NY-15,education:noncollege,0.7812
NY-15,race:asian,0.0272
NY-15,race:black,0.3941
NY-15,race:hispanic,0.4743
NY-15,race:other,0.0
NY-15,race:white,0.1043
NY-16,age:18-29,0.1841
NY-16,age:30-44,0.2432
NY-16,age:45-64,0.3364
NY-16,age:65+,0.2363
NY-16,education:college,0.4954
NY-16,education:noncollege,0.5046
NY-16,race:asian,0.0572
NY-16,race:black,0.2151
NY-16,race:hispanic,0.2411
NY-16,race:other,0.0292
NY-16,race:white,0.4574
NY-17,age:18-29,0.1813
NY-17,age:30-44,0.237
NY-17,age:45-64,0.3317
NY-17,age:65+,0.2501
NY-17,education:college,0.507
NY-17,education:noncollege,0.493
NY-17,race:asian,0.0538
NY-17,race:black,0.081
NY-17,race:hispanic,0.1545
NY-17,race:other,0.0301
NY-17,race:white,0.6806
NY-18,age:18-29,0.2076
NY-18,age:30-44,0.2406
NY-18,age:45-64,0.324
NY-18,age:65+,0.2279
NY-18,education:college,0.3727
NY-18,education:noncollege,0.6273
NY-18,race:asian,0.0269
NY-18,race:black,0.0983
NY-18,race:hispanic,0.165
NY-18,race:other,0.0426
NY-18,race:white,0.6672
NY-19,age:18-29,0.2186
NY-19,age:30-44,0.215
NY-19,age:45-64,0.3003
NY-19,age:65+,0.266
NY-19,education:college,0.3508
NY-19,education:noncollege,0.6492
NY-19,race:asian,0.0268
NY-19,race:black,0.0429
NY-19,race:hispanic,0.0589
NY-19,race:other,0.0445
NY-19,race:white,0.8269
NY-20,age:18-29,0.2198
NY-20,age:30-44,0.2446
NY-20,age:45-64,0.3006
NY-20,age:65+,0.235
NY-20,education:college,0.4526
NY-20,education:noncollege,0.5474
NY-20,race:asian,0.0399
NY-20,race:black,0.0809
NY-20,race:hispanic,0.0638
NY-20,race:other,0.0511
NY-20,race:white,0.7644
NY-21,age:18-29,0.1822
NY-21,age:30-44,0.2293
NY-21,age:45-64,0.3208
NY-21,age:65+,0.2676
NY-21,education:college,0.274
NY-21,education:noncollege,0.726
NY-21,race:asian,0.0082
NY-21,race:black,0.0242
NY-21,race:hispanic,0.0332
NY-21,race:other,0.0382
NY-21,race:white,0.8962
NY-22,age:18-29,0.2115
NY-22,age:30-44,0.2348
NY-22,age:45-64,0.2994
NY-22,age:65+,0.2544
NY-22,education:college,0.3801
NY-22,education:noncollege,0.6199
NY-22,race:asian,0.0284
NY-22,race:black,0.078
NY-22,race:hispanic,0.0492
NY-22,race:other,0.0393
NY-22,race:white,0.8051
NY-23,age:18-29,0.1696
NY-23,age:30-44,0.2295
NY-23,age:45-64,0.3237
NY-23,age:65+,0.2773
NY-23,education:college,0.3262
NY-23,education:noncollege,0.6738
NY-23,race:asian,0.0074
NY-23,race:black,0.0219
NY-23,race:hispanic,0.0291
NY-23,race:other,0.0301
NY-23,race:white,0.9115
NY-24,age:18-29,0.1768
NY-24,age:30-44,0.2311
NY-24,age:45-64,0.3225
NY-24,age:65+,0.2696
NY-24,education:college,0.2679
NY-24,education:noncollege,0.7321
NY-24,race:asian,0.0108
NY-24,race:black,0.0247
NY-24,race:hispanic,0.0332
NY-24,race:other,0.0346
NY-24,race:white,0.8967
NY-25,age:18-29,0.1982
NY-25,age:30-44,0.2514
NY-25,age:45-64,0.3015
NY-25,age:65+,0.2489
NY-25,education:college,0.4287
NY-25,education:noncollege,0.5713
NY-25,race:asian,0.027
NY-25,race:black,0.1268
NY-25,race:hispanic,0.0835
NY-25,race:other,0.0336
NY-25,race:white,0.7291
NY-26,age:18-29,0.2037
NY-26,age:30-44,0.2567
NY-26,age:45-64,0.2921
NY-26,age:65+,0.2474
NY-26,education:college,0.371
NY-26,education:noncollege,0.629
NY-26,race:asian,0.0464
NY-26,race:black,0.1488
NY-26,race:hispanic,0.0651
NY-26,race:other,0.0354
NY-26,race:white,0.7042
OH,age:18-29,0.1952
OH,age:30-44,0.2505
OH,age:45-64,0.3105
OH,age:65+,0.2438
OH,education:college,0.3235
OH,education:noncollege,0.6765
OH,race:asian,0.0186
OH,race:black,0.1143
OH,race:hispanic,0.0358
OH,race:other,0.0403
OH,race:white,0.791
OH-01,age:18-29,0.2249
OH-01,age:30-44,0.2726
OH-01,age:45-64,0.2961
OH-01,age:65+,0.2063
OH-01,education:college,0.4707
OH-01,education:noncollege,0.5293
OH-01,race:asian,0.0278
OH-01,race:black,0.1755
OH-01,race:hispanic,0.0292
OH-01,race:other,0.0394
OH-01,race:white,0.7281
OH-02,age:18-29,0.1786
OH-02,age:30-44,0.2435
OH-02,age:45-64,0.3291
OH-02,age:65+,0.2488
OH-02,education:college,0.2154
OH-02,education:noncollege,0.7846
OH-02,race:asian,0.004
OH-02,race:black,0.0
OH-02,race:hispanic,0.0118
OH-02,race:other,0.0574
OH-02,race:white,0.9269
OH-03,age:18-29,0.2494
OH-03,age:30-44,0.3079
OH-03,age:45-64,0.2636
OH-03,age:65+,0.1791
OH-03,education:college,0.4586
OH-03,education:noncollege,0.5414
OH-03,race:asian,0.0499
OH-03,race:black,0.2533
OH-03,race:hispanic,0.0419
OH-03,race:other,0.0544
OH-03,race:white,0.6006
OH-04,age:18-29,0.1831
OH-04,age:30-44,0.2513
OH-04,age:45-64,0.3277
OH-04,age:65+,0.2379
OH-04,education:college,0.3082
OH-04,education:noncollege,0.6918
OH-04,race:asian,0.0151
OH-04,race:black,0.0429
OH-04,race:hispanic,0.0236
OH-04,race:other,0.0454
OH-04,race:white,0.873
OH-05,age:18-29,0.1941
OH-05,age:30-44,0.2351
OH-05,age:45-64,0.3139
OH-05,age:65+,0.2569
OH-05,education:college,0.2505
OH-05,education:noncollege,0.7495
OH-05,race:asian,0.0075
OH-05,race:black,0.0
OH-05,race:hispanic,0.0663
OH-05,race:other,0.0671
OH-05,race:white,0.8592
OH-06,age:18-29,0.1679
OH-06,age:30-44,0.2195
OH-06,age:45-64,0.3212
OH-06,age:65+,0.2913
OH-06,education:college,0.2265
OH-06,education:noncollege,0.7735
OH-06,race:asian,0.0043
OH-06,race:black,0.0
OH-06,race:hispanic,0.0255
OH-06,race:other,0.0871
OH-06,race:white,0.8831
OH-07,age:18-29,0.166
OH-07,age:30-44,0.2394
OH-07,age:45-64,0.3184
OH-07,age:65+,0.2762
OH-07,education:college,0.3832
OH-07,education:noncollege,0.6168
OH-07,race:asian,0.0239
OH-07,race:black,0.0351
OH-07,race:hispanic,0.0359
OH-07,race:other,0.029
OH-07,race:white,0.8761
OH-08,age:18-29,0.1982
OH-08,age:30-44,0.2431
OH-08,age:45-64,0.3181
OH-08,age:65+,0.2406
OH-08,education:college,0.308
OH-08,education:noncollege,0.692
OH-08,race:asian,0.0224
OH-08,race:black,0.129
OH-08,race:hispanic,0.0284
OH-08,race:other,0.044
OH-08,race:white,0.7762
OH-09,age:18-29,0.1856
OH-09,age:30-44,0.2431
OH-09,age:45-64,0.3137
OH-09,age:65+,0.2576
OH-09,education:college,0.2926
OH-09,education:noncollege,0.7074
OH-09,race:asian,0.0088
OH-09,race:black,0.1062
OH-09,race:hispanic,0.0647
OH-09,race:other,0.0416
OH-09,race:white,0.7787
OH-10,age:18-29,0.2067
OH-10,age:30-44,0.2512
OH-10,age:45-64,0.2974
OH-10,age:65+,0.2446
OH-10,education:college,0.3381
OH-10,education:noncollege,0.6619
OH-10,race:asian,0.016
OH-10,race:black,0.1531
OH-10,race:hispanic,0.0301
OH-10,race:other,0.0504
OH-10,race:white,0.7504
OH-11,age:18-29,0.2085
OH-11,age:30-44,0.2615
OH-11,age:45-64,0.2907
OH-11,age:65+,0.2392
OH-11,education:college,0.3443
OH-11,education:noncollege,0.6557
OH-11,race:asian,0.0231
OH-11,race:black,0.4221
OH-11,race:hispanic,0.0738
OH-11,race:other,0.0351
OH-11,race:white,0.4459
OH-12,age:18-29,0.2006
OH-12,age:30-44,0.2378
OH-12,age:45-64,0.3226
OH-12,age:65+,0.2391
OH-12,education:college,0.2754
OH-12,education:noncollege,0.7246
OH-12,race:asian,0.0185
OH-12,race:black,0.0381
OH-12,race:hispanic,0.0163
OH-12,race:other,0.0335
OH-12,race:white,0.8936
OH-13,age:18-29,0.1839
OH-13,age:30-44,0.2489
OH-13,age:45-64,0.3104
OH-13,age:65+,0.2568
OH-13,education:college,0.3479
OH-13,education:noncollege,0.6521
OH-13,race:asian,0.0258
OH-13,race:black,0.1161
OH-13,race:hispanic,0.0216
OH-13,race:other,0.0442
OH-13,race:white,0.7924
OH-14,age:18-29,0.1843
OH-14,age:30-44,0.2228
OH-14,age:45-64,0.3171
OH-14,age:65+,0.2759
OH-14,education:college,0.2912
OH-14,education:noncollege,0.7088
OH-14,race:asian,0.0086
OH-14,race:black,0.0
OH-14,race:hispanic,0.0289
OH-14,race:other,0.0809
OH-14,race:white,0.8816
OH-15,age:18-29,0.197
OH-15,age:30-44,0.2804
OH-15,age:45-64,0.3156
OH-15,age:65+,0.207
OH-15,education:college,0.3501
OH-15,education:noncollege,0.6499
OH-15,race:asian,0.0266
OH-15,race:black,0.1027
OH-15,race:hispanic,0.0407
OH-15,race:other,0.0626
OH-15,race:white,0.7674
OK,age:18-29,0.2147
OK,age:30-44,0.2648
OK,age:45-64,0.2995
OK,age:65+,0.221
OK,education:college,0.2932
OK,education:noncollege,0.7068
OK,race:asian,0.0207
OK,race:black,0.0679
OK,race:hispanic,0.0843
OK,race:other,0.15
OK,race:white,0.6772
OK-01,age:18-29,0.2097
OK-01,age:30-44,0.2779
OK-01,age:45-64,0.3005
OK-01,age:65+,0.2119
OK-01,education:college,0.3487
OK-01,education:noncollege,0.6513
OK-01,race:asian,0.0306
OK-01,race:black,0.081
OK-01,race:hispanic,0.0875
OK-01,race:other,0.1389
OK-01,race:white,0.662
OK-02,age:18-29,0.1896
OK-02,age:30-44,0.2442
OK-02,age:45-64,0.3118
OK-02,age:65+,0.2545
OK-02,education:college,0.2088
OK-02,education:noncollege,0.7912
OK-02,race:asian,0.0058
OK-02,race:black,0.0
OK-02,race:hispanic,0.0411
OK-02,race:other,0.2892
OK-02,race:white,0.6639
OK-03,age:18-29,0.2349
OK-03,age:30-44,0.2643
OK-03,age:45-64,0.2903
OK-03,age:65+,0.2104
OK-03,education:college,0.2308
OK-03,education:noncollege,0.7692
OK-03,race:asian,0.015
OK-03,race:black,0.0466
OK-03,race:hispanic,0.1355
OK-03,race:other,0.1191
OK-03,race:white,0.6838
OK-04,age:18-29,0.2366
OK-04,age:30-44,0.2628
OK-04,age:45-64,0.2886
OK-04,age:65+,0.212
OK-04,education:college,0.2756
OK-04,education:noncollege,0.7244
OK-04,race:asian,0.0233
OK-04,race:black,0.0689
OK-04,race:hispanic,0.0849
OK-04,race:other,0.1286
OK-04,race:white,0.6943
OK-05,age:18-29,0.2035
OK-05,age:30-44,0.2745
OK-05,age:45-64,0.3062
OK-05,age:65+,0.2158
OK-05,education:college,0.3954
OK-05,education:noncollege,0.6046
OK-05,race:asian,0.0288
OK-05,race:black,0.1096
OK-05,race:hispanic,0.077
OK-05,race:other,0.1029
OK-05,race:white,0.6817
OR,age:18-29,0.1858
OR,age:30-44,0.2681
OR,age:45-64,0.2995
OR,age:65+,0.2466
OR,education:college,0.3784
OR,education:noncollege,0.6216
OR,race:asian,0.0412
OR,race:black,0.0185
OR,race:hispanic,0.1054
OR,race:other,0.0668
OR,race:white,0.7681
OR-01,age:18-29,0.1912
OR-01,age:30-44,0.2973
OR-01,age:45-64,0.3084
OR-01,age:65+,0.2031
OR-01,education:college,0.4942
OR-01,education:noncollege,0.5058
OR-01,race:asian,0.0785
OR-01,race:black,0.0243
OR-01,race:hispanic,0.116
OR-01,race:other,0.0676
OR-01,race:white,0.7137
OR-02,age:18-29,0.1573
OR-02,age:30-44,0.2416
OR-02,age:45-64,0.3002
OR-02,age:65+,0.3009
OR-02,education:college,0.267
OR-02,education:noncollege,0.733
OR-02,race:asian,0.009
OR-02,race:black,0.0
OR-02,race:hispanic,0.1075
OR-02,race:other,0.0708
OR-02,race:white,0.8126
OR-03,age:18-29,0.188
OR-03,age:30-44,0.3123
OR-03,age:45-64,0.3032
OR-03,age:65+,0.1964
OR-03,education:college,0.4209
OR-03,education:noncollege,0.5791
OR-03,race:asian,0.0799
OR-03,race:black,0.0517
OR-03,race:hispanic,0.1126
OR-03,race:other,0.0708
OR-03,race:white,0.685
OR-04,age:18-29,0.2165
OR-04,age:30-44,0.2152
OR-04,age:45-64,0.2783
OR-04,age:65+,0.2901
OR-04,education:college,0.3317
OR-04,education:noncollege,0.6683
OR-04,race:asian,0.023
OR-04,race:black,0.0089
OR-04,race:hispanic,0.0727
OR-04,race:other,0.0706
OR-04,race:white,0.8249
OR-05,age:18-29,0.1569
OR-05,age:30-44,0.2683
OR-05,age:45-64,0.3131
OR-05,age:65+,0.2617
OR-05,education:college,0.3996
OR-05,education:noncollege,0.6004
OR-05,race:asian,0.0265
OR-05,race:black,0.0101
OR-05,race:hispanic,0.0773
OR-05,race:other,0.0578
OR-05,race:white,0.8284
OR-06,age:18-29,0.203
OR-06,age:30-44,0.2751
OR-06,age:45-64,0.294
OR-06,age:65+,0.2279
OR-06,education:college,0.3516
OR-06,education:noncollege,0.6484
OR-06,race:asian,0.0327
OR-06,race:black,0.0
OR-06,race:hispanic,0.1508
OR-06,race:other,0.0809
OR-06,race:white,0.7356
PA,age:18-29,0.1895
PA,age:30-44,0.2467
PA,age:45-64,0.3088
PA,age:65+,0.255
PA,education:college,0.3637
PA,education:noncollege,0.6363
PA,race:asian,0.0306
PA,race:black,0.0995
PA,race:hispanic,0.0672
PA,race:other,0.0325
PA,race:white,0.7702
PA-01,age:18-29,0.1621
PA-01,age:30-44,0.2285
PA-01,age:45-64,0.3396
PA-01,age:65+,0.2699
PA-01,education:college,0.457
PA-01,education:noncollege,0.543
PA-01,race:asian,0.0518
PA-01,race:black,0.0366
PA-01,race:hispanic,0.0517
PA-01,race:other,0.0294
PA-01,race:white,0.8305
PA-02,age:18-29,0.207
PA-02,age:30-44,0.2943
PA-02,age:45-64,0.2992
PA-02,age:65+,0.1995
PA-02,education:college,0.2807
PA-02,education:noncollege,0.7193
PA-02,race:asian,0.0962
PA-02,race:black,0.241
PA-02,race:hispanic,0.2248
PA-02,race:other,0.0237
PA-02,race:white,0.4143
PA-03,age:18-29,0.2648
PA-03,age:30-44,0.3071
PA-03,age:45-64,0.2382
PA-03,age:65+,0.1898
PA-03,education:college,0.4579
PA-03,education:noncollege,0.5421
PA-03,race:asian,0.0492
PA-03,race:black,0.5084
PA-03,race:hispanic,0.0492
PA-03,race:other,0.0372
PA-03,race:white,0.3559
PA-04,age:18-29,0.169
PA-04,age:30-44,0.2576
PA-04,age:45-64,0.3164
PA-04,age:65+,0.2569
PA-04,education:college,0.5117
PA-04,education:noncollege,0.4883
PA-04,race:asian,0.0506
PA-04,race:black,0.0888
PA-04,race:hispanic,0.0484
PA-04,race:other,0.0374
PA-04,race:white,0.7748
PA-05,age:18-29,0.2003
PA-05,age:30-44,0.2652
PA-05,age:45-64,0.3103
PA-05,age:65+,0.2243
PA-05,education:college,0.4431
PA-05,education:noncollege,0.5569
PA-05,race:asian,0.061
PA-05,race:black,0.23
PA-05,race:hispanic,0.045
PA-05,race:other,0.0357
PA-05,race:white,0.6284
PA-06,age:18-29,0.1968
PA-06,age:30-44,0.2458
PA-06,age:45-64,0.3206
PA-06,age:65+,0.2368
PA-06,education:college,0.4946
PA-06,education:noncollege,0.5054
PA-06,race:asian,0.0353
PA-06,race:black,0.0545
PA-06,race:hispanic,0.119
PA-06,race:other,0.028
PA-06,race:white,0.7632
PA-07,age:18-29,0.1935
PA-07,age:30-44,0.2453
PA-07,age:45-64,0.311
PA-07,age:65+,0.2502
PA-07,education:college,0.334
PA-07,education:noncollege,0.666
PA-07,race:asian,0.0269
PA-07,race:black,0.0553
PA-07,race:hispanic,0.1675
PA-07,race:other,0.0279
PA-07,race:white,0.7224
PA-08,age:18-29,0.1761
PA-08,age:30-44,0.2347
PA-08,age:45-64,0.3228
PA-08,age:65+,0.2665
PA-08,education:college,0.2772
PA-08,education:noncollege,0.7228
PA-08,race:asian,0.0145
PA-08,race:black,0.0609
PA-08,race:hispanic,0.1102
PA-08,race:other,0.0347
PA-08,race:white,0.7797
PA-09,age:18-29,0.1775
PA-09,age:30-44,0.23
PA-09,age:45-64,0.317
PA-09,age:65+,0.2755
PA-09,education:college,0.2382
PA-09,education:noncollege,0.7618
PA-09,race:asian,0.0076
PA-09,race:black,0.0202
PA-09,race:hispanic,0.058
PA-09,race:other,0.0315
PA-09,race:white,0.8827
PA-10,age:18-29,0.1842
PA-10,age:30-44,0.263
PA-10,age:45-64,0.3086
PA-10,age:65+,0.2442
PA-10,education:college,0.3565
PA-10,education:noncollege,0.6435
PA-10,race:asian,0.0375
PA-10,race:black,0.0959
PA-10,race:hispanic,0.0797
PA-10,race:other,0.0333
PA-10,race:white,0.7536
PA-11,age:18-29,0.1848
PA-11,age:30-44,0.2459
PA-11,age:45-64,0.3064
PA-11,age:65+,0.2629
PA-11,education:college,0.3297
PA-11,education:noncollege,0.6703
PA-11,race:asian,0.021
PA-11,race:black,0.0278
PA-11,race:hispanic,0.0837
PA-11,race:other,0.0299
PA-11,race:white,0.8375
PA-12,age:18-29,0.2208
PA-12,age:30-44,0.2463
PA-12,age:45-64,0.2785
PA-12,age:65+,0.2544
PA-12,education:college,0.4459
PA-12,education:noncollege,0.5541
PA-12,race:asian,0.0325
PA-12,race:black,0.1274
PA-12,race:hispanic,0.0246
PA-12,race:other,0.0359
PA-12,race:white,0.7796
PA-13,age:18-29,0.1757
PA-13,age:30-44,0.219
PA-13,age:45-64,0.3237
PA-13,age:65+,0.2816
PA-13,education:college,0.2352
PA-13,education:noncollege,0.7648
PA-13,race:asian,0.0058
PA-13,race:black,0.021
PA-13,race:hispanic,0.0278
PA-13,race:other,0.0361
PA-13,race:white,0.9094
PA-14,age:18-29,0.169
PA-14,age:30-44,0.2151
PA-14,age:45-64,0.323
PA-14,age:65+,0.2929
PA-14,education:college,0.2676
PA-14,education:noncollege,0.7324
PA-14,race:asian,0.0074
PA-14,race:black,0.0305
PA-14,race:hispanic,0.0154
PA-14,race:other,0.0253
PA-14,race:white,0.9214
PA-15,age:18-29,0.2144
PA-15,age:30-44,0.2106
PA-15,age:45-64,0.3068
PA-15,age:65+,0.2682
PA-15,education:college,0.2632
PA-15,education:noncollege,0.7368
PA-15,race:asian,0.0125
PA-15,race:black,0.0
PA-15,race:hispanic,0.0206
PA-15,race:other,0.0483
PA-15,race:white,0.9186
PA-16,age:18-29,0.1803
PA-16,age:30-44,0.223
PA-16,age:45-64,0.3172
PA-16,age:65+,0.2795
PA-16,education:college,0.3116
PA-16,education:noncollege,0.6884
PA-16,race:asian,0.0063
PA-16,race:black,0.0389
PA-16,race:hispanic,0.0227
PA-16,race:other,0.0359
PA-16,race:white,0.8962
PA-17,age:18-29,0.1438
PA-17,age:30-44,0.2658
PA-17,age:45-64,0.3113
PA-17,age:65+,0.2791
PA-17,education:college,0.4689
PA-17,education:noncollege,0.5311
PA-17,race:asian,0.0168
PA-17,race:black,0.0714
PA-17,race:hispanic,0.0208
PA-17,race:other,0.0378
PA-17,race:white,0.8531
RI,age:18-29,0.2018
RI,age:30-44,0.2511
RI,age:45-64,0.3049
RI,age:65+,0.2423
RI,education:college,0.39
RI,education:noncollege,0.61
RI,race:asian,0.0316
RI,race:black,0.0487
RI,race:hispanic,0.1249
RI,race:other,0.048
RI,race:white,0.7469
RI-01,age:18-29,0.2007
RI-01,age:30-44,0.2624
RI-01,age:45-64,0.2893
RI-01,age:65+,0.2475
RI-01,education:college,0.3847
RI-01,education:noncollege,0.6153
RI-01,race:asian,0.0297
RI-01,race:black,0.0597
RI-01,race:hispanic,0.1376
RI-01,race:other,0.0669
RI-01,race:white,0.7061
RI-02,age:18-29,0.2027
RI-02,age:30-44,0.2399
RI-02,age:45-64,0.3204
RI-02,age:65+,0.237
RI-02,education:college,0.3954
RI-02,education:noncollege,0.6046
RI-02,race:asian,0.0334
RI-02,race:black,0.038
RI-02,race:hispanic,0.1127
RI-02,race:other,0.0297
RI-02,race:white,0.7861
SC,age:18-29,0.1922
SC,age:30-44,0.2455
SC,age:45-64,0.3122
SC,age:65+,0.2501
SC,education:college,0.3333
SC,education:noncollege,0.6667
SC,race:asian,0.0153
SC,race:black,0.2384
SC,race:hispanic,0.047
SC,race:other,0.0374
SC,race:white,0.6619
SC-01,age:18-29,0.173
SC-01,age:30-44,0.2469
SC-01,age:45-64,0.3148
SC-01,age:65+,0.2653
SC-01,education:college,0.4545
SC-01,education:noncollege,0.5455
SC-01,race:asian,0.018
SC-01,race:black,0.0
SC-01,race:hispanic,0.0564
SC-01,race:other,0.1989
SC-01,race:white,0.7267
SC-02,age:18-29,0.1817
SC-02,age:30-44,0.2643
SC-02,age:45-64,0.3198
SC-02,age:65+,0.2342
SC-02,education:college,0.3774
SC-02,education:noncollege,0.6226
SC-02,race:asian,0.02
SC-02,race:black,0.2615
SC-02,race:hispanic,0.0444
SC-02,race:other,0.0342
SC-02,race:white,0.6398
SC-03,age:18-29,0.1973
SC-03,age:30-44,0.2295
SC-03,age:45-64,0.317
SC-03,age:65+,0.2562
SC-03,education:college,0.2767
SC-03,education:noncollege,0.7233
SC-03,race:asian,0.0089
SC-03,race:black,0.0
SC-03,race:hispanic,0.0406
SC-03,race:other,0.1941
SC-03,race:white,0.7564
SC-04,age:18-29,0.2016
SC-04,age:30-44,0.2679
SC-04,age:45-64,0.3124
SC-04,age:65+,0.2182
SC-04,education:college,0.3712
SC-04,education:noncollege,0.6288
SC-04,race:asian,0.0239
SC-04,race:black,0.17
SC-04,race:hispanic,0.0732
SC-04,race:other,0.0408
SC-04,race:white,0.6921
SC-05,age:18-29,0.176
SC-05,age:30-44,0.2642
SC-05,age:45-64,0.3171
SC-05,age:65+,0.2428
SC-05,education:college,0.3081
SC-05,education:noncollege,0.6919
SC-05,race:asian,0.0165
SC-05,race:black,0.0
SC-05,race:hispanic,0.041
SC-05,race:other,0.2787
SC-05,race:white,0.6638
SC-06,age:18-29,0.249
SC-06,age:30-44,0.2481
SC-06,age:45-64,0.2801
SC-06,age:65+,0.2229
SC-06,education:college,0.2926
SC-06,education:noncollege,0.7074
SC-06,race:asian,0.0133
SC-06,race:black,0.4436
SC-06,race:hispanic,0.0399
SC-06,race:other,0.0411
SC-06,race:white,0.4621
SC-07,age:18-29,0.1676
SC-07,age:30-44,0.2001
SC-07,age:45-64,0.3242
SC-07,age:65+,0.3081
SC-07,education:college,0.25
SC-07,education:noncollege,0.75
SC-07,race:asian,0.0072
SC-07,race:black,0.2369
SC-07,race:hispanic,0.0341
SC-07,race:other,0.0342
SC-07,race:white,0.6876
SD,age:18-29,0.2041
SD,age:30-44,0.2494
SD,age:45-64,0.2977
SD,age:65+,0.2488
SD,education:college,0.3418
SD,education:noncollege,0.6582
SD,race:asian,0.0111
SD,race:black,0.0164
SD,race:hispanic,0.0271
SD,race:other,0.1045
SD,race:white,0.841
SD-01,age:18-29,0.2041
SD-01,age:30-44,0.2494
SD-01,age:45-64,0.2977
SD-01,age:65+,0.2488
SD-01,education:college,0.3418
SD-01,education:noncollege,0.6582
SD-01,race:asian,0.0111
SD-01,race:black,0.0164
SD-01,race:hispanic,0.0271
SD-01,race:other,0.1045
SD-01,race:white,0.841
TN,age:18-29,0.2004
TN,age:30-44,0.2584
TN,age:45-64,0.3158
TN,age:65+,0.2254
TN,education:college,0.3242
TN,education:noncollege,0.6758
TN,race:asian,0.0153
TN,race:black,0.1489
TN,race:hispanic,0.0384
TN,race:other,0.0397
TN,race:white,0.7577
TN-01,age:18-29,0.1773
TN-01,age:30-44,0.2245
TN-01,age:45-64,0.3327
TN-01,age:65+,0.2656
TN-01,education:college,0.2348
TN-01,education:noncollege,0.7652
TN-01,race:asian,0.0074
TN-01,race:black,0.0191
TN-01,race:hispanic,0.0268
TN-01,race:other,0.0338
TN-01,race:white,0.913
TN-02,age:18-29,0.2138
TN-02,age:30-44,0.2382
TN-02,age:45-64,0.3095
TN-02,age:65+,0.2384
TN-02,education:college,0.3573
TN-02,education:noncollege,0.6427
TN-02,race:asian,0.0131
TN-02,race:black,0.0508
TN-02,race:hispanic,0.0303
TN-02,race:other,0.0348
TN-02,race:white,0.871
TN-03,age:18-29,0.1819
TN-03,age:30-44,0.2523
TN-03,age:45-64,0.3181
TN-03,age:65+,0.2478
TN-03,education:college,0.2985
TN-03,education:noncollege,0.7015
TN-03,race:asian,0.0127
TN-03,race:black,0.0887
TN-03,race:hispanic,0.0331
TN-03,race:other,0.0517
TN-03,race:white,0.8139
TN-04,age:18-29,0.2118
TN-04,age:30-44,0.2581
TN-04,age:45-64,0.3227
TN-04,age:65+,0.2075
TN-04,education:college,0.2654
TN-04,education:noncollege,0.7346
TN-04,race:asian,0.0188
TN-04,race:black,0.0896
TN-04,race:hispanic,0.0447
TN-04,race:other,0.0408
TN-04,race:white,0.8062
TN-05,age:18-29,0.1907
TN-05,age:30-44,0.2841
TN-05,age:45-64,0.3253
TN-05,age:65+,0.1999
TN-05,education:college,0.4906
TN-05,education:noncollege,0.5094
TN-05,race:asian,0.0273
TN-05,race:black,0.1291
TN-05,race:hispanic,0.055
TN-05,race:other,0.0355
TN-05,race:white,0.7532
TN-06,age:18-29,0.179
TN-06,age:30-44,0.2725
TN-06,age:45-64,0.3179
TN-06,age:65+,0.2306
TN-06,education:college,0.3135
TN-06,education:noncollege,0.6865
TN-06,race:asian,0.0099
TN-06,race:black,0.0793
TN-06,race:hispanic,0.041
TN-06,race:other,0.0416
TN-06,race:white,0.8282
TN-07,age:18-29,0.2447
TN-07,age:30-44,0.2792
TN-07,age:45-64,0.2895
TN-07,age:65+,0.1865
TN-07,education:college,0.3643
TN-07,education:noncollege,0.6357
TN-07,race:asian,0.0151
TN-07,race:black,0.151
TN-07,race:hispanic,0.0555
TN-07,race:other,0.0465
TN-07,race:white,0.7319
TN-08,age:18-29,0.1713
TN-08,age:30-44,0.2411
TN-08,age:45-64,0.3354
TN-08,age:65+,0.2522
TN-08,education:college,0.3162
TN-08,education:noncollege,0.6838
TN-08,race:asian,0.0185
TN-08,race:black,0.1702
TN-08,race:hispanic,0.0217
TN-08,race:other,0.0406
TN-08,race:white,0.7489
TN-09,age:18-29,0.235
TN-09,age:30-44,0.2779
TN-09,age:45-64,0.2893
TN-09,age:65+,0.1978
TN-09,education:college,0.2687
TN-09,education:noncollege,0.7313
TN-09,race:asian,0.0156
TN-09,race:black,0.6381
TN-09,race:hispanic,0.0385
TN-09,race:other,0.0309
TN-09,race:white,0.277
TX,age:18-29,0.2225
TX,age:30-44,0.2879
TX,age:45-64,0.3049
TX,age:65+,0.1847
TX,education:college,0.3516
TX,education:noncollege,0.6484
TX,race:asian,0.05
TX,race:black,0.1339
TX,race:hispanic,0.3233
TX,race:other,0.0336
TX,race:white,0.4592
TX-01,age:18-29,0.1968
TX-01,age:30-44,0.2513
TX-01,age:45-64,0.3079
TX-01,age:65+,0.244
TX-01,education:college,0.2457
TX-01,education:noncollege,0.7543
TX-01,race:asian,0.0073
TX-01,race:black,0.0
TX-01,race:hispanic,0.1173
TX-01,race:other,0.2154
TX-01,race:white,0.6601
TX-02,age:18-29,0.21
TX-02,age:30-44,0.2786
TX-02,age:45-64,0.3354
TX-02,age:65+,0.1759
TX-02,education:college,0.3934
TX-02,education:noncollege,0.6066
TX-02,race:asian,0.0412
TX-02,race:black,0.1541
TX-02,race:hispanic,0.2542
TX-02,race:other,0.0276
TX-02,race:white,0.5229
TX-03,age:18-29,0.1921
TX-03,age:30-44,0.2919
TX-03,age:45-64,0.3484
TX-03,age:65+,0.1676
TX-03,education:college,0.528
TX-03,education:noncollege,0.472
TX-03,race:asian,0.1139
TX-03,race:black,0.1148
TX-03,race:hispanic,0.1445
TX-03,race:other,0.0328
TX-03,race:white,0.594
TX-04,age:18-29,0.1774
TX-04,age:30-44,0.303
TX-04,age:45-64,0.327
TX-04,age:65+,0.1926
TX-04,education:college,0.4532
TX-04,education:noncollege,0.5468
TX-04,race:asian,0.0842
TX-04,race:black,0.0963
TX-04,race:hispanic,0.1151
TX-04,race:other,0.0458
TX-04,race:white,0.6586
TX-05,age:18-29,0.2045
TX-05,age:30-44,0.2702
TX-05,age:45-64,0.3159
TX-05,age:65+,0.2094
TX-05,education:college,0.2352
TX-05,education:noncollege,0.7648
TX-05,race:asian,0.0504
TX-05,race:black,0.16
TX-05,race:hispanic,0.2322
TX-05,race:other,0.0374
TX-05,race:white,0.52
TX-06,age:18-29,0.2172
TX-06,age:30-44,0.2948
TX-06,age:45-64,0.3119
TX-06,age:65+,0.1761
TX-06,education:college,0.2893
TX-06,education:noncollege,0.7107
TX-06,race:asian,0.0295
TX-06,race:black,0.1618
TX-06,race:hispanic,0.2605
TX-06,race:other,0.0373
TX-06,race:white,0.5109
TX-07,age:18-29,0.2372
TX-07,age:30-44,0.3229
TX-07,age:45-64,0.2779
TX-07,age:65+,0.1619
TX-07,education:college,0.4986
TX-07,education:noncollege,0.5014
TX-07,race:asian,0.2109
TX-07,race:black,0.2213
TX-07,race:hispanic,0.2176
TX-07,race:other,0.0331
TX-07,race:white,0.3172
TX-08,age:18-29,0.1808
TX-08,age:30-44,0.3137
TX-08,age:45-64,0.326
TX-08,age:65+,0.1795
TX-08,education:college,0.3669
TX-08,education:noncollege,0.6331
TX-08,race:asian,0.0658
TX-08,race:black,0.1323
TX-08,race:hispanic,0.2485
TX-08,race:other,0.0358
TX-08,race:white,0.5176
TX-09,age:18-29,0.2222
TX-09,age:30-44,0.3074
TX-09,age:45-64,0.3096
TX-09,age:65+,0.1609
TX-09,education:college,0.3229
TX-09,education:noncollege,0.6771
TX-09,race:asian,0.0873
TX-09,race:black,0.4671
TX-09,race:hispanic,0.2638
TX-09,race:other,0.0213
TX-09,race:white,0.1605
TX-10,age:18-29,0.2462
TX-10,age:30-44,0.2452
TX-10,age:45-64,0.297
TX-10,age:65+,0.2116
TX-10,education:college,0.4356
TX-10,education:noncollege,0.5644
TX-10,race:asian,0.0389
TX-10,race:black,0.0861
TX-10,race:hispanic,0.2066
TX-10,race:other,0.0485
TX-10,race:white,0.62
TX-11,age:18-29,0.2337
TX-11,age:30-44,0.297
TX-11,age:45-64,0.2863
TX-11,age:65+,0.183
TX-11,education:college,0.2474
TX-11,education:noncollege,0.7526
TX-11,race:asian,0.0193
TX-11,race:black,0.1261
TX-11,race:hispanic,0.3489
TX-11,race:other,0.0289
TX-11,race:white,0.4769
TX-12,age:18-29,0.2256
TX-12,age:30-44,0.3034
TX-12,age:45-64,0.3018
TX-12,age:65+,0.1692
TX-12,education:college,0.3414
TX-12,education:noncollege,0.6586
TX-12,race:asian,0.031
TX-12,race:black,0.1207
TX-12,race:hispanic,0.1847
TX-12,race:other,0.049
TX-12,race:white,0.6146
TX-13,age:18-29,0.2395
TX-13,age:30-44,0.2674
TX-13,age:45-64,0.2869
TX-13,age:65+,0.2063
TX-13,education:college,0.2779
TX-13,education:noncollege,0.7221
TX-13,race:asian,0.0169
TX-13,race:black,0.074
TX-13,race:hispanic,0.225
TX-13,race:other,0.0364
TX-13,race:white,0.6476
TX-14,age:18-29,0.188
TX-14,age:30-44,0.2707
TX-14,age:45-64,0.3263
TX-14,age:65+,0.215
TX-14,education:college,0.268
TX-14,education:noncollege,0.732
TX-14,race:asian,0.0295
TX-14,race:black,0.0
TX-14,race:hispanic,0.2115
TX-14,race:other,0.1887
TX-14,race:white,0.5703
TX-15,age:18-29,0.2382
TX-15,age:30-44,0.2781
TX-15,age:45-64,0.2995
TX-15,age:65+,0.1842
TX-15,education:college,0.2401
TX-15,education:noncollege,0.7599
TX-15,race:asian,0.0088
TX-15,race:black,0.0189
TX-15,race:hispanic,0.7453
TX-15,race:other,0.012
TX-15,race:white,0.2151
TX-16,age:18-29,0.2471
TX-16,age:30-44,0.2812
TX-16,age:45-64,0.2868
TX-16,age:65+,0.185
TX-16,education:college,0.2784
TX-16,education:noncollege,0.7216
TX-16,race:asian,0.0154
TX-16,race:black,0.0
TX-16,race:hispanic,0.7961
TX-16,race:other,0.0526
TX-16,race:white,0.1359
TX-17,age:18-29,0.243
TX-17,age:30-44,0.2573
TX-17,age:45-64,0.2984
TX-17,age:65+,0.2013
TX-17,education:college,0.2927
TX-17,education:noncollege,0.7073
TX-17,race:asian,0.0199
TX-17,race:black,0.151
TX-17,race:hispanic,0.2089
TX-17,race:other,0.0428
TX-17,race:white,0.5774
TX-18,age:18-29,0.264
TX-18,age:30-44,0.3094
TX-18,age:45-64,0.2888
TX-18,age:65+,0.1378
TX-18,education:college,0.3034
TX-18,education:noncollege,0.6966
TX-18,race:asian,0.0534
TX-18,race:black,0.387
TX-18,race:hispanic,0.3138
TX-18,race:other,0.0298
TX-18,race:white,0.216
TX-19,age:18-29,0.26
TX-19,age:30-44,0.2706
TX-19,age:45-64,0.2767
TX-19,age:65+,0.1926
TX-19,education:college,0.2508
TX-19,education:noncollege,0.7492
TX-19,race:asian,0.0134
TX-19,race:black,0.0572
TX-19,race:hispanic,0.3529
TX-19,race:other,0.0309
TX-19,race:white,0.5455
TX-20,age:18-29,0.2571
TX-20,age:30-44,0.3042
TX-20,age:45-64,0.2798
TX-20,age:65+,0.1589
TX-20,education:college,0.2589
TX-20,education:noncollege,0.7411
TX-20,race:asian,0.0227
TX-20,race:black,0.0663
TX-20,race:hispanic,0.6832
TX-20,race:other,0.0175
TX-20,race:white,0.2102
TX-21,age:18-29,0.1804
TX-21,age:30-44,0.2537
TX-21,age:45-64,0.3109
TX-21,age:65+,0.2549
TX-21,education:college,0.4746
TX-21,education:noncollege,0.5254
TX-21,race:asian,0.0212
TX-21,race:black,0.046
TX-21,race:hispanic,0.2791
TX-21,race:other,0.0319
TX-21,race:white,0.6218
TX-22,age:18-29,0.1831
TX-22,age:30-44,0.2933
TX-22,age:45-64,0.3415
TX-22,age:65+,0.1821
TX-22,education:college,0.4927
TX-22,education:noncollege,0.5073
TX-22,race:asian,0.1436
TX-22,race:black,0.1376
TX-22,race:hispanic,0.2452
TX-22,race:other,0.0369
TX-22,race:white,0.4367
TX-23,age:18-29,0.2122
TX-23,age:30-44,0.2875
TX-23,age:45-64,0.3061
TX-23,age:65+,0.1943
TX-23,education:college,0.317
TX-23,education:noncollege,0.683
TX-23,race:asian,0.0302
TX-23,race:black,0.0444
TX-23,race:hispanic,0.578
TX-23,race:other,0.0295
TX-23,race:white,0.3179
TX-24,age:18-29,0.1706
TX-24,age:30-44,0.2706
TX-24,age:45-64,0.3514
TX-24,age:65+,0.2075
TX-24,education:college,0.558
TX-24,education:noncollege,0.442
TX-24,race:asian,0.0818
TX-24,race:black,0.0715
TX-24,race:hispanic,0.1462
TX-24,race:other,0.0419
TX-24,race:white,0.6586
TX-25,age:18-29,0.2179
TX-25,age:30-44,0.2638
TX-25,age:45-64,0.3012
TX-25,age:65+,0.2171
TX-25,education:college,0.3239
TX-25,education:noncollege,0.6761
TX-25,race:asian,0.0287
TX-25,race:black,0.1334
TX-25,race:hispanic,0.1857
TX-25,race:other,0.0295
TX-25,race:white,0.6227
TX-26,age:18-29,0.1771
TX-26,age:30-44,0.3059
TX-26,age:45-64,0.3501
TX-26,age:65+,0.1668
TX-26,education:college,0.5136
TX-26,education:noncollege,0.4864
TX-26,race:asian,0.0943
TX-26,race:black,0.0993
TX-26,race:hispanic,0.1563
TX-26,race:other,0.0446
TX-26,race:white,0.6055
TX-27,age:18-29,0.2004
TX-27,age:30-44,0.263
TX-27,age:45-64,0.3053
TX-27,age:65+,0.2313
TX-27,education:college,0.2444
TX-27,education:noncollege,0.7556
TX-27,race:asian,0.0134
TX-27,race:black,0.0
TX-27,race:hispanic,0.4972
TX-27,race:other,0.0691
TX-27,race:white,0.4204
TX-28,age:18-29,0.2342
TX-28,age:30-44,0.2815
TX-28,age:45-64,0.3094
TX-28,age:65+,0.1749
TX-28,education:college,0.2165
TX-28,education:noncollege,0.7835
TX-28,race:asian,0.0101
TX-28,race:black,0.0589
TX-28,race:hispanic,0.6896
TX-28,race:other,0.0209
TX-28,race:white,0.2205
TX-29,age:18-29,0.2432
TX-29,age:30-44,0.2964
TX-29,age:45-64,0.3019
TX-29,age:65+,0.1585
TX-29,education:college,0.1513
TX-29,education:noncollege,0.8487
TX-29,race:asian,0.029
TX-29,race:black,0.1732
TX-29,race:hispanic,0.6649
TX-29,race:other,0.0156
TX-29,race:white,0.1173
TX-30,age:18-29,0.2461
TX-30,age:30-44,0.2867
TX-30,age:45-64,0.3001
TX-30,age:65+,0.1671
TX-30,education:college,0.3238
TX-30,education:noncollege,0.6762
TX-30,race:asian,0.0467
TX-30,race:black,0.438
TX-30,race:hispanic,0.2674
TX-30,race:other,0.0334
TX-30,race:white,0.2145
TX-31,age:18-29,0.2002
TX-31,age:30-44,0.3042
TX-31,age:45-64,0.2945
TX-31,age:65+,0.2011
TX-31,education:college,0.388
TX-31,education:noncollege,0.612
TX-31,race:asian,0.0428
TX-31,race:black,0.0823
TX-31,race:hispanic,0.2062
TX-31,race:other,0.0437
TX-31,race:white,0.6251
TX-32,age:18-29,0.2788
TX-32,age:30-44,0.314
TX-32,age:45-64,0.2684
TX-32,age:65+,0.1387
TX-32,education:college,0.4371
TX-32,education:noncollege,0.5629
TX-32,race:asian,0.0793
TX-32,race:black,0.2338
TX-32,race:hispanic,0.2324
TX-32,race:other,0.037
TX-32,race:white,0.4174
TX-33,age:18-29,0.2687
TX-33,age:30-44,0.2968
TX-33,age:45-64,0.2835
TX-33,age:65+,0.151
TX-33,education:college,0.2421
TX-33,education:noncollege,0.7579
TX-33,race:asian,0.0634
TX-33,race:black,0.238
TX-33,race:hispanic,0.4729
TX-33,race:other,0.0297
TX-33,race:white,0.196
TX-34,age:18-29,0.2623
TX-34,age:30-44,0.2562
TX-34,age:45-64,0.2869
TX-34,age:65+,0.1946
TX-34,education:college,0.2061
TX-34,education:noncollege,0.7939
TX-34,race:asian,0.0097
TX-34,race:black,0.0
TX-34,race:hispanic,0.8659
TX-34,race:other,0.0153
TX-34,race:white,0.1091
TX-35,age:18-29,0.267
TX-35,age:30-44,0.3388
TX-35,age:45-64,0.2753
TX-35,age:65+,0.1189
TX-35,education:college,0.3354
TX-35,education:noncollege,0.6646
TX-35,race:asian,0.0389
TX-35,race:black,0.1369
TX-35,race:hispanic,0.4432
TX-35,race:other,0.0341
TX-35,race:white,0.3468
TX-36,age:18-29,0.2158
TX-36,age:30-44,0.2713
TX-36,age:45-64,0.3152
TX-36,age:65+,0.1977
TX-36,education:college,0.249
TX-36,education:noncollege,0.751
TX-36,race:asian,0.0364
TX-36,race:black,0.128
TX-36,race:hispanic,0.2732
TX-36,race:other,0.0472
TX-36,race:white,0.5153
TX-37,age:18-29,0.2542
TX-37,age:30-44,0.3412
TX-37,age:45-64,0.2581
TX-37,age:65+,0.1464
TX-37,education:college,0.6474
TX-37,education:noncollege,0.3526
TX-37,race:asian,0.0808
TX-37,race:black,0.0712
TX-37,race:hispanic,0.224
TX-37,race:other,0.0419
TX-37,race:white,0.5821
TX-38,age:18-29,0.1946
TX-38,age:30-44,0.2848
TX-38,age:45-64,0.3179
TX-38,age:65+,0.2027
TX-38,education:college,0.515
TX-38,education:noncollege,0.485
TX-38,race:asian,0.1012
TX-38,race:black,0.1091
TX-38,race:hispanic,0.2008
TX-38,race:other,0.0505
TX-38,race:white,0.5384
US,age:18-29,0.2006
US,age:30-44,0.2614
US,age:45-64,0.3088
US,age:65+,0.2292
US,education:college,0.3685
US,education:noncollege,0.6315
US,race:asian,0.052
US,race:black,0.1223
US,race:hispanic,0.1455
US,race:other,0.0467
US,race:white,0.6334
UT,age:18-29,0.2692
UT,age:30-44,0.2829
UT,age:45-64,0.2788
UT,age:65+,0.1692
UT,education:college,0.3912
UT,education:noncollege,0.6088
UT,race:asian,0.0237
UT,race:black,0.0099
UT,race:hispanic,0.1096
UT,race:other,0.0529
UT,race:white,0.8038
UT-01,age:18-29,0.2773
UT-01,age:30-44,0.2784
UT-01,age:45-64,0.2771
UT-01,age:65+,0.1672
UT-01,education:college,0.3894
UT-01,education:noncollege,0.6106
UT-01,race:asian,0.0224
UT-01,race:black,0.0085
UT-01,race:hispanic,0.1013
UT-01,race:other,0.0412
UT-01,race:white,0.8266
UT-02,age:18-29,0.2439
UT-02,age:30-44,0.2797
UT-02,age:45-64,0.2833
UT-02,age:65+,0.1931
UT-02,education:college,0.3513
UT-02,education:noncollege,0.6487
UT-02,race:asian,0.0272
UT-02,race:black,0.0132
UT-02,race:hispanic,0.1256
UT-02,race:other,0.0537
UT-02,race:white,0.7802
UT-03,age:18-29,0.3011
UT-03,age:30-44,0.2564
UT-03,age:45-64,0.2629
UT-03,age:65+,0.1796
UT-03,education:college,0.458
UT-03,education:noncollege,0.542
UT-03,race:asian,0.0239
UT-03,race:black,0.007
UT-03,race:hispanic,0.0785
UT-03,race:other,0.0621
UT-03,race:white,0.8285
UT-04,age:18-29,0.2566
UT-04,age:30-44,0.3161
UT-04,age:45-64,0.291
UT-04,age:65+,0.1363
UT-04,education:college,0.3744
UT-04,education:noncollege,0.6256
UT-04,race:asian,0.0212
UT-04,race:black,0.0109
UT-04,race:hispanic,0.1324
UT-04,race:other,0.0552
UT-04,race:white,0.7803
VA,age:18-29,0.1995
VA,age:30-44,0.264
VA,age:45-64,0.3129
VA,age:65+,0.2235
VA,education:college,0.4334
VA,education:noncollege,0.5666
VA,race:asian,0.0604
VA,race:black,0.1895
VA,race:hispanic,0.0744
VA,race:other,0.0449
VA,race:white,0.6309
VA-01,age:18-29,0.1646
VA-01,age:30-44,0.2475
VA-01,age:45-64,0.3214
VA-01,age:65+,0.2665
VA-01,education:college,0.4931
VA-01,education:noncollege,0.5069
VA-01,race:asian,0.0459
VA-01,race:black,0.1282
VA-01,race:hispanic,0.0471
VA-01,race:other,0.0459
VA-01,race:white,0.733
VA-02,age:18-29,0.1782
VA-02,age:30-44,0.2804
VA-02,age:45-64,0.3168
VA-02,age:65+,0.2246
VA-02,education:college,0.3978
VA-02,education:noncollege,0.6022
VA-02,race:asian,0.0451
VA-02,race:black,0.2236
VA-02,race:hispanic,0.0639
VA-02,race:other,0.0498
VA-02,race:white,0.6175
VA-03,age:18-29,0.2524
VA-03,age:30-44,0.2812
VA-03,age:45-64,0.2685
VA-03,age:65+,0.1979
VA-03,education:college,0.3097
VA-03,education:noncollege,0.6903
VA-03,race:asian,0.0252
VA-03,race:black,0.4377
VA-03,race:hispanic,0.0685
VA-03,race:other,0.0489
VA-03,race:white,0.4196
VA-04,age:18-29,0.2135
VA-04,age:30-44,0.2889
VA-04,age:45-64,0.2893
VA-04,age:65+,0.2083
VA-04,education:college,0.3528
VA-04,education:noncollege,0.6472
VA-04,race:asian,0.0184
VA-04,race:black,0.4202
VA-04,race:hispanic,0.0599
VA-04,race:other,0.0414
VA-04,race:white,0.4602
VA-05,age:18-29,0.2046
VA-05,age:30-44,0.223
VA-05,age:45-64,0.3008
VA-05,age:65+,0.2716
VA-05,education:college,0.3486
VA-05,education:noncollege,0.6514
VA-05,race:asian,0.0162
VA-05,race:black,0.1995
VA-05,race:hispanic,0.0279
VA-05,race:other,0.0382
VA-05,race:white,0.7183
VA-06,age:18-29,0.2024
VA-06,age:30-44,0.2357
VA-06,age:45-64,0.3018
VA-06,age:65+,0.2601
VA-06,education:college,0.2975
VA-06,education:noncollege,0.7025
VA-06,race:asian,0.0122
VA-06,race:black,0.0732
VA-06,race:hispanic,0.0553
VA-06,race:other,0.0384
VA-06,race:white,0.8208
VA-07,age:18-29,0.2025
VA-07,age:30-44,0.2787
VA-07,age:45-64,0.3315
VA-07,age:65+,0.1872
VA-07,education:college,0.387
VA-07,education:noncollege,0.613
VA-07,race:asian,0.0524
VA-07,race:black,0.2154
VA-07,race:hispanic,0.126
VA-07,race:other,0.0527
VA-07,race:white,0.5535
VA-08,age:18-29,0.2077
VA-08,age:30-44,0.3133
VA-08,age:45-64,0.2911
VA-08,age:65+,0.188
VA-08,education:college,0.6644
VA-08,education:noncollege,0.3356
VA-08,race:asian,0.1143
VA-08,race:black,0.1424
VA-08,race:hispanic,0.1419
VA-08,race:other,0.0474
VA-08,race:white,0.554
VA-09,age:18-29,0.1991
VA-09,age:30-44,0.2058
VA-09,age:45-64,0.3193
VA-09,age:65+,0.2758
VA-09,education:college,0.2423
VA-09,education:noncollege,0.7577
VA-09,race:asian,0.0124
VA-09,race:black,0.056
VA-09,race:hispanic,0.0252
VA-09,race:other,0.0313
VA-09,race:white,0.8751
VA-10,age:18-29,0.1742
VA-10,age:30-44,0.2861
VA-10,age:45-64,0.3606
VA-10,age:65+,0.1791
VA-10,education:college,0.5713
VA-10,education:noncollege,0.4287
VA-10,race:asian,0.1444
VA-10,race:black,0.0923
VA-10,race:hispanic,0.1236
VA-10,race:other,0.0497
VA-10,race:white,0.59
VA-11,age:18-29,0.1969
VA-11,age:30-44,0.2688
VA-11,age:45-64,0.3427
VA-11,age:65+,0.1915
VA-11,education:college,0.6964
VA-11,education:noncollege,0.3036
VA-11,race:asian,0.2144
VA-11,race:black,0.083
VA-11,race:hispanic,0.1026
VA-11,race:other,0.0533
VA-11,race:white,0.5467
VT,age:18-29,0.183
VT,age:30-44,0.2261
VT,age:45-64,0.3141
VT,age:65+,0.2768
VT,education:college,0.451
VT,education:noncollege,0.549
VT,race:asian,0.0165
VT,race:black,0.0
VT,race:hispanic,0.0224
VT,race:other,0.0528
VT,race:white,0.9083
VT-01,age:18-29,0.183
VT-01,age:30-44,0.2261
VT-01,age:45-64,0.3141
VT-01,age:65+,0.2768
VT-01,education:college,0.451
VT-01,education:noncollege,0.549
VT-01,race:asian,0.0165
VT-01,race:black,0.0
VT-01,race:hispanic,0.0224
VT-01,race:other,0.0528
VT-01,race:white,0.9083
WA,age:18-29,0.1971
WA,age:30-44,0.2888
WA,age:45-64,0.2955
WA,age:65+,0.2186
WA,education:college,0.4102
WA,education:noncollege,0.5898
WA,race:asian,0.084
WA,race:black,0.0389
WA,race:hispanic,0.1001
WA,race:other,0.0769
WA,race:white,0.7002
WA-01,age:18-29,0.1875
WA-01,age:30-44,0.3418
WA-01,age:45-64,0.3009
WA-01,age:65+,0.1698
WA-01,education:college,0.5453
WA-01,education:noncollege,0.4547
WA-01,race:asian,0.159
WA-01,race:black,0.0249
WA-01,race:hispanic,0.0719
WA-01,race:other,0.071
WA-01,race:white,0.673
WA-02,age:18-29,0.1979
WA-02,age:30-44,0.2579
WA-02,age:45-64,0.2837
WA-02,age:65+,0.2605
WA-02,education:college,0.3879
WA-02,education:noncollege,0.6121
WA-02,race:asian,0.0624
WA-02,race:black,0.0287
WA-02,race:hispanic,0.0891
WA-02,race:other,0.0717
WA-02,race:white,0.7481
WA-03,age:18-29,0.1744
WA-03,age:30-44,0.2624
WA-03,age:45-64,0.3214
WA-03,age:65+,0.2419
WA-03,education:college,0.3029
WA-03,education:noncollege,0.6971
WA-03,race:asian,0.0357
WA-03,race:black,0.0189
WA-03,race:hispanic,0.0798
WA-03,race:other,0.0663
WA-03,race:white,0.7993
WA-04,age:18-29,0.217
WA-04,age:30-44,0.2728
WA-04,age:45-64,0.2941
WA-04,age:65+,0.2161
WA-04,education:college,0.2546
WA-04,education:noncollege,0.7454
WA-04,race:asian,0.0202
WA-04,race:black,0.0
WA-04,race:hispanic,0.2884
WA-04,race:other,0.0708
WA-04,race:white,0.6206
WA-05,age:18-29,0.2135
WA-05,age:30-44,0.2608
WA-05,age:45-64,0.284
WA-05,age:65+,0.2417
WA-05,education:college,0.3338
WA-05,education:noncollege,0.6662
WA-05,race:asian,0.0215
WA-05,race:black,0.0155
WA-05,race:hispanic,0.0684
WA-05,race:other,0.0701
WA-05,race:white,0.8245
WA-06,age:18-29,0.1608
WA-06,age:30-44,0.2681
WA-06,age:45-64,0.2873
WA-06,age:65+,0.2837
WA-06,education:college,0.3671
WA-06,education:noncollege,0.6329
WA-06,race:asian,0.0377
WA-06,race:black,0.0316
WA-06,race:hispanic,0.0772
WA-06,race:other,0.0915
WA-06,race:white,0.7619
WA-07,age:18-29,0.2413
WA-07,age:30-44,0.3451
WA-07,age:45-64,0.2564
WA-07,age:65+,0.1572
WA-07,education:college,0.6784
WA-07,education:noncollege,0.3216
WA-07,race:asian,0.1258
WA-07,race:black,0.0475
WA-07,race:hispanic,0.0817
WA-07,race:other,0.0806
WA-07,race:white,0.6643
WA-08,age:18-29,0.1593
WA-08,age:30-44,0.2829
WA-08,age:45-64,0.3434
WA-08,age:65+,0.2144
WA-08,education:college,0.4322
WA-08,education:noncollege,0.5678
WA-08,race:asian,0.091
WA-08,race:black,0.0206
WA-08,race:hispanic,0.0804
WA-08,race:other,0.0659
WA-08,race:white,0.7421
WA-09,age:18-29,0.2054
WA-09,age:30-44,0.2994
WA-09,age:45-64,0.2981
WA-09,age:65+,0.1972
WA-09,education:college,0.424
WA-09,education:noncollege,0.576
WA-09,race:asian,0.2296
WA-09,race:black,0.1183
WA-09,race:hispanic,0.0869
WA-09,race:other,0.0902
WA-09,race:white,0.475
WA-10,age:18-29,0.211
WA-10,age:30-44,0.2907
WA-10,age:45-64,0.2919
WA-10,age:65+,0.2064
WA-10,education:college,0.3323
WA-10,education:noncollege,0.6677
WA-10,race:asian,0.0813
WA-10,race:black,0.0781
WA-10,race:hispanic,0.1006
WA-10,race:other,0.1012
WA-10,race:white,0.6388
WI,age:18-29,0.1966
WI,age:30-44,0.2421
WI,age:45-64,0.3136
WI,age:65+,0.2477
WI,education:college,0.3456
WI,education:noncollege,0.6544
WI,race:asian,0.0227
WI,race:black,0.0547
WI,race:hispanic,0.0535
WI,race:other,0.0382
WI,race:white,0.8309
WI-01,age:18-29,0.1916
WI-01,age:30-44,0.2337
WI-01,age:45-64,0.3315
WI-01,age:65+,0.2431
WI-01,education:college,0.3161
WI-01,education:noncollege,0.6839
WI-01,race:asian,0.0154
WI-01,race:black,0.0
WI-01,race:hispanic,0.0972
WI-01,race:other,0.0968
WI-01,race:white,0.7905
WI-02,age:18-29,0.2468
WI-02,age:30-44,0.2599
WI-02,age:45-64,0.279
WI-02,age:65+,0.2143
WI-02,education:college,0.5053
WI-02,education:noncollege,0.4947
WI-02,race:asian,0.0353
WI-02,race:black,0.0349
WI-02,race:hispanic,0.0458
WI-02,race:other,0.0426
WI-02,race:white,0.8414
WI-03,age:18-29,0.2277
WI-03,age:30-44,0.2234
WI-03,age:45-64,0.2933
WI-03,age:65+,0.2557
WI-03,education:college,0.3032
WI-03,education:noncollege,0.6968
WI-03,race:asian,0.0165
WI-03,race:black,0.011
WI-03,race:hispanic,0.0236
WI-03,race:other,0.0314
WI-03,race:white,0.9174
WI-04,age:18-29,0.2488
WI-04,age:30-44,0.2888
WI-04,age:45-64,0.2762
WI-04,age:65+,0.1863
WI-04,education:college,0.3616
WI-04,education:noncollege,0.6384
WI-04,race:asian,0.035
WI-04,race:black,0.3118
WI-04,race:hispanic,0.1227
WI-04,race:other,0.041
WI-04,race:white,0.4894
WI-05,age:18-29,0.1618
WI-05,age:30-44,0.2383
WI-05,age:45-64,0.3354
WI-05,age:65+,0.2645
WI-05,education:college,0.4152
WI-05,education:noncollege,0.5848
WI-05,race:asian,0.0229
WI-05,race:black,0.0
WI-05,race:hispanic,0.0525
WI-05,race:other,0.0453
WI-05,race:white,0.8793
WI-06,age:18-29,0.1745
WI-06,age:30-44,0.2359
WI-06,age:45-64,0.3258
WI-06,age:65+,0.2638
WI-06,education:college,0.2954
WI-06,education:noncollege,0.7046
WI-06,race:asian,0.0218
WI-06,race:black,0.0178
WI-06,race:hispanic,0.0371
WI-06,race:other,0.0318
WI-06,race:white,0.8916
WI-07,age:18-29,0.148
WI-07,age:30-44,0.2164
WI-07,age:45-64,0.3394
WI-07,age:65+,0.2961
WI-07,education:college,0.27
WI-07,education:noncollege,0.73
WI-07,race:asian,0.0138
WI-07,race:black,0.0
WI-07,race:hispanic,0.02
WI-07,race:other,0.0538
WI-07,race:white,0.9124
WI-08,age:18-29,0.1768
WI-08,age:30-44,0.2434
WI-08,age:45-64,0.3265
WI-08,age:65+,0.2533
WI-08,education:college,0.3007
WI-08,education:noncollege,0.6993
WI-08,race:asian,0.0226
WI-08,race:black,0.0121
WI-08,race:hispanic,0.0396
WI-08,race:other,0.0472
WI-08,race:white,0.8784
WV,age:18-29,0.1814
WV,age:30-44,0.2283
WV,age:45-64,0.3183
WV,age:65+,0.272
WV,education:college,0.2438
WV,education:noncollege,0.7562
WV,race:asian,0.0059
WV,race:black,0.0323
WV,race:hispanic,0.0159
WV,race:other,0.0414
WV,race:white,0.9044
WV-01,age:18-29,0.1708
WV-01,age:30-44,0.2187
WV-01,age:45-64,0.3218
WV-01,age:65+,0.2887
WV-01,education:college,0.2223
WV-01,education:noncollege,0.7777
WV-01,race:asian,0.0042
WV-01,race:black,0.0
WV-01,race:hispanic,0.0099
WV-01,race:other,0.0785
WV-01,race:white,0.9074
WV-02,age:18-29,0.1913
WV-02,age:30-44,0.2375
WV-02,age:45-64,0.315
WV-02,age:65+,0.2562
WV-02,education:college,0.2644
WV-02,education:noncollege,0.7356
WV-02,race:asian,0.0076
WV-02,race:black,0.0292
WV-02,race:hispanic,0.0217
WV-02,race:other,0.04
WV-02,race:white,0.9016
WY,age:18-29,0.192
WY,age:30-44,0.2582
WY,age:45-64,0.2961
WY,age:65+,0.2537
WY,education:college,0.3228
WY,education:noncollege,0.6772
WY,race:asian,0.0
WY,race:black,0.0
WY,race:hispanic,0.0868
WY,race:other,0.0746
WY,race:white,0.8386
WY-01,age:18-29,0.192
WY-01,age:30-44,0.2582
WY-01,age:45-64,0.2961
WY-01,age:65+,0.2537
WY-01,education:college,0.3228
WY-01,education:noncollege,0.6772
WY-01,race:asian,0.0
WY-01,race:black,0.0
WY-01,race:hispanic,0.0868
WY-01,race:other,0.0746
WY-01,race:white,0.8386
