poll_id,office,state,district,pollster,start_date,end_date,sample_size,population,partisan,choice,pct
gen202cygqnc6obu6,generic,US,0,Cygnal,2025-01-09,2025-01-12,1500.0,lv,,Dem,44.6
gen202cygqnc6obu6,generic,US,0,Cygnal,2025-01-09,2025-01-12,1500.0,lv,,Rep,46.8
gen202rmg4ozl7t6b,generic,US,0,RMG Research,2025-01-15,2025-01-16,1000.0,rv,,Dem,44.0
gen202rmg4ozl7t6b,generic,US,0,RMG Research,2025-01-15,2025-01-16,1000.0,rv,,Rep,51.0
gen202qua30mem0sb,generic,US,0,Quantus Insights,2025-01-22,2025-01-23,1000.0,rv,R,Dem,45.0
gen202qua30mem0sb,generic,US,0,Quantus Insights,2025-01-22,2025-01-23,1000.0,rv,R,Rep,48.0
gen202mcl60gh0sr5,generic,US,0,McLaughlin & Associates,2025-01-22,2025-01-27,1000.0,lv,,Dem,40.0
gen202mcl60gh0sr5,generic,US,0,McLaughlin & Associates,2025-01-22,2025-01-27,1000.0,lv,,Rep,48.0
gen202clamw35tq8u,generic,US,0,Clarity Campaign Labs,2025-01-31,2025-02-06,1102.0,rv,,Dem,45.0
gen202clamw35tq8u,generic,US,0,Clarity Campaign Labs,2025-01-31,2025-02-06,1102.0,rv,,Rep,44.0
gen202fabe2zwvj7q,generic,US,0,"Fabrizio, Lee & Associates/Impact Research",2025-01-27,2025-02-01,3000.0,rv,,Dem,43.0
gen202fabe2zwvj7q,generic,US,0,"Fabrizio, Lee & Associates/Impact Research",2025-01-27,2025-02-01,3000.0,rv,,Rep,43.0
gen202cyg5abgxlqw,generic,US,0,Cygnal,2025-02-04,2025-02-05,1500.0,lv,,Dem,46.2
gen202cyg5abgxlqw,generic,US,0,Cygnal,2025-02-04,2025-02-05,1500.0,lv,,Rep,47.2
gen202quasdivo0qp,generic,US,0,Quantus Insights,2025-02-10,2025-02-12,1000.0,rv,R,Dem,44.0
gen202quasdivo0qp,generic,US,0,Quantus Insights,2025-02-10,2025-02-12,1000.0,rv,R,Rep,48.0
gen202ech0mh719m0,generic,US,0,Echelon Insights,2025-02-10,2025-02-13,1010.0,lv,,Dem,46.0
gen202ech0mh719m0,generic,US,0,Echelon Insights,2025-02-10,2025-02-13,1010.0,lv,,Rep,47.0
gen202youkoep0g85,generic,US,0,YouGov,2025-02-16,2025-02-18,1603.0,a,,Dem,35.0
gen202youkoep0g85,generic,US,0,YouGov,2025-02-16,2025-02-18,1603.0,a,,Rep,37.0
gen202youxm9gp3wb,generic,US,0,YouGov,2025-02-16,2025-02-18,1451.0,rv,,Dem,42.0
gen202youxm9gp3wb,generic,US,0,YouGov,2025-02-16,2025-02-18,1451.0,rv,,Rep,41.0
gen202mcl17umhafe,generic,US,0,McLaughlin & Associates,2025-02-11,2025-02-18,1000.0,lv,,Dem,41.0
gen202mcl17umhafe,generic,US,0,McLaughlin & Associates,2025-02-11,2025-02-18,1000.0,lv,,Rep,48.0
gen202co/gegk2uur,generic,US,0,co/efficient,2025-02-15,2025-02-17,2063.0,lv,R,Dem,44.0
gen202co/gegk2uur,generic,US,0,co/efficient,2025-02-15,2025-02-17,2063.0,lv,R,Rep,46.0
gen202rmgio02rlo0,generic,US,0,RMG Research,2025-02-20,2025-02-21,1000.0,rv,,Dem,46.0
gen202rmgio02rlo0,generic,US,0,RMG Research,2025-02-20,2025-02-21,1000.0,rv,,Rep,48.0
gen202eme3uzn57et,generic,US,0,Emerson College,2025-03-02,2025-03-03,1000.0,rv,,Dem,44.4
gen202eme3uzn57et,generic,US,0,Emerson College,2025-03-02,2025-03-03,1000.0,rv,,Rep,41.4
gen202cla976max11,generic,US,0,Clarity Campaign Labs,2025-03-03,2025-03-09,1036.0,rv,,Dem,46.0
gen202cla976max11,generic,US,0,Clarity Campaign Labs,2025-03-03,2025-03-09,1036.0,rv,,Rep,44.0
gen202har342tk60o,generic,US,0,Hart Research Associates/Public Opinion Strategies,2025-03-07,2025-03-11,1000.0,rv,,Dem,48.0
gen202har342tk60o,generic,US,0,Hart Research Associates/Public Opinion Strategies,2025-03-07,2025-03-11,1000.0,rv,,Rep,47.0
gen202cyg8hz85otp,generic,US,0,Cygnal,2025-03-03,2025-03-05,1500.0,lv,,Dem,47.4
gen202cyg8hz85otp,generic,US,0,Cygnal,2025-03-03,2025-03-05,1500.0,lv,,Rep,45.9
gen202ech2d6zin7q,generic,US,0,Echelon Insights,2025-03-10,2025-03-13,1007.0,lv,,Dem,46.0
gen202ech2d6zin7q,generic,US,0,Echelon Insights,2025-03-10,2025-03-13,1007.0,lv,,Rep,47.0
genconpubv3i0h704,generic,US,0,Public Opinion Strategies,2025-02-25,2025-03-02,1000.0,rv,,Dem,44.0
genconpubv3i0h704,generic,US,0,Public Opinion Strategies,2025-02-25,2025-03-02,1000.0,rv,,Rep,46.0
gen202quaiwtcm3aw,generic,US,0,Quantus Insights,2025-03-25,2025-03-27,1000.0,rv,,Dem,45.4
gen202quaiwtcm3aw,generic,US,0,Quantus Insights,2025-03-25,2025-03-27,1000.0,rv,,Rep,46.3
gen202mclhngt13y7,generic,US,0,McLaughlin & Associates,2025-03-04,2025-03-07,2000.0,rv,R,Dem,43.7
gen202mclhngt13y7,generic,US,0,McLaughlin & Associates,2025-03-04,2025-03-07,2000.0,rv,R,Rep,45.7
gen202fabfbik5htr,generic,US,0,"Fabrizio, Lee & Associates/Impact Research",2025-03-27,2025-04-01,1500.0,rv,,Dem,44.0
gen202fabfbik5htr,generic,US,0,"Fabrizio, Lee & Associates/Impact Research",2025-03-27,2025-04-01,1500.0,rv,,Rep,43.0
gen202cyg94pl7ubt,generic,US,0,Cygnal,2025-04-01,2025-04-03,1500.0,lv,,Dem,48.0
gen202cyg94pl7ubt,generic,US,0,Cygnal,2025-04-01,2025-04-03,1500.0,lv,,Rep,47.0
gen202youc23q9p7i,generic,US,0,YouGov,2025-04-05,2025-04-08,1735.0,a,,Dem,39.0
gen202youc23q9p7i,generic,US,0,YouGov,2025-04-05,2025-04-08,1735.0,a,,Rep,36.0
gen202youop519jwx,generic,US,0,YouGov,2025-04-05,2025-04-08,1558.0,rv,,Dem,43.0
gen202youop519jwx,generic,US,0,YouGov,2025-04-05,2025-04-08,1558.0,rv,,Rep,42.0
gen202ech9fpc5ln8,generic,US,0,Echelon Insights,2025-04-10,2025-04-14,1014.0,lv,,Dem,47.0
gen202ech9fpc5ln8,generic,US,0,Echelon Insights,2025-04-10,2025-04-14,1014.0,lv,,Rep,47.0
gen202hara7z5ongq,generic,US,0,Hart Research Associates/Public Opinion Strategies,2025-04-09,2025-04-13,1000.0,a,,Dem,48.0
gen202hara7z5ongq,generic,US,0,Hart Research Associates/Public Opinion Strategies,2025-04-09,2025-04-13,1000.0,a,,Rep,46.0
gen202yalkd7y97xk,generic,US,0,Yale University Institution for Social and Policy Studies,2025-04-01,2025-04-03,4100.0,rv,,Dem,43.3
gen202yalkd7y97xk,generic,US,0,Yale University Institution for Social and Policy Studies,2025-04-01,2025-04-03,4100.0,rv,,Rep,41.7
gen202cla7zlr4w0h,generic,US,0,Clarity Campaign Labs,2025-04-09,2025-04-14,1008.0,rv,,Dem,44.0
gen202cla7zlr4w0h,generic,US,0,Clarity Campaign Labs,2025-04-09,2025-04-14,1008.0,rv,,Rep,45.0
gen202cygm024mspc,generic,US,0,Cygnal,2025-09-02,2025-09-03,1500.0,lv,,Dem,47.6
gen202cygm024mspc,generic,US,0,Cygnal,2025-09-02,2025-09-03,1500.0,lv,,Rep,45.2
gen202you2p4uzn5h,generic,US,0,YouGov,2025-09-05,2025-09-08,1487.0,rv,,Dem,44.0
gen202you2p4uzn5h,generic,US,0,YouGov,2025-09-05,2025-09-08,1487.0,rv,,Rep,40.0
gen202claqz8c6eq2,generic,US,0,Clarity Campaign Labs,2025-09-04,2025-09-11,1001.0,rv,,Dem,50.0
gen202claqz8c6eq2,generic,US,0,Clarity Campaign Labs,2025-09-04,2025-09-11,1001.0,rv,,Rep,44.0
gen202reaoc9iug5s,generic,US,0,RealClear Opinion Research,2025-04-10,2025-04-12,1000.0,rv,,Dem,40.0
gen202reaoc9iug5s,generic,US,0,RealClear Opinion Research,2025-04-10,2025-04-12,1000.0,rv,,Rep,39.0
gen202rmgruk5bty0,generic,US,0,RMG Research,2025-04-16,2025-04-16,1000.0,rv,,Dem,50.0
gen202rmgruk5bty0,generic,US,0,RMG Research,2025-04-16,2025-04-16,1000.0,rv,,Rep,45.0
gen202nobrpl52457,generic,US,0,Noble Predictive Insights,2025-04-15,2025-04-18,2527.0,rv,,Dem,45.0
gen202nobrpl52457,generic,US,0,Noble Predictive Insights,2025-04-15,2025-04-18,2527.0,rv,,Rep,42.0
gen202thebjaz89iw,generic,US,0,The New York Times/Siena College,2025-04-21,2025-04-24,913.0,rv,,Dem,47.0
gen202thebjaz89iw,generic,US,0,The New York Times/Siena College,2025-04-21,2025-04-24,913.0,rv,,Rep,44.0
gen202mclvyxcp9xo,generic,US,0,McLaughlin & Associates,2025-04-16,2025-04-19,2000.0,rv,R,Dem,44.5
gen202mclvyxcp9xo,generic,US,0,McLaughlin & Associates,2025-04-16,2025-04-19,2000.0,rv,R,Rep,44.3
gen202mcl3ti3buj1,generic,US,0,McLaughlin & Associates,2025-04-16,2025-04-19,1638.0,lv,R,Dem,45.7
gen202mcl3ti3buj1,generic,US,0,McLaughlin & Associates,2025-04-16,2025-04-19,1638.0,lv,R,Rep,47.1
gen202beaf9167992,generic,US,0,Beacon Research/Shaw & Co. Research,2025-04-18,2025-04-21,1104.0,rv,,Dem,49.0
gen202beaf9167992,generic,US,0,Beacon Research/Shaw & Co. Research,2025-04-18,2025-04-21,1104.0,rv,,Rep,42.0
gen202big9kvk7nz9,generic,US,0,Big Data Poll,2025-05-03,2025-05-05,3128.0,rv,,Dem,40.2
gen202big9kvk7nz9,generic,US,0,Big Data Poll,2025-05-03,2025-05-05,3128.0,rv,,Rep,42.3
gen202truwu1eg21g,generic,US,0,TrueDot.ai,2025-04-23,2025-04-27,1448.0,rv,,Dem,45.0
gen202truwu1eg21g,generic,US,0,TrueDot.ai,2025-04-23,2025-04-27,1448.0,rv,,Rep,40.0
gen202quajinwv0yy,generic,US,0,Quantus Insights,2025-05-05,2025-05-07,1000.0,rv,R,Dem,45.2
gen202quajinwv0yy,generic,US,0,Quantus Insights,2025-05-05,2025-05-07,1000.0,rv,R,Rep,44.8
gen202echpyu49cpi,generic,US,0,Echelon Insights,2025-05-08,2025-05-12,1000.0,lv,,Dem,47.0
gen202echpyu49cpi,generic,US,0,Echelon Insights,2025-05-08,2025-05-12,1000.0,lv,,Rep,48.0
gen202verd5ikieo6,generic,US,0,Verasight,2025-05-01,2025-05-06,1000.0,a,,Dem,47.0
gen202verd5ikieo6,generic,US,0,Verasight,2025-05-01,2025-05-06,1000.0,a,,Rep,41.0
gen202co/4t7ptbdb,generic,US,0,co/efficient,2025-05-07,2025-05-09,1462.0,lv,R,Dem,45.0
gen202co/4t7ptbdb,generic,US,0,co/efficient,2025-05-07,2025-05-09,1462.0,lv,R,Rep,42.0
gen202cygvde1zskf,generic,US,0,Cygnal,2025-05-06,2025-05-08,1500.0,lv,,Dem,47.1
gen202cygvde1zskf,generic,US,0,Cygnal,2025-05-06,2025-05-08,1500.0,lv,,Rep,46.6
gen202atld6aqnb7h,generic,US,0,AtlasIntel,2025-05-21,2025-05-27,3469.0,rv,,Dem,50.9
gen202atld6aqnb7h,generic,US,0,AtlasIntel,2025-05-21,2025-05-27,3469.0,rv,,Rep,41.7
gen202rmg6xpdqeec,generic,US,0,RMG Research,2025-05-20,2025-05-21,1000.0,rv,,Dem,48.0
gen202rmg6xpdqeec,generic,US,0,RMG Research,2025-05-20,2025-05-21,1000.0,rv,,Rep,45.0
gen202mcljanjojb4,generic,US,0,McLaughlin & Associates,2025-05-21,2025-05-26,1000.0,rv,,Dem,43.0
gen202mcljanjojb4,generic,US,0,McLaughlin & Associates,2025-05-21,2025-05-26,1000.0,rv,,Rep,47.0
gen202fabu4lhyn5f,generic,US,0,Fabrizio Ward,2025-05-15,2025-05-19,800.0,rv,,Dem,42.0
gen202fabu4lhyn5f,generic,US,0,Fabrizio Ward,2025-05-15,2025-05-19,800.0,rv,,Rep,42.0
gen202youka5tphmn,generic,US,0,YouGov,2025-05-30,2025-06-02,1610.0,a,,Dem,39.0
gen202youka5tphmn,generic,US,0,YouGov,2025-05-30,2025-06-02,1610.0,a,,Rep,36.0
gen202youd9o38mxk,generic,US,0,YouGov,2025-05-30,2025-06-02,1436.0,rv,,Dem,44.0
gen202youd9o38mxk,generic,US,0,YouGov,2025-05-30,2025-06-02,1436.0,rv,,Rep,42.0
gen202qua2ni0aq5i,generic,US,0,Quantus Insights,2025-06-01,2025-06-04,1000.0,rv,R,Dem,46.0
gen202qua2ni0aq5i,generic,US,0,Quantus Insights,2025-06-01,2025-06-04,1000.0,rv,R,Rep,45.0
gen202cyg8kwfijqm,generic,US,0,Cygnal,2025-06-03,2025-06-04,1500.0,lv,,Dem,47.2
gen202cyg8kwfijqm,generic,US,0,Cygnal,2025-06-03,2025-06-04,1500.0,lv,,Rep,46.9
gen202j.l2bfn82ku,generic,US,0,J.L. Partners,2025-06-06,2025-06-06,1006.0,rv,,Dem,42.0
gen202j.l2bfn82ku,generic,US,0,J.L. Partners,2025-06-06,2025-06-06,1006.0,rv,,Rep,35.0
gen202rmgpnqy9sk9,generic,US,0,RMG Research,2025-06-09,2025-06-09,1000.0,rv,,Dem,35.0
gen202rmgpnqy9sk9,generic,US,0,RMG Research,2025-06-09,2025-06-09,1000.0,rv,,Rep,35.0
gen202quai8e49h8e,generic,US,0,Quantus Insights,2025-06-09,2025-06-11,1000.0,rv,R,Dem,43.0
gen202quai8e49h8e,generic,US,0,Quantus Insights,2025-06-09,2025-06-11,1000.0,rv,R,Rep,43.0
gen202verpqhwodpk,generic,US,0,Verasight,2025-06-06,2025-06-12,1500.0,a,,Dem,45.0
gen202verpqhwodpk,generic,US,0,Verasight,2025-06-06,2025-06-12,1500.0,a,,Rep,37.0
gen202ech6ounr4d8,generic,US,0,Echelon Insights,2025-06-12,2025-06-17,982.0,lv,,Dem,47.0
gen202ech6ounr4d8,generic,US,0,Echelon Insights,2025-06-12,2025-06-17,982.0,lv,,Rep,48.0
gen202mclihh8jya5,generic,US,0,McLaughlin & Associates,2025-06-09,2025-06-11,1000.0,lv,R,Dem,44.0
gen202mclihh8jya5,generic,US,0,McLaughlin & Associates,2025-06-09,2025-06-11,1000.0,lv,R,Rep,46.0
gen202clazygbqy34,generic,US,0,Clarity Campaign Labs,2025-06-05,2025-06-14,1000.0,rv,,Dem,50.0
gen202clazygbqy34,generic,US,0,Clarity Campaign Labs,2025-06-05,2025-06-14,1000.0,rv,,Rep,45.0
gen202co/xyb0ntw4,generic,US,0,co/efficient,2025-06-12,2025-06-16,1035.0,lv,R,Dem,46.0
gen202co/xyb0ntw4,generic,US,0,co/efficient,2025-06-12,2025-06-16,1035.0,lv,R,Rep,46.0
gen202mclarvhkqz8,generic,US,0,McLaughlin & Associates,2025-06-10,2025-06-15,1000.0,lv,,Dem,42.0
gen202mclarvhkqz8,generic,US,0,McLaughlin & Associates,2025-06-10,2025-06-15,1000.0,lv,,Rep,47.0
gen202echu3oo3mcn,generic,US,0,Echelon Insights,2025-06-17,2025-06-18,1002.0,lv,,Dem,47.0
gen202echu3oo3mcn,generic,US,0,Echelon Insights,2025-06-17,2025-06-18,1002.0,lv,,Rep,48.0
gen202cyg89px44ex,generic,US,0,Cygnal,2025-06-19,2025-06-21,800.0,lv,,Dem,48.4
gen202cyg89px44ex,generic,US,0,Cygnal,2025-06-19,2025-06-21,800.0,lv,,Rep,46.0
gen202rmglf50tj7y,generic,US,0,RMG Research,2025-06-18,2025-06-19,1000.0,rv,,Dem,44.0
gen202rmglf50tj7y,generic,US,0,RMG Research,2025-06-18,2025-06-19,1000.0,rv,,Rep,52.0
gen202amejvub7k7r,generic,US,0,American Pulse Research & Polling,2025-06-23,2025-06-25,633.0,rv,,Dem,46.6
gen202amejvub7k7r,generic,US,0,American Pulse Research & Polling,2025-06-23,2025-06-25,633.0,rv,,Rep,42.4
gen202emeq4b54wek,generic,US,0,Emerson College,2025-06-24,2025-06-25,1000.0,rv,,Dem,42.5
gen202emeq4b54wek,generic,US,0,Emerson College,2025-06-24,2025-06-25,1000.0,rv,,Rep,39.8
gen202quam59oib9x,generic,US,0,Quantus Insights,2025-06-23,2025-06-25,1000.0,rv,,Dem,43.0
gen202quam59oib9x,generic,US,0,Quantus Insights,2025-06-23,2025-06-25,1000.0,rv,,Rep,42.0
gen202cygt093uupy,generic,US,0,Cygnal,2025-07-01,2025-07-02,1500.0,lv,,Dem,47.1
gen202cygt093uupy,generic,US,0,Cygnal,2025-07-01,2025-07-02,1500.0,lv,,Rep,45.7
gen202a226qothu7,generic,US,0,A2 Insights,2025-07-07,2025-07-10,862.0,rv,,Dem,47.7
gen202a226qothu7,generic,US,0,A2 Insights,2025-07-07,2025-07-10,862.0,rv,,Rep,44.4
gen202atlo0aotwuu,generic,US,0,AtlasIntel,2025-07-13,2025-07-18,1435.0,a,,Dem,51.3
gen202atlo0aotwuu,generic,US,0,AtlasIntel,2025-07-13,2025-07-18,1435.0,a,,Rep,42.7
gen202mclgsxu2e9s,generic,US,0,McLaughlin & Associates,2025-07-09,2025-07-14,1000.0,lv,,Dem,42.0
gen202mclgsxu2e9s,generic,US,0,McLaughlin & Associates,2025-07-09,2025-07-14,1000.0,lv,,Rep,47.0
gen202bigrh81qj7f,generic,US,0,Big Data Poll,2025-07-12,2025-07-14,3022.0,rv,,Dem,42.3
gen202bigrh81qj7f,generic,US,0,Big Data Poll,2025-07-12,2025-07-14,3022.0,rv,,Rep,41.1
gen202quak5gyiggj,generic,US,0,Quantus Insights,2025-07-14,2025-07-16,1000.0,rv,,Dem,44.0
gen202quak5gyiggj,generic,US,0,Quantus Insights,2025-07-14,2025-07-16,1000.0,rv,,Rep,42.0
gen202vero2bmi16u,generic,US,0,Verasight,2025-07-14,2025-07-16,1500.0,a,,Dem,47.0
gen202vero2bmi16u,generic,US,0,Verasight,2025-07-14,2025-07-16,1500.0,a,,Rep,43.0
gen202rmgc9ozdjxa,generic,US,0,RMG Research,2025-07-14,2025-07-16,2000.0,rv,,Dem,45.0
gen202rmgc9ozdjxa,generic,US,0,RMG Research,2025-07-14,2025-07-16,2000.0,rv,,Rep,49.0
gen202emebeodreqf,generic,US,0,Emerson College,2025-07-21,2025-07-22,1400.0,rv,,Dem,44.0
gen202emebeodreqf,generic,US,0,Emerson College,2025-07-21,2025-07-22,1400.0,rv,,Rep,41.5
gen202fab0x8kfit6,generic,US,0,"Fabrizio, Lee & Associates/Impact Research",2025-07-16,2025-07-20,1500.0,rv,,Dem,46.0
gen202fab0x8kfit6,generic,US,0,"Fabrizio, Lee & Associates/Impact Research",2025-07-16,2025-07-20,1500.0,rv,,Rep,43.0
gen202mclohlxon8b,generic,US,0,McLaughlin & Associates,2025-07-21,2025-07-24,2000.0,rv,R,Dem,45.5
gen202mclohlxon8b,generic,US,0,McLaughlin & Associates,2025-07-21,2025-07-24,2000.0,rv,R,Rep,42.8
gen202mcloyh3lgu2,generic,US,0,McLaughlin & Associates,2025-07-21,2025-07-24,1633.0,lv,R,Dem,48.0
gen202mcloyh3lgu2,generic,US,0,McLaughlin & Associates,2025-07-21,2025-07-24,1633.0,lv,R,Rep,43.9
gen202echtswvtnjv,generic,US,0,Echelon Insights,2025-07-10,2025-07-14,1084.0,lv,,Dem,48.0
gen202echtswvtnjv,generic,US,0,Echelon Insights,2025-07-10,2025-07-14,1084.0,lv,,Rep,47.0
gen202you5nvjdg0d,generic,US,0,YouGov,2025-08-01,2025-08-04,1528.0,rv,,Dem,43.7
gen202you5nvjdg0d,generic,US,0,YouGov,2025-08-01,2025-08-04,1528.0,rv,,Rep,38.4
gen202you17ay13jf,generic,US,0,YouGov,2025-07-25,2025-07-28,1610.0,rv,,Dem,43.0
gen202you17ay13jf,generic,US,0,YouGov,2025-07-25,2025-07-28,1610.0,rv,,Rep,41.0
gen202clalnle0qvn,generic,US,0,Clarity Campaign Labs,2025-07-24,2025-07-31,1018.0,rv,,Dem,51.0
gen202clalnle0qvn,generic,US,0,Clarity Campaign Labs,2025-07-24,2025-07-31,1018.0,rv,,Rep,43.0
gen202har0make8oa,generic,US,0,Hart Research Associates/Public Opinion Strategies,2025-07-29,2025-08-03,1000.0,a,,Dem,49.0
gen202har0make8oa,generic,US,0,Hart Research Associates/Public Opinion Strategies,2025-07-29,2025-08-03,1000.0,a,,Rep,44.0
gen202youpi8ec2w9,generic,US,0,YouGov,2025-07-24,2025-07-28,1167.0,rv,,Dem,46.0
gen202youpi8ec2w9,generic,US,0,YouGov,2025-07-24,2025-07-28,1167.0,rv,,Rep,39.0
gen202youqy708wzr,generic,US,0,YouGov,2025-08-09,2025-08-11,1474.0,rv,,Dem,42.0
gen202youqy708wzr,generic,US,0,YouGov,2025-08-09,2025-08-11,1474.0,rv,,Rep,40.0
gen202youdt2jed2r,generic,US,0,YouGov,2025-08-09,2025-08-11,1635.0,a,,Dem,38.0
gen202youdt2jed2r,generic,US,0,YouGov,2025-08-09,2025-08-11,1635.0,a,,Rep,35.0
gen202cygx97a37q3,generic,US,0,Cygnal,2025-08-07,2025-08-09,1500.0,lv,,Dem,47.4
gen202cygx97a37q3,generic,US,0,Cygnal,2025-08-07,2025-08-09,1500.0,lv,,Rep,46.4
gen202quajdyo7pkq,generic,US,0,Quantus Insights,2025-08-11,2025-08-13,1000.0,rv,,Dem,45.0
gen202quajdyo7pkq,generic,US,0,Quantus Insights,2025-08-11,2025-08-13,1000.0,rv,,Rep,42.0
gen202ech9hy93vz4,generic,US,0,Echelon Insights,2025-08-14,2025-08-18,1057.0,lv,,Dem,47.0
gen202ech9hy93vz4,generic,US,0,Echelon Insights,2025-08-14,2025-08-18,1057.0,lv,,Rep,46.0
gen202rmg0qu6vxjv,generic,US,0,RMG Research,2025-08-13,2025-08-21,2000.0,rv,,Dem,47.0
gen202rmg0qu6vxjv,generic,US,0,RMG Research,2025-08-13,2025-08-21,2000.0,rv,,Rep,47.0
gen202youo8x4q0vn,generic,US,0,YouGov,2025-08-22,2025-08-25,1523.0,a,,Dem,41.0
gen202youo8x4q0vn,generic,US,0,YouGov,2025-08-22,2025-08-25,1523.0,a,,Rep,36.0
gen202youn5v2en4c,generic,US,0,YouGov,2025-08-22,2025-08-25,1377.0,rv,,Dem,43.0
gen202youn5v2en4c,generic,US,0,YouGov,2025-08-22,2025-08-25,1377.0,rv,,Rep,41.0
gen202ver7h9q7ohb,generic,US,0,The Argument/Verasight,2025-08-08,2025-08-17,1562.0,rv,,Dem,50.7
gen202ver7h9q7ohb,generic,US,0,The Argument/Verasight,2025-08-08,2025-08-17,1562.0,rv,,Rep,49.3
gen202emecljgqucw,generic,US,0,Emerson College,2025-08-25,2025-08-26,1000.0,rv,,Dem,43.3
gen202emecljgqucw,generic,US,0,Emerson College,2025-08-25,2025-08-26,1000.0,rv,,Rep,43.0
gen202verlm7t42sj,generic,US,0,Verasight,2025-08-18,2025-08-21,1500.0,a,,Dem,49.0
gen202verlm7t42sj,generic,US,0,Verasight,2025-08-18,2025-08-21,1500.0,a,,Rep,41.0
gen202socpg04kbqs,generic,US,0,SoCal Strategies,2025-08-19,2025-08-19,700.0,a,R,Dem,42.0
gen202socpg04kbqs,generic,US,0,SoCal Strategies,2025-08-19,2025-08-19,700.0,a,R,Rep,37.0
gen202mclotv6jiyc,generic,US,0,McLaughlin & Associates,2025-08-21,2025-08-26,1000.0,lv,,Dem,45.0
gen202mclotv6jiyc,generic,US,0,McLaughlin & Associates,2025-08-21,2025-08-26,1000.0,lv,,Rep,47.0
gen202you6gd1ztte,generic,US,0,YouGov,2025-08-29,2025-09-02,1691.0,a,,Dem,38.0
gen202you6gd1ztte,generic,US,0,YouGov,2025-08-29,2025-09-02,1691.0,a,,Rep,34.0
gen202your87uzbzs,generic,US,0,YouGov,2025-08-29,2025-09-02,1549.0,rv,,Dem,43.0
gen202your87uzbzs,generic,US,0,YouGov,2025-08-29,2025-09-02,1549.0,rv,,Rep,39.0
gen202mor6axnc681,generic,US,0,Morning Consult,2025-08-29,2025-08-31,2202.0,rv,,Dem,45.0
gen202mor6axnc681,generic,US,0,Morning Consult,2025-08-29,2025-08-31,2202.0,rv,,Rep,41.0
gen202you999v1jo9,generic,US,0,YouGov,2025-09-05,2025-09-08,1644.0,a,,Dem,39.0
gen202you999v1jo9,generic,US,0,YouGov,2025-09-05,2025-09-08,1644.0,a,,Rep,36.0
gen202you3zywlqvj,generic,US,0,YouGov,2025-09-12,2025-09-15,1567.0,a,,Dem,37.0
gen202you3zywlqvj,generic,US,0,YouGov,2025-09-12,2025-09-15,1567.0,a,,Rep,33.0
gen202you3zqd80t3,generic,US,0,YouGov,2025-09-12,2025-09-15,1420.0,rv,,Dem,43.0
gen202you3zqd80t3,generic,US,0,YouGov,2025-09-12,2025-09-15,1420.0,rv,,Rep,41.0
gen202atlrgkgae5p,generic,US,0,AtlasIntel,2025-09-12,2025-09-16,1066.0,a,,Dem,51.8
gen202atlrgkgae5p,generic,US,0,AtlasIntel,2025-09-12,2025-09-16,1066.0,a,,Rep,43.5
gen202echvj9qagzq,generic,US,0,Echelon Insights,2025-09-18,2025-09-22,1071.0,lv,,Dem,47.0
gen202echvj9qagzq,generic,US,0,Echelon Insights,2025-09-18,2025-09-22,1071.0,lv,,Rep,46.0
gen202verx9vhr5vb,generic,US,0,Verasight,2025-09-15,2025-09-19,1500.0,a,,Dem,47.0
gen202verx9vhr5vb,generic,US,0,Verasight,2025-09-15,2025-09-19,1500.0,a,,Rep,42.0
gen202you07in5isq,generic,US,0,YouGov,2025-09-19,2025-09-22,1551.0,a,,Dem,39.0
gen202you07in5isq,generic,US,0,YouGov,2025-09-19,2025-09-22,1551.0,a,,Rep,35.0
gen202youy9ls683f,generic,US,0,YouGov,2025-09-19,2025-09-22,1392.0,rv,,Dem,45.0
gen202youy9ls683f,generic,US,0,YouGov,2025-09-19,2025-09-22,1392.0,rv,,Rep,42.0
gen202cnnf4eemdg0,generic,US,0,CNN/SSRS,2025-08-21,2025-09-01,1768.0,rv,,Dem,52.0
gen202cnnf4eemdg0,generic,US,0,CNN/SSRS,2025-08-21,2025-09-01,1768.0,rv,,Rep,48.0
gen202cnnz5gr05wh,generic,US,0,CNN/SSRS,2025-08-21,2025-09-01,2077.0,a,,Dem,52.0
gen202cnnz5gr05wh,generic,US,0,CNN/SSRS,2025-08-21,2025-09-01,2077.0,a,,Rep,47.0
gen202thesffydwfg,generic,US,0,The Argument/Verasight,2025-09-15,2025-09-18,1541.0,rv,,Dem,53.0
gen202thesffydwfg,generic,US,0,The Argument/Verasight,2025-09-15,2025-09-18,1541.0,rv,,Rep,47.0
gen202youmu5vzabb,generic,US,0,YouGov,2025-09-26,2025-09-29,1656.0,a,,Dem,41.0
gen202youmu5vzabb,generic,US,0,YouGov,2025-09-26,2025-09-29,1656.0,a,,Rep,35.0
gen202youfc649q73,generic,US,0,YouGov,2025-09-26,2025-09-29,1518.0,rv,,Dem,44.0
gen202youfc649q73,generic,US,0,YouGov,2025-09-26,2025-09-29,1518.0,rv,,Rep,41.0
gen202the5q6hvdvt,generic,US,0,The New York Times/Siena College,2025-09-22,2025-09-27,1313.0,rv,,Dem,47.0
gen202the5q6hvdvt,generic,US,0,The New York Times/Siena College,2025-09-22,2025-09-27,1313.0,rv,,Rep,45.0
gen202rmgbqgqn651,generic,US,0,RMG Research,2025-09-22,2025-09-24,2000.0,rv,,Dem,45.0
gen202rmgbqgqn651,generic,US,0,RMG Research,2025-09-22,2025-09-24,2000.0,rv,,Rep,46.0
gen202youo39xn1pc,generic,US,0,YouGov,2025-09-25,2025-09-29,1126.0,rv,,Dem,44.0
gen202youo39xn1pc,generic,US,0,YouGov,2025-09-25,2025-09-29,1126.0,rv,,Rep,40.0
gen202mcl3ui9mclo,generic,US,0,McLaughlin & Associates,2025-09-17,2025-09-22,1000.0,lv,,Dem,41.0
gen202mcl3ui9mclo,generic,US,0,McLaughlin & Associates,2025-09-17,2025-09-22,1000.0,lv,,Rep,47.0
gen202bigq7sxj107,generic,US,0,Big Data Poll,2026-01-22,2026-01-24,2909.0,lv,,Rep,44.2
gen202bigq7sxj107,generic,US,0,Big Data Poll,2026-01-22,2026-01-24,2909.0,lv,,Dem,48.2
gen202morqcn8uhs5,generic,US,0,Morning Consult,2025-10-03,2025-10-05,2200.0,rv,,Dem,46.0
gen202morqcn8uhs5,generic,US,0,Morning Consult,2025-10-03,2025-10-05,2200.0,rv,,Rep,43.0
gen202youxems43ny,generic,US,0,YouGov,2025-10-04,2025-10-06,1648.0,a,,Dem,39.0
gen202youxems43ny,generic,US,0,YouGov,2025-10-04,2025-10-06,1648.0,a,,Rep,33.0
gen202youc4doajhn,generic,US,0,YouGov,2025-10-04,2025-10-06,1490.0,rv,,Dem,44.0
gen202youc4doajhn,generic,US,0,YouGov,2025-10-04,2025-10-06,1490.0,rv,,Rep,39.0
gen202quamqcd3h07,generic,US,0,Quantus Insights,2025-10-06,2025-10-07,1000.0,lv,,Dem,42.0
gen202quamqcd3h07,generic,US,0,Quantus Insights,2025-10-06,2025-10-07,1000.0,lv,,Rep,43.0
gen202qua8d4f16f1,generic,US,0,Quantus Insights,2026-06-01,2026-06-02,1050.0,lv,,Dem,47.0
gen202qua8d4f16f1,generic,US,0,Quantus Insights,2026-06-01,2026-06-02,1050.0,lv,,Rep,42.0
gen202youpmtm80jk,generic,US,0,YouGov,2025-10-10,2025-10-13,1622.0,a,,Dem,39.0
gen202youpmtm80jk,generic,US,0,YouGov,2025-10-10,2025-10-13,1622.0,a,,Rep,34.0
gen202youcq6fiamj,generic,US,0,YouGov,2025-10-10,2025-10-13,1467.0,rv,,Dem,43.0
gen202youcq6fiamj,generic,US,0,YouGov,2025-10-10,2025-10-13,1467.0,rv,,Rep,40.0
gen202cygaqish8b5,generic,US,0,Cygnal,2025-10-07,2025-10-08,1500.0,lv,,Dem,48.0
gen202cygaqish8b5,generic,US,0,Cygnal,2025-10-07,2025-10-08,1500.0,lv,,Rep,45.0
gen202nob0c120q72,generic,US,0,Noble Predictive Insights,2025-10-02,2025-10-06,2565.0,rv,,Dem,45.0
gen202nob0c120q72,generic,US,0,Noble Predictive Insights,2025-10-02,2025-10-06,2565.0,rv,,Rep,43.0
gen202eme09e7vdrr,generic,US,0,Emerson College,2025-10-13,2025-10-14,1000.0,rv,,Dem,43.9
gen202eme09e7vdrr,generic,US,0,Emerson College,2025-10-13,2025-10-14,1000.0,rv,,Rep,42.5
gen202har96803jy9,generic,US,0,Hart Research Associates/Public Opinion Strategies,2025-10-08,2025-10-12,1000.0,a,,Dem,48.0
gen202har96803jy9,generic,US,0,Hart Research Associates/Public Opinion Strategies,2025-10-08,2025-10-12,1000.0,a,,Rep,47.0
gen202you9a9g9olg,generic,US,0,YouGov,2026-01-23,2026-01-26,1520.0,rv,,Dem,43.0
gen202you9a9g9olg,generic,US,0,YouGov,2026-01-23,2026-01-26,1520.0,rv,,Rep,38.0
gen202youslkef7gy,generic,US,0,YouGov,2025-10-17,2025-10-20,1621.0,a,,Dem,40.0
gen202youslkef7gy,generic,US,0,YouGov,2025-10-17,2025-10-20,1621.0,a,,Rep,35.0
gen202you0v0ouios,generic,US,0,YouGov,2025-10-17,2025-10-20,1448.0,rv,,Dem,45.0
gen202you0v0ouios,generic,US,0,YouGov,2025-10-17,2025-10-20,1448.0,rv,,Rep,40.0
gen202morcz732988,generic,US,0,Morning Consult,2025-10-17,2025-10-19,2200.0,rv,,Dem,46.0
gen202morcz732988,generic,US,0,Morning Consult,2025-10-17,2025-10-19,2200.0,rv,,Rep,43.0
gen202ech0gads5m7,generic,US,0,Echelon Insights,2025-10-16,2025-10-20,1010.0,lv,,Dem,48.0
gen202ech0gads5m7,generic,US,0,Echelon Insights,2025-10-16,2025-10-20,1010.0,lv,,Rep,46.0
gen202quiuhrq4f2e,generic,US,0,Quinnipiac University,2025-10-16,2025-10-20,1327.0,rv,,Dem,50.0
gen202quiuhrq4f2e,generic,US,0,Quinnipiac University,2025-10-16,2025-10-20,1327.0,rv,,Rep,41.0
gen202pubiit67q1r,generic,US,0,Public Religion Research Institute,2025-08-15,2025-09-08,5543.0,a,,Dem,33.0
gen202pubiit67q1r,generic,US,0,Public Religion Research Institute,2025-08-15,2025-09-08,5543.0,a,,Rep,30.0
gen202theh0ygpmcw,generic,US,0,The Argument/Verasight,2025-10-10,2025-10-16,1530.0,rv,,Dem,51.0
gen202theh0ygpmcw,generic,US,0,The Argument/Verasight,2025-10-10,2025-10-16,1530.0,rv,,Rep,49.0
gen202norfk3u33ni,generic,US,0,"Normington, Petts & Associates",2025-09-11,2025-09-16,800.0,lv,,Dem,51.0
gen202norfk3u33ni,generic,US,0,"Normington, Petts & Associates",2025-09-11,2025-09-16,800.0,lv,,Rep,49.0
gen202youn7fgtk5t,generic,US,0,YouGov,2025-10-24,2025-10-27,1623.0,a,,Dem,39.0
gen202youn7fgtk5t,generic,US,0,YouGov,2025-10-24,2025-10-27,1623.0,a,,Rep,34.0
gen202youo7qshven,generic,US,0,YouGov,2025-10-24,2025-10-27,1476.0,rv,,Dem,43.0
gen202youo7qshven,generic,US,0,YouGov,2025-10-24,2025-10-27,1476.0,rv,,Rep,40.0
gen202clatqyzbr5d,generic,US,0,Clarity Campaign Labs,2025-10-16,2025-10-23,1047.0,rv,,Dem,47.0
gen202clatqyzbr5d,generic,US,0,Clarity Campaign Labs,2025-10-16,2025-10-23,1047.0,rv,,Rep,46.0
gen202mclzpy7tp0x,generic,US,0,McLaughlin & Associates,2025-10-21,2025-10-27,1000.0,lv,,Dem,44.0
gen202mclzpy7tp0x,generic,US,0,McLaughlin & Associates,2025-10-21,2025-10-27,1000.0,lv,,Rep,46.0
gen202unibdng1eek,generic,US,0,University of Massachusetts Department of Political Science/YouGov,2025-10-16,2025-10-20,1000.0,a,,Dem,38.0
gen202unibdng1eek,generic,US,0,University of Massachusetts Department of Political Science/YouGov,2025-10-16,2025-10-20,1000.0,a,,Rep,35.0
gen202youpwe26mar,generic,US,0,YouGov,2025-10-23,2025-10-27,1197.0,rv,,Dem,45.0
gen202youpwe26mar,generic,US,0,YouGov,2025-10-23,2025-10-27,1197.0,rv,,Rep,40.0
gen202verl2j6ull5,generic,US,0,Verasight,2025-10-24,2025-10-29,1567.0,a,,Dem,49.0
gen202verl2j6ull5,generic,US,0,Verasight,2025-10-24,2025-10-29,1567.0,a,,Rep,41.0
gen202wasynrir54c,generic,US,0,Washington Post/ABC News/Ipsos,2025-10-24,2025-10-28,2203.0,rv,,Dem,46.0
gen202wasynrir54c,generic,US,0,Washington Post/ABC News/Ipsos,2025-10-24,2025-10-28,2203.0,rv,,Rep,44.0
gen202har3fuscn8p,generic,US,0,Hart Research Associates/Public Opinion Strategies,2025-10-24,2025-10-28,1000.0,rv,,Dem,50.0
gen202har3fuscn8p,generic,US,0,Hart Research Associates/Public Opinion Strategies,2025-10-24,2025-10-28,1000.0,rv,,Rep,42.0
gen202new6qw03vmk,generic,US,0,NewsNation/Decision Desk HQ,2025-10-27,2025-10-29,1158.0,lv,,Dem,47.0
gen202new6qw03vmk,generic,US,0,NewsNation/Decision Desk HQ,2025-10-27,2025-10-29,1158.0,lv,,Rep,47.0
gen202newox3d7bq2,generic,US,0,NewsNation/Decision Desk HQ,2025-10-27,2025-10-29,1609.0,rv,,Dem,45.0
gen202newox3d7bq2,generic,US,0,NewsNation/Decision Desk HQ,2025-10-27,2025-10-29,1609.0,rv,,Rep,44.0
gen202cnn5odn7vb2,generic,US,0,CNN/SSRS,2025-10-27,2025-10-30,954.0,rv,,Dem,47.0
gen202cnn5odn7vb2,generic,US,0,CNN/SSRS,2025-10-27,2025-10-30,954.0,rv,,Rep,42.0
gen202rmgsgiakj74,generic,US,0,RMG Research,2025-10-31,2025-11-03,2000.0,rv,,Dem,44.0
gen202rmgsgiakj74,generic,US,0,RMG Research,2025-10-31,2025-11-03,2000.0,rv,,Rep,46.0
gen202youted6dkve,generic,US,0,YouGov,2025-10-31,2025-11-03,1656.0,a,,Dem,38.0
gen202youted6dkve,generic,US,0,YouGov,2025-10-31,2025-11-03,1656.0,a,,Rep,35.0
gen202youq3dfmb50,generic,US,0,YouGov,2025-10-31,2025-11-03,1475.0,rv,,Dem,44.0
gen202youq3dfmb50,generic,US,0,YouGov,2025-10-31,2025-11-03,1475.0,rv,,Rep,41.0
gen202j.lmx2bwz2t,generic,US,0,J.L. Partners,2025-10-14,2025-10-15,1004.0,rv,,Dem,43.0
gen202j.lmx2bwz2t,generic,US,0,J.L. Partners,2025-10-14,2025-10-15,1004.0,rv,,Rep,37.0
gen202emer1qfrr9e,generic,US,0,Emerson College,2025-11-03,2025-11-04,1000.0,rv,,Dem,43.5
gen202emer1qfrr9e,generic,US,0,Emerson College,2025-11-03,2025-11-04,1000.0,rv,,Rep,40.1
gen202youmsx7p0ic,generic,US,0,YouGov Blue,2025-11-07,2025-11-10,517.0,rv,,Dem,48.0
gen202youmsx7p0ic,generic,US,0,YouGov Blue,2025-11-07,2025-11-10,517.0,rv,,Rep,45.0
gen202morybmkp88m,generic,US,0,Morning Consult,2025-11-07,2025-11-09,2201.0,rv,,Dem,48.0
gen202morybmkp88m,generic,US,0,Morning Consult,2025-11-07,2025-11-09,2201.0,rv,,Rep,43.0
gen202youxfka7cyz,generic,US,0,YouGov,2025-11-07,2025-11-10,1663.0,a,,Dem,40.0
gen202youxfka7cyz,generic,US,0,YouGov,2025-11-07,2025-11-10,1663.0,a,,Rep,34.0
gen202youfww7v041,generic,US,0,YouGov,2025-11-07,2025-11-10,1500.0,rv,,Dem,46.0
gen202youfww7v041,generic,US,0,YouGov,2025-11-07,2025-11-10,1500.0,rv,,Rep,39.0
gen202ipsoltvkyn1,generic,US,0,Ipsos,2025-11-07,2025-11-12,938.0,rv,,Dem,41.0
gen202ipsoltvkyn1,generic,US,0,Ipsos,2025-11-07,2025-11-12,938.0,rv,,Rep,40.0
gen202qua2uog9zfw,generic,US,0,Quantus Insights,2025-11-11,2025-11-12,1000.0,rv,,Dem,43.7
gen202qua2uog9zfw,generic,US,0,Quantus Insights,2025-11-11,2025-11-12,1000.0,rv,,Rep,39.3
gen202cygl643olc7,generic,US,0,Cygnal,2025-11-05,2025-11-06,1500.0,lv,,Dem,49.7
gen202cygl643olc7,generic,US,0,Cygnal,2025-11-05,2025-11-06,1500.0,lv,,Rep,43.6
gen202echcrpejs8g,generic,US,0,Echelon Insights,2025-11-13,2025-11-17,1051.0,lv,,Dem,49.0
gen202echcrpejs8g,generic,US,0,Echelon Insights,2025-11-13,2025-11-17,1051.0,lv,,Rep,45.0
gen202verrjoxe39u,generic,US,0,Verasight,2025-11-12,2025-11-14,1004.0,a,,Dem,47.0
gen202verrjoxe39u,generic,US,0,Verasight,2025-11-12,2025-11-14,1004.0,a,,Rep,42.0
gen202ver5jr9xwy7,generic,US,0,Verasight,2025-11-12,2025-11-14,896.0,rv,,Dem,49.0
gen202ver5jr9xwy7,generic,US,0,Verasight,2025-11-12,2025-11-14,896.0,rv,,Rep,44.0
gen202you0nji2mdw,generic,US,0,YouGov,2025-11-15,2025-11-17,1549.0,a,,Dem,38.0
gen202you0nji2mdw,generic,US,0,YouGov,2025-11-15,2025-11-17,1549.0,a,,Rep,35.0
gen202you0di212ea,generic,US,0,YouGov,2025-11-15,2025-11-17,1382.0,rv,,Dem,43.0
gen202you0di212ea,generic,US,0,YouGov,2025-11-15,2025-11-17,1382.0,rv,,Rep,40.0
gen202maroindbw0q,generic,US,0,Marquette University Law School,2025-11-05,2025-11-12,1052.0,a,,Dem,46.0
gen202maroindbw0q,generic,US,0,Marquette University Law School,2025-11-05,2025-11-12,1052.0,a,,Rep,41.0
gen202marsb7pbzop,generic,US,0,Marquette University Law School,2025-11-05,2025-11-12,903.0,rv,,Dem,49.0
gen202marsb7pbzop,generic,US,0,Marquette University Law School,2025-11-05,2025-11-12,903.0,rv,,Rep,44.0
gen202marmf1y26jw,generic,US,0,Marquette University Law School,2025-11-05,2025-11-12,602.0,lv,,Dem,53.0
gen202marmf1y26jw,generic,US,0,Marquette University Law School,2025-11-05,2025-11-12,602.0,lv,,Rep,44.0
gen202mart725c1lc,generic,US,0,Marist College,2025-11-10,2025-11-13,1291.0,rv,,Dem,55.0
gen202mart725c1lc,generic,US,0,Marist College,2025-11-10,2025-11-13,1291.0,rv,,Rep,41.0
gen202thelkg0oyr4,generic,US,0,The Argument/Verasight,2025-11-10,2025-11-17,1508.0,rv,,Dem,53.0
gen202thelkg0oyr4,generic,US,0,The Argument/Verasight,2025-11-10,2025-11-17,1508.0,rv,,Rep,47.0
gen202theoqmu5rw8,generic,US,0,The Argument/Verasight,2025-11-10,2025-11-17,,lv,,Dem,53.8
gen202theoqmu5rw8,generic,US,0,The Argument/Verasight,2025-11-10,2025-11-17,,lv,,Rep,46.2
gen202higl0n40cys,generic,US,0,High Point University Survey Research Center,2025-11-10,2025-11-14,1004.0,a,,Dem,46.0
gen202higl0n40cys,generic,US,0,High Point University Survey Research Center,2025-11-10,2025-11-14,1004.0,a,,Rep,36.0
gen202moryc6bhc0x,generic,US,0,Morning Consult,2025-11-21,2025-11-23,2200.0,rv,,Dem,45.0
gen202moryc6bhc0x,generic,US,0,Morning Consult,2025-11-21,2025-11-23,2200.0,rv,,Rep,43.0
gen202yourt1gmu86,generic,US,0,YouGov,2025-11-21,2025-11-24,1677.0,a,,Dem,39.0
gen202yourt1gmu86,generic,US,0,YouGov,2025-11-21,2025-11-24,1677.0,a,,Rep,32.0
gen202youopwcmq60,generic,US,0,YouGov,2025-11-21,2025-11-24,1511.0,rv,,Dem,44.0
gen202youopwcmq60,generic,US,0,YouGov,2025-11-21,2025-11-24,1511.0,rv,,Rep,39.0
gen202mclnofw0ify,generic,US,0,McLaughlin & Associates,2025-11-17,2025-11-24,1000.0,lv,,Dem,45.0
gen202mclnofw0ify,generic,US,0,McLaughlin & Associates,2025-11-17,2025-11-24,1000.0,lv,,Rep,44.0
gen202you3n4bs4qe,generic,US,0,YouGov,2025-11-20,2025-11-24,1131.0,rv,,Dem,43.0
gen202you3n4bs4qe,generic,US,0,YouGov,2025-11-20,2025-11-24,1131.0,rv,,Rep,40.0
gen202you5a7g4s2i,generic,US,0,YouGov,2025-11-28,2025-12-01,1456.0,rv,,Dem,45.0
gen202you5a7g4s2i,generic,US,0,YouGov,2025-11-28,2025-12-01,1456.0,rv,,Rep,39.0
gen202youvl63j6v6,generic,US,0,YouGov,2025-11-28,2025-12-01,1628.0,a,,Dem,39.0
gen202youvl63j6v6,generic,US,0,YouGov,2025-11-28,2025-12-01,1628.0,a,,Rep,33.0
gen202morneejnver,generic,US,0,Morning Consult,2025-11-24,2025-11-30,21658.0,rv,,Dem,44.0
gen202morneejnver,generic,US,0,Morning Consult,2025-11-24,2025-11-30,21658.0,rv,,Rep,42.0
gen202mor93xcfxwn,generic,US,0,Morning Consult,2025-11-17,2025-11-23,19675.0,rv,,Dem,44.0
gen202mor93xcfxwn,generic,US,0,Morning Consult,2025-11-17,2025-11-23,19675.0,rv,,Rep,42.0
gen202moriofdcbee,generic,US,0,Morning Consult,2025-11-10,2025-11-16,19675.0,rv,,Dem,44.0
gen202moriofdcbee,generic,US,0,Morning Consult,2025-11-10,2025-11-16,19675.0,rv,,Rep,43.0
gen202morasuqyoxk,generic,US,0,Morning Consult,2025-11-03,2025-11-09,19675.0,rv,,Dem,44.0
gen202morasuqyoxk,generic,US,0,Morning Consult,2025-11-03,2025-11-09,19675.0,rv,,Rep,42.0
gen202morjcfai245,generic,US,0,Morning Consult,2025-10-27,2025-11-02,19675.0,rv,,Dem,43.0
gen202morjcfai245,generic,US,0,Morning Consult,2025-10-27,2025-11-02,19675.0,rv,,Rep,43.0
gen202mor5e30dp4k,generic,US,0,Morning Consult,2025-10-20,2025-10-26,19675.0,rv,,Dem,44.0
gen202mor5e30dp4k,generic,US,0,Morning Consult,2025-10-20,2025-10-26,19675.0,rv,,Rep,42.0
gen202mor7d2ev6j8,generic,US,0,Morning Consult,2025-10-13,2025-10-19,19675.0,rv,,Dem,44.0
gen202mor7d2ev6j8,generic,US,0,Morning Consult,2025-10-13,2025-10-19,19675.0,rv,,Rep,42.0
gen202morccd4ont3,generic,US,0,Morning Consult,2025-10-06,2025-10-12,19675.0,rv,,Dem,44.0
gen202morccd4ont3,generic,US,0,Morning Consult,2025-10-06,2025-10-12,19675.0,rv,,Rep,43.0
gen202morzjhstweo,generic,US,0,Morning Consult,2025-09-29,2025-10-05,19675.0,rv,,Dem,44.0
gen202morzjhstweo,generic,US,0,Morning Consult,2025-09-29,2025-10-05,19675.0,rv,,Rep,43.0
gen202bigdzhzvp2p,generic,US,0,Big Data Poll,2025-10-26,2025-10-28,2984.0,rv,,Dem,43.0
gen202bigdzhzvp2p,generic,US,0,Big Data Poll,2025-10-26,2025-10-28,2984.0,rv,,Rep,41.0
gen202bigc4ezhoul,generic,US,0,Big Data Poll,2025-11-28,2025-12-01,2008.0,rv,,Dem,44.0
gen202bigc4ezhoul,generic,US,0,Big Data Poll,2025-11-28,2025-12-01,2008.0,rv,,Rep,42.0
gen202bigemmpsn62,generic,US,0,Big Data Poll,2025-11-28,2025-12-01,1788.0,lv,,Dem,46.0
gen202bigemmpsn62,generic,US,0,Big Data Poll,2025-11-28,2025-12-01,1788.0,lv,,Rep,43.0
gen202manknsqluca,generic,US,0,Manhattan Institute,2025-10-15,2025-10-26,500.0,rv,,Dem,47.0
gen202manknsqluca,generic,US,0,Manhattan Institute,2025-10-15,2025-10-26,500.0,rv,,Rep,44.0
gen202j.llqmqhhn7,generic,US,0,J.L. Partners,2025-11-19,2025-11-20,797.0,lv,,Dem,50.0
gen202j.llqmqhhn7,generic,US,0,J.L. Partners,2025-11-19,2025-11-20,797.0,lv,,Rep,46.0
gen202sur6qvftmu9,generic,US,0,Survey 160,2025-11-06,2025-11-12,1513.0,rv,,Dem,46.0
gen202sur6qvftmu9,generic,US,0,Survey 160,2025-11-06,2025-11-12,1513.0,rv,,Rep,39.0
gen202quau8o1h7sf,generic,US,0,Quantus Insights,2025-12-04,2025-12-05,1000.0,rv,,Dem,44.0
gen202quau8o1h7sf,generic,US,0,Quantus Insights,2025-12-04,2025-12-05,1000.0,rv,,Rep,40.0
gen202yal0858bkxy,generic,US,0,Yale Youth Poll,2025-10-29,2025-11-11,3426.0,rv,,Dem,45.0
gen202yal0858bkxy,generic,US,0,Yale Youth Poll,2025-10-29,2025-11-11,3426.0,rv,,Rep,43.0
gen202rmgzscdfzcq,generic,US,0,RMG Research,2025-12-01,2025-12-04,2000.0,rv,,Dem,44.0
gen202rmgzscdfzcq,generic,US,0,RMG Research,2025-12-01,2025-12-04,2000.0,rv,,Rep,48.0
gen202higz24262eu,generic,US,0,High Point University Survey Research Center,2025-11-10,2025-11-14,837.0,rv,,Dem,48.0
gen202higz24262eu,generic,US,0,High Point University Survey Research Center,2025-11-10,2025-11-14,837.0,rv,,Rep,39.0
gen202morq71dlrjx,generic,US,0,Morning Consult,2025-12-01,2025-12-07,21658.0,rv,,Dem,44.0
gen202morq71dlrjx,generic,US,0,Morning Consult,2025-12-01,2025-12-07,21658.0,rv,,Rep,43.0
gen202morr2avsbar,generic,US,0,Morning Consult,2025-12-05,2025-12-07,2201.0,rv,,Dem,46.0
gen202morr2avsbar,generic,US,0,Morning Consult,2025-12-05,2025-12-07,2201.0,rv,,Rep,43.0
gen202youmxyis93n,generic,US,0,YouGov,2025-12-05,2025-12-08,1530.0,a,,Dem,37.0
gen202youmxyis93n,generic,US,0,YouGov,2025-12-05,2025-12-08,1530.0,a,,Rep,32.0
gen202youwb0wcges,generic,US,0,YouGov,2025-12-05,2025-12-08,1380.0,rv,,Dem,42.0
gen202youwb0wcges,generic,US,0,YouGov,2025-12-05,2025-12-08,1380.0,rv,,Rep,37.0
gen202ipsw38dqmfx,generic,US,0,Ipsos,2025-12-03,2025-12-08,3521.0,rv,,Dem,40.0
gen202ipsw38dqmfx,generic,US,0,Ipsos,2025-12-03,2025-12-08,3521.0,rv,,Rep,39.0
gen202ipsgz4jzn1r,generic,US,0,Ipsos,2025-11-14,2025-11-17,,a,,Dem,38.0
gen202ipsgz4jzn1r,generic,US,0,Ipsos,2025-11-14,2025-11-17,,a,,Rep,36.0
gen202ips4tl5wi4t,generic,US,0,Ipsos,2025-10-24,2025-10-26,,a,,Dem,39.0
gen202ips4tl5wi4t,generic,US,0,Ipsos,2025-10-24,2025-10-26,,a,,Rep,39.0
gen202ips7guhl7ea,generic,US,0,Ipsos,2025-10-15,2025-10-20,,a,,Dem,41.0
gen202ips7guhl7ea,generic,US,0,Ipsos,2025-10-15,2025-10-20,,a,,Rep,38.0
gen202bigu771x3r1,generic,US,0,Big Data Poll,2025-12-10,2025-12-12,3004.0,rv,,Dem,44.1
gen202bigu771x3r1,generic,US,0,Big Data Poll,2025-12-10,2025-12-12,3004.0,rv,,Rep,40.6
gen202ech9vgw0ths,generic,US,0,Echelon Insights,2025-12-11,2025-12-15,1011.0,lv,,Dem,48.0
gen202ech9vgw0ths,generic,US,0,Echelon Insights,2025-12-11,2025-12-15,1011.0,lv,,Rep,45.0
gen202cyg7krp08wo,generic,US,0,Cygnal,2025-12-05,2025-12-07,1500.0,lv,,Dem,48.0
gen202cyg7krp08wo,generic,US,0,Cygnal,2025-12-05,2025-12-07,1500.0,lv,,Rep,44.1
gen202morav9t1tpv,generic,US,0,Morning Consult,2025-12-12,2025-12-15,2201.0,rv,,Dem,45.0
gen202morav9t1tpv,generic,US,0,Morning Consult,2025-12-12,2025-12-15,2201.0,rv,,Rep,44.0
gen202morhqrpcr9z,generic,US,0,Morning Consult,2025-12-08,2025-12-14,19954.0,rv,,Dem,44.0
gen202morhqrpcr9z,generic,US,0,Morning Consult,2025-12-08,2025-12-14,19954.0,rv,,Rep,43.0
gen202youkht853yu,generic,US,0,YouGov,2025-12-12,2025-12-15,1632.0,a,,Dem,37.0
gen202youkht853yu,generic,US,0,YouGov,2025-12-12,2025-12-15,1632.0,a,,Rep,33.0
gen202youtqbpl5wi,generic,US,0,YouGov,2025-12-12,2025-12-15,1453.0,rv,,Dem,43.0
gen202youtqbpl5wi,generic,US,0,YouGov,2025-12-12,2025-12-15,1453.0,rv,,Rep,39.0
gen202theit3vqxax,generic,US,0,The Argument/Verasight,2025-12-05,2025-12-11,1521.0,rv,,Dem,50.6
gen202theit3vqxax,generic,US,0,The Argument/Verasight,2025-12-05,2025-12-11,1521.0,rv,,Rep,49.4
gen202thet8h94b7k,generic,US,0,The Argument/Verasight,2025-12-05,2025-12-11,,lv,,Dem,52.4
gen202thet8h94b7k,generic,US,0,The Argument/Verasight,2025-12-05,2025-12-11,,lv,,Rep,47.6
gen202cla48neovgl,generic,US,0,Clarity Campaign Labs,2025-12-04,2025-12-11,1000.0,lv,,Dem,49.0
gen202cla48neovgl,generic,US,0,Clarity Campaign Labs,2025-12-04,2025-12-11,1000.0,lv,,Rep,44.0
gen202quisv6i8kb4,generic,US,0,Quinnipiac University,2025-12-11,2025-12-15,1035.0,rv,,Dem,47.0
gen202quisv6i8kb4,generic,US,0,Quinnipiac University,2025-12-11,2025-12-15,1035.0,rv,,Rep,43.0
gen202harf7u1dop3,generic,US,0,Hart Research Associates/Public Opinion Strategies,2025-12-04,2025-12-08,800.0,rv,,Dem,50.0
gen202harf7u1dop3,generic,US,0,Hart Research Associates/Public Opinion Strategies,2025-12-04,2025-12-08,800.0,rv,,Rep,46.0
gen202cla35wej9ad,generic,US,0,Clarity Campaign Labs,2026-01-15,2026-01-22,1147.0,lv,,Dem,51.0
gen202cla35wej9ad,generic,US,0,Clarity Campaign Labs,2026-01-15,2026-01-22,1147.0,lv,,Rep,42.0
gen202quayrux711g,generic,US,0,Quantus Insights,2025-12-15,2025-12-16,1000.0,lv,,Dem,43.0
gen202quayrux711g,generic,US,0,Quantus Insights,2025-12-15,2025-12-16,1000.0,lv,,Rep,41.0
gen202atli98ny44e,generic,US,0,AtlasIntel,2025-12-15,2025-12-19,2315.0,a,,Dem,54.4
gen202atli98ny44e,generic,US,0,AtlasIntel,2025-12-15,2025-12-19,2315.0,a,,Rep,38.4
gen202fabdmpzj8zo,generic,US,0,"Fabrizio, Lee & Associates",2025-12-15,2025-12-17,1000.0,rv,R,Dem,45.0
gen202fabdmpzj8zo,generic,US,0,"Fabrizio, Lee & Associates",2025-12-15,2025-12-17,1000.0,rv,R,Rep,38.0
gen202morjndncmme,generic,US,0,Morning Consult,2025-12-15,2025-12-21,20240.0,rv,,Dem,45.0
gen202morjndncmme,generic,US,0,Morning Consult,2025-12-15,2025-12-21,20240.0,rv,,Rep,42.0
gen202you6j0eib4q,generic,US,0,YouGov,2025-12-20,2025-12-22,1592.0,a,,Dem,38.0
gen202you6j0eib4q,generic,US,0,YouGov,2025-12-20,2025-12-22,1592.0,a,,Rep,34.0
gen202youfa0e23zn,generic,US,0,YouGov,2025-12-20,2025-12-22,1425.0,rv,,Dem,43.0
gen202youfa0e23zn,generic,US,0,YouGov,2025-12-20,2025-12-22,1425.0,rv,,Rep,40.0
gen202mclalveuwur,generic,US,0,McLaughlin & Associates,2025-12-12,2025-12-19,1000.0,lv,,Dem,46.0
gen202mclalveuwur,generic,US,0,McLaughlin & Associates,2025-12-12,2025-12-19,1000.0,lv,,Rep,45.0
gen202gba5ap9ebsy,generic,US,0,GBAO Strategies,2025-11-19,2025-11-26,2000.0,rv,,Dem,48.0
gen202gba5ap9ebsy,generic,US,0,GBAO Strategies,2025-11-19,2025-11-26,2000.0,rv,,Rep,42.0
gen202youbujtr0mn,generic,US,0,YouGov,2025-12-26,2025-12-29,1550.0,a,,Dem,36.0
gen202youbujtr0mn,generic,US,0,YouGov,2025-12-26,2025-12-29,1550.0,a,,Rep,31.0
gen202yout11p2aja,generic,US,0,YouGov,2025-12-26,2025-12-29,1420.0,rv,,Dem,42.0
gen202yout11p2aja,generic,US,0,YouGov,2025-12-26,2025-12-29,1420.0,rv,,Rep,38.0
gen202big9ff7jwwd,generic,US,0,Big Data Poll,2025-12-26,2025-12-28,3412.0,lv,,Dem,47.9
gen202big9ff7jwwd,generic,US,0,Big Data Poll,2025-12-26,2025-12-28,3412.0,lv,,Rep,44.4
gen202theup5bfb8s,generic,US,0,The Bullfinch Group,2025-12-30,2026-01-03,1200.0,a,,Dem,40.0
gen202theup5bfb8s,generic,US,0,The Bullfinch Group,2025-12-30,2026-01-03,1200.0,a,,Rep,30.0
gen202the0qhxbf0f,generic,US,0,The Bullfinch Group,2025-12-30,2026-01-03,1000.0,rv,,Dem,44.0
gen202the0qhxbf0f,generic,US,0,The Bullfinch Group,2025-12-30,2026-01-03,1000.0,rv,,Rep,33.0
gen202morp33r88gn,generic,US,0,Morning Consult,2025-12-29,2026-01-04,22709.0,rv,,Dem,44.0
gen202morp33r88gn,generic,US,0,Morning Consult,2025-12-29,2026-01-04,22709.0,rv,,Rep,42.0
gen202morjcls6rqx,generic,US,0,Morning Consult,2026-01-02,2026-01-04,2201.0,rv,,Dem,45.0
gen202morjcls6rqx,generic,US,0,Morning Consult,2026-01-02,2026-01-04,2201.0,rv,,Rep,42.0
gen202youu3ai7u27,generic,US,0,YouGov,2026-01-02,2026-01-05,1551.0,a,,Dem,39.0
gen202youu3ai7u27,generic,US,0,YouGov,2026-01-02,2026-01-05,1551.0,a,,Rep,32.0
gen202youurkrv24g,generic,US,0,YouGov,2026-01-02,2026-01-05,1389.0,rv,,Dem,45.0
gen202youurkrv24g,generic,US,0,YouGov,2026-01-02,2026-01-05,1389.0,rv,,Rep,39.0
gen202rmg246nd3tm,generic,US,0,RMG Research,2026-01-05,2026-01-08,2000.0,rv,,Dem,47.0
gen202rmg246nd3tm,generic,US,0,RMG Research,2026-01-05,2026-01-08,2000.0,rv,,Rep,46.0
gen202mor4n710c21,generic,US,0,Morning Consult,2026-01-09,2026-01-12,2201.0,rv,,Dem,46.0
gen202mor4n710c21,generic,US,0,Morning Consult,2026-01-09,2026-01-12,2201.0,rv,,Rep,43.0
gen202you6o1nsb1w,generic,US,0,YouGov,2026-01-09,2026-01-12,1602.0,a,,Dem,39.0
gen202you6o1nsb1w,generic,US,0,YouGov,2026-01-09,2026-01-12,1602.0,a,,Rep,33.0
gen202you85czczs0,generic,US,0,YouGov,2026-01-09,2026-01-12,1437.0,rv,,Dem,44.0
gen202you85czczs0,generic,US,0,YouGov,2026-01-09,2026-01-12,1437.0,rv,,Rep,40.0
gen202moraq07xnwv,generic,US,0,Morning Consult,2026-01-05,2026-01-11,19675.0,rv,,Dem,45.0
gen202moraq07xnwv,generic,US,0,Morning Consult,2026-01-05,2026-01-11,19675.0,rv,,Rep,43.0
gen202ipshoed831k,generic,US,0,Ipsos,2026-01-12,2026-01-13,941.0,rv,,Dem,40.0
gen202ipshoed831k,generic,US,0,Ipsos,2026-01-12,2026-01-13,941.0,rv,,Rep,38.0
gen202ips4ul5u7dr,generic,US,0,Ipsos,2026-01-12,2026-01-13,1217.0,a,,Dem,35.0
gen202ips4ul5u7dr,generic,US,0,Ipsos,2026-01-12,2026-01-13,1217.0,a,,Rep,32.0
gen202cyge6frdfy5,generic,US,0,Cygnal,2026-01-07,2026-01-08,1500.0,lv,,Dem,48.0
gen202cyge6frdfy5,generic,US,0,Cygnal,2026-01-07,2026-01-08,1500.0,lv,,Rep,45.0
gen202you0k6m7yg7,generic,US,0,YouGov,2026-01-08,2026-01-12,1148.0,rv,,Dem,45.0
gen202you0k6m7yg7,generic,US,0,YouGov,2026-01-08,2026-01-12,1148.0,rv,,Rep,40.0
gen202mord7yx3hp4,generic,US,0,Morning Consult,2026-01-19,2026-01-25,12505.0,rv,,Dem,44.0
gen202mord7yx3hp4,generic,US,0,Morning Consult,2026-01-19,2026-01-25,12505.0,rv,,Rep,43.0
gen202younb0uckie,generic,US,0,YouGov,2026-01-23,2026-01-26,1684.0,a,,Dem,38.0
gen202younb0uckie,generic,US,0,YouGov,2026-01-23,2026-01-26,1684.0,a,,Rep,35.0
gen202hary979p4hg,generic,US,0,HarrisX/Harris Poll,2026-01-28,2026-01-29,2000.0,lv,,Dem,52.0
gen202hary979p4hg,generic,US,0,HarrisX/Harris Poll,2026-01-28,2026-01-29,2000.0,lv,,Rep,48.0
gen202pub1uzfis8x,generic,US,0,Public Policy Polling,2026-01-13,2026-01-14,597.0,rv,D,Dem,50.0
gen202pub1uzfis8x,generic,US,0,Public Policy Polling,2026-01-13,2026-01-14,597.0,rv,D,Rep,42.0
gen202morfersg7h4,generic,US,0,Morning Consult,2026-01-30,2026-02-01,2201.0,rv,,Dem,47.0
gen202morfersg7h4,generic,US,0,Morning Consult,2026-01-30,2026-02-01,2201.0,rv,,Rep,42.0
gen202joh415e61a2,generic,US,0,John Zogby Strategies,2026-02-04,2026-02-05,1000.0,lv,,Dem,47.0
gen202joh415e61a2,generic,US,0,John Zogby Strategies,2026-02-04,2026-02-05,1000.0,lv,,Rep,42.0
gen202mor52a53368,generic,US,0,Morning Consult,2026-02-02,2026-02-08,29303.0,rv,,Dem,45.0
gen202mor52a53368,generic,US,0,Morning Consult,2026-02-02,2026-02-08,29303.0,rv,,Rep,42.0
gen202youxi2k24mg,generic,US,0,YouGov,2026-02-06,2026-02-09,1730.0,a,,Dem,39.0
gen202youxi2k24mg,generic,US,0,YouGov,2026-02-06,2026-02-09,1730.0,a,,Rep,31.0
gen202cyg0f4e4de6,generic,US,0,Cygnal,2026-02-03,2026-02-04,1500.0,lv,,Dem,48.0
gen202cyg0f4e4de6,generic,US,0,Cygnal,2026-02-03,2026-02-04,1500.0,lv,,Rep,44.0
gen202foc331c995c,generic,US,0,Focaldata,2026-01-23,2026-01-26,2037.0,a,,Dem,39.0
gen202foc331c995c,generic,US,0,Focaldata,2026-01-23,2026-01-26,2037.0,a,,Rep,35.0
gen202impbbhnd85v,generic,US,0,Impact Research/National Research,2026-01-08,2026-01-13,1500.0,rv,,Dem,47.0
gen202impbbhnd85v,generic,US,0,Impact Research/National Research,2026-01-08,2026-01-13,1500.0,rv,,Rep,43.0
us-202uni63b326ca,senate,ME,0,University of Massachusetts Lowell Center for Public Opinion/YouGov,2026-05-13,2026-05-16,650.0,lv,,Graham Platner,48.0
us-202uni63b326ca,senate,ME,0,University of Massachusetts Lowell Center for Public Opinion/YouGov,2026-05-13,2026-05-16,650.0,lv,,Susan Collins,43.0
gen202cnnv1jpahum,generic,US,0,CNN/SSRS,2026-01-09,2026-01-12,968.0,rv,,Dem,46.0
gen202cnnv1jpahum,generic,US,0,CNN/SSRS,2026-01-09,2026-01-12,968.0,rv,,Rep,41.0
gen202moreswt9ang,generic,US,0,Morning Consult,2026-01-12,2026-01-18,12505.0,rv,,Dem,44.0
gen202moreswt9ang,generic,US,0,Morning Consult,2026-01-12,2026-01-18,12505.0,rv,,Rep,42.0
gen202youaopgshld,generic,US,0,YouGov,2026-01-16,2026-01-19,1722.0,a,,Dem,39.0
gen202youaopgshld,generic,US,0,YouGov,2026-01-16,2026-01-19,1722.0,a,,Rep,34.0
gen202youljd2lcjf,generic,US,0,YouGov,2026-01-16,2026-01-19,1549.0,rv,,Dem,43.0
gen202youljd2lcjf,generic,US,0,YouGov,2026-01-16,2026-01-19,1549.0,rv,,Rep,39.0
gen202eme0v5i59it,generic,US,0,Emerson College,2026-01-17,2026-01-19,1000.0,lv,,Dem,48.1
gen202eme0v5i59it,generic,US,0,Emerson College,2026-01-17,2026-01-19,1000.0,lv,,Rep,41.7
gen202thebetxq9n0,generic,US,0,The New York Times/Siena College,2026-01-12,2026-01-17,1625.0,rv,,Dem,48.0
gen202thebetxq9n0,generic,US,0,The New York Times/Siena College,2026-01-12,2026-01-17,1625.0,rv,,Rep,43.0
gen202morhrb08nk6,generic,US,0,Morning Consult,2026-01-16,2026-01-18,2201.0,rv,,Dem,45.0
gen202morhrb08nk6,generic,US,0,Morning Consult,2026-01-16,2026-01-18,2201.0,rv,,Rep,43.0
gen202verd43ch8uz,generic,US,0,Verasight,2026-01-14,2026-01-20,,rv,,Dem,51.0
gen202verd43ch8uz,generic,US,0,Verasight,2026-01-14,2026-01-20,,rv,,Rep,43.0
gen202qua9n11067c,generic,US,0,Quantus Insights,2026-01-20,2026-01-22,1000.0,rv,,Dem,47.2
gen202qua9n11067c,generic,US,0,Quantus Insights,2026-01-20,2026-01-22,1000.0,rv,,Rep,40.7
gen202ras4513ks5s,generic,US,0,Rasmussen Reports,2026-01-07,2026-01-08,2273.0,lv,,Dem,47.0
gen202ras4513ks5s,generic,US,0,Rasmussen Reports,2026-01-07,2026-01-08,2273.0,lv,,Rep,41.0
gen202reszwfu9xpw,generic,US,0,Research Co.,2026-01-13,2026-01-15,1002.0,a,,Dem,42.0
gen202reszwfu9xpw,generic,US,0,Research Co.,2026-01-13,2026-01-15,1002.0,a,,Rep,36.0
gen202echg6wqrhp3,generic,US,0,Echelon Insights,2026-01-22,2026-01-26,1029.0,lv,,Dem,49.0
gen202echg6wqrhp3,generic,US,0,Echelon Insights,2026-01-22,2026-01-26,1029.0,lv,,Rep,44.0
gen202ipst0vqxwzr,generic,US,0,Ipsos,2026-01-23,2026-01-25,906.0,rv,,Dem,41.0
gen202ipst0vqxwzr,generic,US,0,Ipsos,2026-01-23,2026-01-25,906.0,rv,,Rep,37.0
gen202mor40wu93uh,generic,US,0,Morning Consult,2026-01-23,2026-01-25,2201.0,rv,,Dem,45.0
gen202mor40wu93uh,generic,US,0,Morning Consult,2026-01-23,2026-01-25,2201.0,rv,,Rep,43.0
gen202bea1zjzpg64,generic,US,0,Beacon Research/Shaw & Co. Research,2026-01-23,2026-01-26,1005.0,rv,,Dem,52.0
gen202bea1zjzpg64,generic,US,0,Beacon Research/Shaw & Co. Research,2026-01-23,2026-01-26,1005.0,rv,,Rep,46.0
gen202kffnllpfo8t,generic,US,0,KFF,2026-01-13,2026-01-20,1141.0,rv,,Dem,49.0
gen202kffnllpfo8t,generic,US,0,KFF,2026-01-13,2026-01-20,1141.0,rv,,Rep,42.0
gen202thew0pr38sc,generic,US,0,The Argument/Verasight,2026-01-26,2026-01-27,,lv,,Dem,55.0
gen202thew0pr38sc,generic,US,0,The Argument/Verasight,2026-01-26,2026-01-27,,lv,,Rep,45.0
gen202theea14xh0m,generic,US,0,The Argument/Verasight,2026-01-26,2026-01-27,1515.0,rv,,Rep,48.0
gen202theea14xh0m,generic,US,0,The Argument/Verasight,2026-01-26,2026-01-27,1515.0,rv,,Dem,52.0
gen202pub1eunsp9r,generic,US,0,Public Policy Polling,2026-01-29,2026-01-30,652.0,rv,,Dem,48.0
gen202pub1eunsp9r,generic,US,0,Public Policy Polling,2026-01-29,2026-01-30,652.0,rv,,Rep,41.0
gen202cyggq1ns3i7,generic,US,0,Cygnal,2026-01-27,2026-01-28,1004.0,lv,,Dem,48.0
gen202cyggq1ns3i7,generic,US,0,Cygnal,2026-01-27,2026-01-28,1004.0,lv,,Rep,44.0
gen202mar1mmhk54j,generic,US,0,Marquette University Law School,2026-01-21,2026-01-28,1003.0,a,,Dem,45.0
gen202mar1mmhk54j,generic,US,0,Marquette University Law School,2026-01-21,2026-01-28,1003.0,a,,Rep,39.0
gen202marfa6kqh0m,generic,US,0,Marquette University Law School,2026-01-21,2026-01-28,869.0,rv,,Dem,48.0
gen202marfa6kqh0m,generic,US,0,Marquette University Law School,2026-01-21,2026-01-28,869.0,rv,,Rep,44.0
gen202maro1vul0lx,generic,US,0,Marquette University Law School,2026-01-21,2026-01-28,577.0,lv,,Dem,52.0
gen202maro1vul0lx,generic,US,0,Marquette University Law School,2026-01-21,2026-01-28,577.0,lv,,Rep,45.0
gen202you8d2cimjg,generic,US,0,YouGov,2026-01-30,2026-02-02,1504.0,rv,,Dem,44.0
gen202you8d2cimjg,generic,US,0,YouGov,2026-01-30,2026-02-02,1504.0,rv,,Rep,40.0
gen202yougccmqau9,generic,US,0,YouGov,2026-01-30,2026-02-02,1672.0,a,,Dem,36.0
gen202yougccmqau9,generic,US,0,YouGov,2026-01-30,2026-02-02,1672.0,a,,Rep,34.0
gen202mcl0f670da2,generic,US,0,McLaughlin & Associates,2026-01-21,2026-01-27,1000.0,lv,,Dem,46.0
gen202mcl0f670da2,generic,US,0,McLaughlin & Associates,2026-01-21,2026-01-27,1000.0,lv,,Rep,44.0
gen202mor8d572fd0,generic,US,0,Morning Consult,2026-01-26,2026-02-01,12505.0,rv,,Dem,44.0
gen202mor8d572fd0,generic,US,0,Morning Consult,2026-01-26,2026-02-01,12505.0,rv,,Rep,42.0
gen202youc4u7dikt,generic,US,0,YouGov,2026-02-06,2026-02-09,1551.0,rv,,Dem,44.0
gen202youc4u7dikt,generic,US,0,YouGov,2026-02-06,2026-02-09,1551.0,rv,,Rep,38.0
gen202ech6dc8bbee,generic,US,0,Echelon Insights/GBAO,2025-12-09,2025-12-16,2023.0,lv,,Dem,47.0
gen202ech6dc8bbee,generic,US,0,Echelon Insights/GBAO,2025-12-09,2025-12-16,2023.0,lv,,Rep,43.0
gen202foc9688c25e,generic,US,0,Focaldata,2026-02-10,2026-02-10,,lv,,Dem,51.0
gen202foc9688c25e,generic,US,0,Focaldata,2026-02-10,2026-02-10,,lv,,Rep,44.0
gen202focec036b61,generic,US,0,Focaldata,2026-02-10,2026-02-10,,rv,,Dem,46.0
gen202focec036b61,generic,US,0,Focaldata,2026-02-10,2026-02-10,,rv,,Rep,42.0
gen202foc64195cbb,generic,US,0,Focaldata,2026-02-10,2026-02-10,1148.0,a,,Dem,42.0
gen202foc64195cbb,generic,US,0,Focaldata,2026-02-10,2026-02-10,1148.0,a,,Rep,38.0
gen202rmg8840c11c,generic,US,0,RMG Research,2026-02-09,2026-02-12,2000.0,rv,,Dem,45.0
gen202rmg8840c11c,generic,US,0,RMG Research,2026-02-09,2026-02-12,2000.0,rv,,Rep,47.0
gen202qua250cbc5a,generic,US,0,Quantus Insights,2026-02-12,2026-02-13,1515.0,lv,,Dem,48.0
gen202qua250cbc5a,generic,US,0,Quantus Insights,2026-02-12,2026-02-13,1515.0,lv,,Rep,42.0
gen202tip00f8b387,generic,US,0,TIPP Insights,2026-01-27,2026-01-29,1126.0,rv,,Dem,45.0
gen202tip00f8b387,generic,US,0,TIPP Insights,2026-01-27,2026-01-29,1126.0,rv,,Rep,42.0
us-202pubdc157848,senate,NC,0,Public Policy Polling,2025-03-04,2025-03-05,662.0,rv,,Roy Cooper,47.0
us-202pubdc157848,senate,NC,0,Public Policy Polling,2025-03-04,2025-03-05,662.0,rv,,Thom Thillis,43.0
us-202vicec5afb5c,senate,NC,0,Victory Insights,2025-07-28,2025-07-30,600.0,lv,,Roy Cooper,44.4
us-202vicec5afb5c,senate,NC,0,Victory Insights,2025-07-28,2025-07-30,600.0,lv,,Michael Whatley,43.5
us-202harc083001c,senate,NC,0,Harper Polling,2025-08-11,2025-08-12,600.0,lv,,Roy Cooper,47.3
us-202harc083001c,senate,NC,0,Harper Polling,2025-08-11,2025-08-12,600.0,lv,,Michael Whatley,39.1
us-202chab6c27b91,senate,NC,0,Change Research,2025-09-02,2025-09-08,855.0,lv,D,Roy Cooper,48.0
us-202chab6c27b91,senate,NC,0,Change Research,2025-09-02,2025-09-08,855.0,lv,D,Michael Whatley,41.0
us-202har2b123ce0,senate,NC,0,Harper Polling,2025-09-14,2025-09-15,600.0,lv,,Roy Cooper,46.0
us-202har2b123ce0,senate,NC,0,Harper Polling,2025-09-14,2025-09-15,600.0,lv,,Michael Whatley,42.0
us-202har1bdb30c5,senate,NC,0,Harper Polling,2025-11-09,2025-11-10,600.0,lv,,Roy Cooper,47.0
us-202har1bdb30c5,senate,NC,0,Harper Polling,2025-11-09,2025-11-10,600.0,lv,,Michael Whatley,39.0
us-202harc344974e,senate,NC,0,Harper Polling,2025-11-09,2025-11-10,600.0,lv,,Roy Cooper,48.1
us-202harc344974e,senate,NC,0,Harper Polling,2025-11-09,2025-11-10,600.0,lv,,Don Brown,38.0
us-202eme013c2ece,senate,NC,0,Emerson College,2025-07-28,2025-07-30,1000.0,rv,,Michael Whatley,41.4
us-202eme013c2ece,senate,NC,0,Emerson College,2025-07-28,2025-07-30,1000.0,rv,,Roy Cooper,46.7
us-202cha2976f667,senate,NC,0,Change Research,2026-01-05,2026-01-07,1105.0,lv,D,Roy Cooper,47.0
us-202cha2976f667,senate,NC,0,Change Research,2026-01-05,2026-01-07,1105.0,lv,D,Michael Whatley,42.0
us-202tipab84b110,senate,NC,0,TIPP Insights,2026-01-12,2026-01-15,1512.0,rv,R,Roy Cooper,48.0
us-202tipab84b110,senate,NC,0,TIPP Insights,2026-01-12,2026-01-15,1512.0,rv,R,Michael Whatley,24.0
gen202thea1c3940a,generic,US,0,The Argument/Verasight,2026-02-04,2026-02-10,3003.0,rv,,Dem,53.0
gen202thea1c3940a,generic,US,0,The Argument/Verasight,2026-02-04,2026-02-10,3003.0,rv,,Rep,47.0
gen202the46f080ee,generic,US,0,The Argument/Verasight,2026-02-04,2026-02-10,,lv,,Dem,53.0
gen202the46f080ee,generic,US,0,The Argument/Verasight,2026-02-04,2026-02-10,,lv,,Rep,47.0
gen202you396f2cec,generic,US,0,YouGov,2026-02-13,2026-02-16,1509.0,rv,,Dem,47.0
gen202you396f2cec,generic,US,0,YouGov,2026-02-13,2026-02-16,1509.0,rv,,Rep,40.0
gen202you519cb5b0,generic,US,0,YouGov,2026-02-13,2026-02-16,1682.0,a,,Dem,39.0
gen202you519cb5b0,generic,US,0,YouGov,2026-02-13,2026-02-16,1682.0,a,,Rep,33.0
gen202mor0b96b326,generic,US,0,Morning Consult,2026-02-06,2026-02-09,2200.0,rv,,Dem,45.0
gen202mor0b96b326,generic,US,0,Morning Consult,2026-02-06,2026-02-09,2200.0,rv,,Rep,41.0
gen202ips5480e8db,generic,US,0,Ipsos,2026-02-13,2026-02-16,846.0,rv,,Dem,41.0
gen202ips5480e8db,generic,US,0,Ipsos,2026-02-13,2026-02-16,846.0,rv,,Rep,37.0
gen202ips1b69c5aa,generic,US,0,Ipsos,2026-02-13,2026-02-16,1117.0,a,,Dem,36.0
gen202ips1b69c5aa,generic,US,0,Ipsos,2026-02-13,2026-02-16,1117.0,a,,Rep,32.0
gen202you0acd1884,generic,US,0,YouGov,2026-02-09,2026-02-12,1149.0,rv,,Dem,44.0
gen202you0acd1884,generic,US,0,YouGov,2026-02-09,2026-02-12,1149.0,rv,,Rep,41.0
gen202bigc1d4e27a,generic,US,0,Big Data Poll,2026-02-16,2026-02-18,1805.0,lv,,Dem,50.0
gen202bigc1d4e27a,generic,US,0,Big Data Poll,2026-02-16,2026-02-18,1805.0,lv,,Rep,41.3
gen202big82c2050f,generic,US,0,Big Data Poll,2026-02-16,2026-02-18,2012.0,rv,,Dem,48.2
gen202big82c2050f,generic,US,0,Big Data Poll,2026-02-16,2026-02-18,2012.0,rv,,Rep,40.0
us-202cha2111afda,senate,NC,0,Change Research,2026-01-31,2026-02-04,1069.0,rv,,Roy Cooper,50.0
us-202cha2111afda,senate,NC,0,Change Research,2026-01-31,2026-02-04,1069.0,rv,,Michael Whatley,40.0
gen202ech2aa40d74,generic,US,0,Echelon Insights,2026-02-19,2026-02-23,1002.0,lv,,Dem,50.0
gen202ech2aa40d74,generic,US,0,Echelon Insights,2026-02-19,2026-02-23,1002.0,lv,,Rep,46.0
gen202verb7bf02d2,generic,US,0,Verasight,2026-02-18,2026-02-20,1401.0,rv,,Dem,52.0
gen202verb7bf02d2,generic,US,0,Verasight,2026-02-18,2026-02-20,1401.0,rv,,Rep,42.0
gen202verb8fa684b,generic,US,0,Verasight,2026-02-18,2026-02-20,1566.0,a,,Dem,50.0
gen202verb8fa684b,generic,US,0,Verasight,2026-02-18,2026-02-20,1566.0,a,,Rep,40.0
gen202bow961d6eac,generic,US,0,Bowling Green State University/YouGov,2026-02-13,2026-02-18,1200.0,rv,,Dem,49.0
gen202bow961d6eac,generic,US,0,Bowling Green State University/YouGov,2026-02-13,2026-02-18,1200.0,rv,,Rep,41.0
gen202ips899bee43,generic,US,0,Ipsos,2026-02-18,2026-02-23,3686.0,rv,,Dem,40.0
gen202ips899bee43,generic,US,0,Ipsos,2026-02-18,2026-02-23,3686.0,rv,,Rep,38.0
gen202tald5d533fb,generic,US,0,Talker Research,2026-02-13,2026-02-19,1000.0,a,,Dem,42.0
gen202tald5d533fb,generic,US,0,Talker Research,2026-02-13,2026-02-19,1000.0,a,,Rep,36.0
gen202ipsb162ebc2,generic,US,0,Ipsos,2026-02-12,2026-02-17,2087.0,rv,,Dem,47.0
gen202ipsb162ebc2,generic,US,0,Ipsos,2026-02-12,2026-02-17,2087.0,rv,,Rep,45.0
gen202mor077806f2,generic,US,0,Morning Consult,2026-02-20,2026-02-22,2202.0,rv,,Dem,46.0
gen202mor077806f2,generic,US,0,Morning Consult,2026-02-20,2026-02-22,2202.0,rv,,Rep,42.0
gen202youf1935f54,generic,US,0,YouGov,2026-02-20,2026-02-23,1402.0,rv,,Dem,45.0
gen202youf1935f54,generic,US,0,YouGov,2026-02-20,2026-02-23,1402.0,rv,,Rep,41.0
gen202emed204ed40,generic,US,0,Emerson College,2026-02-21,2026-02-22,1000.0,lv,,Dem,50.4
gen202emed204ed40,generic,US,0,Emerson College,2026-02-21,2026-02-22,1000.0,lv,,Rep,42.4
gen202the940ca850,generic,US,0,The Winston Group,2026-01-08,2026-01-12,1000.0,rv,R,Dem,46.0
gen202the940ca850,generic,US,0,The Winston Group,2026-01-08,2026-01-12,1000.0,rv,R,Rep,43.0
gen202mor18c3ca3c,generic,US,0,Morning Consult,2026-02-16,2026-02-22,26087.0,rv,,Dem,45.0
gen202mor18c3ca3c,generic,US,0,Morning Consult,2026-02-16,2026-02-22,26087.0,rv,,Rep,42.0
gen202pen573f413b,generic,US,0,Pennsylvania State University McCourtney Institute for Democracy/YouGov,2026-05-19,2026-05-26,862.0,rv,,Dem,41.0
gen202pen573f413b,generic,US,0,Pennsylvania State University McCourtney Institute for Democracy/YouGov,2026-05-19,2026-05-26,862.0,rv,,Rep,37.0
gen202youc7574fda,generic,US,0,YouGov,2026-02-20,2026-02-23,1402.0,rv,,Dem,45.0
gen202youc7574fda,generic,US,0,YouGov,2026-02-20,2026-02-23,1402.0,rv,,Rep,41.0
gen202you4cb58744,generic,US,0,YouGov,2026-02-20,2026-02-23,1551.0,a,,Dem,39.0
gen202you4cb58744,generic,US,0,YouGov,2026-02-20,2026-02-23,1551.0,a,,Rep,34.0
gen202moredea7e96,generic,US,0,Morning Consult,2026-02-09,2026-02-15,12505.0,rv,,Dem,45.0
gen202moredea7e96,generic,US,0,Morning Consult,2026-02-09,2026-02-15,12505.0,rv,,Rep,42.0
gen202the06ea19a9,generic,US,0,The Winston Group,2025-08-30,2025-09-01,1000.0,rv,R,Dem,47.0
gen202the06ea19a9,generic,US,0,The Winston Group,2025-08-30,2025-09-01,1000.0,rv,R,Rep,43.0
gen202the5055eb68,generic,US,0,The Winston Group,2025-10-15,2025-10-16,1000.0,rv,R,Dem,47.0
gen202the5055eb68,generic,US,0,The Winston Group,2025-10-15,2025-10-16,1000.0,rv,R,Rep,43.0
gen202theaccdd393,generic,US,0,The Winston Group,2025-11-15,2025-11-17,1000.0,rv,R,Dem,47.0
gen202theaccdd393,generic,US,0,The Winston Group,2025-11-15,2025-11-17,1000.0,rv,R,Rep,42.0
gen202thef6d37a30,generic,US,0,The Public Sentiment Institute,2026-02-28,2026-02-28,249.0,lv,,Dem,50.0
gen202thef6d37a30,generic,US,0,The Public Sentiment Institute,2026-02-28,2026-02-28,249.0,lv,,Rep,41.0
gen202theb66b8abe,generic,US,0,The Public Sentiment Institute,2026-02-28,2026-02-28,316.0,rv,,Dem,41.0
gen202theb66b8abe,generic,US,0,The Public Sentiment Institute,2026-02-28,2026-02-28,316.0,rv,,Rep,33.0
gen202qua5fec4b64,generic,US,0,Quantus Insights,2026-03-02,2026-03-03,1624.0,lv,,Dem,48.0
gen202qua5fec4b64,generic,US,0,Quantus Insights,2026-03-02,2026-03-03,1624.0,lv,,Rep,42.0
gen202ips5a0ed2e7,generic,US,0,Ipsos,2026-02-18,2026-02-23,3686.0,rv,,Dem,40.0
gen202ips5a0ed2e7,generic,US,0,Ipsos,2026-02-18,2026-02-23,3686.0,rv,,Rep,38.0
gen202ipse467faa1,generic,US,0,Ipsos,2026-02-18,2026-02-23,4638.0,a,,Dem,35.0
gen202ipse467faa1,generic,US,0,Ipsos,2026-02-18,2026-02-23,4638.0,a,,Rep,32.0
gen202you70d22b71,generic,US,0,YouGov,2026-02-27,2026-03-02,1366.0,rv,,Dem,45.0
gen202you70d22b71,generic,US,0,YouGov,2026-02-27,2026-03-02,1366.0,rv,,Rep,41.0
gen202you38c2a9ca,generic,US,0,YouGov,2026-02-27,2026-03-02,1515.0,a,,Dem,40.0
gen202you38c2a9ca,generic,US,0,YouGov,2026-02-27,2026-03-02,1515.0,a,,Rep,33.0
gen202you5d81f482,generic,US,0,YouGov,2026-02-25,2026-02-27,1523.0,rv,,Dem,45.0
gen202you5d81f482,generic,US,0,YouGov,2026-02-25,2026-02-27,1523.0,rv,,Rep,40.0
gen202harb82e0a2b,generic,US,0,HarrisX/Harris,2026-02-25,2026-02-26,,lv,,Dem,50.0
gen202harb82e0a2b,generic,US,0,HarrisX/Harris,2026-02-25,2026-02-26,,lv,,Rep,50.0
gen202har6b357806,generic,US,0,HarrisX/Harris,2026-02-25,2026-02-26,1999.0,rv,,Dem,50.0
gen202har6b357806,generic,US,0,HarrisX/Harris,2026-02-25,2026-02-26,1999.0,rv,,Rep,50.0
gen202gra10f7957a,generic,US,0,Grayhouse,2025-07-27,2025-07-29,2000.0,rv,R,Dem,47.0
gen202gra10f7957a,generic,US,0,Grayhouse,2025-07-27,2025-07-29,2000.0,rv,R,Rep,44.0
gen202gra16882fe7,generic,US,0,Grayhouse,2025-12-06,2025-12-08,2058.0,rv,R,Dem,45.0
gen202gra16882fe7,generic,US,0,Grayhouse,2025-12-06,2025-12-08,2058.0,rv,R,Rep,41.0
gen202gra2275cae0,generic,US,0,Grayhouse,2026-02-20,2026-02-23,1394.0,rv,R,Dem,43.0
gen202gra2275cae0,generic,US,0,Grayhouse,2026-02-20,2026-02-23,1394.0,rv,R,Rep,40.0
gen202rmg6e270e3b,generic,US,0,RMG Research,2026-03-02,2026-03-05,2000.0,rv,,Dem,46.0
gen202rmg6e270e3b,generic,US,0,RMG Research,2026-03-02,2026-03-05,2000.0,rv,,Rep,46.0
gen202cyg042f1e59,generic,US,0,Cygnal,2026-02-24,2026-02-26,1048.0,lv,R,Dem,48.0
gen202cyg042f1e59,generic,US,0,Cygnal,2026-02-24,2026-02-26,1048.0,lv,R,Rep,45.0
gen202hard90e1273,generic,US,0,Hart Research Associates/Public Opinion Strategies,2026-02-27,2026-03-03,1000.0,rv,,Dem,50.0
gen202hard90e1273,generic,US,0,Hart Research Associates/Public Opinion Strategies,2026-02-27,2026-03-03,1000.0,rv,,Rep,44.0
gen202mar4e24ed15,generic,US,0,Marist University,2026-03-02,2026-03-04,1392.0,rv,,Dem,53.0
gen202mar4e24ed15,generic,US,0,Marist University,2026-03-02,2026-03-04,1392.0,rv,,Rep,44.0
gen202pen388f5658,generic,US,0,Pennsylvania State University McCourtney Institute for Democracy/YouGov,2026-02-18,2026-02-23,824.0,rv,,Dem,42.0
gen202pen388f5658,generic,US,0,Pennsylvania State University McCourtney Institute for Democracy/YouGov,2026-02-18,2026-02-23,824.0,rv,,Rep,37.0
gen202youa693623d,generic,US,0,YouGov,2026-03-06,2026-03-09,1405.0,rv,,Dem,45.0
gen202youa693623d,generic,US,0,YouGov,2026-03-06,2026-03-09,1405.0,rv,,Rep,42.0
gen202you0dee45a4,generic,US,0,YouGov,2026-03-06,2026-03-09,1563.0,a,,Dem,40.0
gen202you0dee45a4,generic,US,0,YouGov,2026-03-06,2026-03-09,1563.0,a,,Rep,36.0
gen202cyg91511465,generic,US,0,Cygnal,2026-03-03,2026-03-04,1500.0,lv,,Dem,49.0
gen202cyg91511465,generic,US,0,Cygnal,2026-03-03,2026-03-04,1500.0,lv,,Rep,45.0
us-202onm04028dcb,senate,OH,0,OnMessage,2026-03-03,2026-03-08,600.0,lv,,Sherrod Brown,47.0
us-202onm04028dcb,senate,OH,0,OnMessage,2026-03-03,2026-03-08,600.0,lv,,Jon Husted,45.0
us-202emeea9b3350,senate,OH,0,Emerson College,2025-12-06,2025-12-08,850.0,rv,,Sherrod Brown,46.3
us-202emeea9b3350,senate,OH,0,Emerson College,2025-12-06,2025-12-08,850.0,rv,,Jon Husted,48.8
us-202bow288ac89a,senate,OH,0,Bowling Green State University/YouGov,2025-10-02,2025-10-14,800.0,rv,,Sherrod Brown,49.0
us-202bow288ac89a,senate,OH,0,Bowling Green State University/YouGov,2025-10-02,2025-10-14,800.0,rv,,Jon Husted,48.0
us-202eme8f806411,senate,OH,0,Emerson College,2025-08-18,2025-08-19,1000.0,rv,,Sherrod Brown,43.7
us-202eme8f806411,senate,OH,0,Emerson College,2025-08-18,2025-08-19,1000.0,rv,,Jon Husted,49.5
us-202bowabd25f95,senate,OH,0,Bowling Green State University/YouGov,2025-04-18,2025-04-24,800.0,rv,,Sherrod Brown,46.0
us-202bowabd25f95,senate,OH,0,Bowling Green State University/YouGov,2025-04-18,2025-04-24,800.0,rv,,Jon Husted,49.0
us-202bowefe05ca7,senate,OH,0,Bowling Green State University/YouGov,2025-02-14,2025-02-21,800.0,rv,,Sherrod Brown,41.0
us-202bowefe05ca7,senate,OH,0,Bowling Green State University/YouGov,2025-02-14,2025-02-21,800.0,rv,,Jon Husted,47.0
us-202emc72b76be3,senate,OH,0,EMC Research,2026-02-10,2026-02-22,1343.0,lv,,Sherrod Brown,51.0
us-202emc72b76be3,senate,OH,0,EMC Research,2026-02-10,2026-02-22,1343.0,lv,,Jon Husted,47.0
gov202emcfb09b615,governor,OH,0,EMC Research,2026-02-10,2026-02-22,1343.0,lv,,Amy Acton,53.0
gov202emcfb09b615,governor,OH,0,EMC Research,2026-02-10,2026-02-22,1343.0,lv,,Vivek Ramaswamy,43.0
gen202mor4108c1ef,generic,US,0,Morning Consult,2026-03-06,2026-03-08,2202.0,rv,,Dem,47.0
gen202mor4108c1ef,generic,US,0,Morning Consult,2026-03-06,2026-03-08,2202.0,rv,,Rep,43.0
gen202foccaecc3f9,generic,US,0,Focaldata,2026-03-06,2026-03-10,1534.0,rv,,Dem,48.0
gen202foccaecc3f9,generic,US,0,Focaldata,2026-03-06,2026-03-10,1534.0,rv,,Rep,42.0
gen202foc4dadf601,generic,US,0,Focaldata,2026-03-06,2026-03-10,1782.0,a,,Dem,45.0
gen202foc4dadf601,generic,US,0,Focaldata,2026-03-06,2026-03-10,1782.0,a,,Rep,39.0
gen202tipce47db1a,generic,US,0,TIPP Insights,2026-02-24,2026-02-27,1264.0,rv,,Dem,46.0
gen202tipce47db1a,generic,US,0,TIPP Insights,2026-02-24,2026-02-27,1264.0,rv,,Rep,44.0
gen202mclb94b7c24,generic,US,0,McLaughlin & Associates,2026-03-04,2026-03-09,1000.0,lv,,Dem,47.0
gen202mclb94b7c24,generic,US,0,McLaughlin & Associates,2026-03-04,2026-03-09,1000.0,lv,,Rep,43.0
gen202nob842fb127,generic,US,0,Noble Predictive Insights,2026-03-02,2026-03-05,2659.0,rv,,Dem,44.0
gen202nob842fb127,generic,US,0,Noble Predictive Insights,2026-03-02,2026-03-05,2659.0,rv,,Rep,43.0
us-202pub85665d25,senate,NC,0,Public Policy Polling,2026-03-13,2026-03-14,556.0,rv,,Roy Cooper,47.0
us-202pub85665d25,senate,NC,0,Public Policy Polling,2026-03-13,2026-03-14,556.0,rv,,Michael Whatley,44.0
us-202quad6aba264,senate,OH,0,Quantus Insights,2026-03-13,2026-03-14,925.0,lv,,Sherrod Brown,44.0
us-202quad6aba264,senate,OH,0,Quantus Insights,2026-03-13,2026-03-14,925.0,lv,,Jon Husted,46.0
gen202cla8ed0b7c5,generic,US,0,Clarity Campaign Labs,2026-02-26,2026-03-07,1004.0,lv,,Dem,47.0
gen202cla8ed0b7c5,generic,US,0,Clarity Campaign Labs,2026-02-26,2026-03-07,1004.0,lv,,Rep,43.0
gen202echa62b259e,generic,US,0,Echelon Insights,2026-03-12,2026-03-16,1033.0,lv,,Dem,49.0
gen202echa62b259e,generic,US,0,Echelon Insights,2026-03-12,2026-03-16,1033.0,lv,,Rep,44.0
gen202the6afca19c,generic,US,0,The Bullfinch Group,2026-05-29,2026-06-02,1200.0,a,,Dem,41.0
gen202the6afca19c,generic,US,0,The Bullfinch Group,2026-05-29,2026-06-02,1200.0,a,,Rep,34.0
gen202rmg8b19cf0c,generic,US,0,RMG Research,2026-06-01,2026-06-04,2000.0,rv,,Dem,49.0
gen202rmg8b19cf0c,generic,US,0,RMG Research,2026-06-01,2026-06-04,2000.0,rv,,Rep,45.0
gov202recc51e1594,governor,TX,0,ReconMR/Siena University,2026-06-01,2026-06-04,807.0,lv,,Gina Hinojosa,44.0
gov202recc51e1594,governor,TX,0,ReconMR/Siena University,2026-06-01,2026-06-04,807.0,lv,,Greg Abbott,49.0
gov202recc51e1594,governor,TX,0,ReconMR/Siena University,2026-06-01,2026-06-04,807.0,lv,,Pat Dixon,0.0
gov202theca8a8cc9,governor,ME,0,The Public Sentiment Institute,2026-06-08,2026-06-08,497.0,lv,,Nirav Shah,47.0
gov202theca8a8cc9,governor,ME,0,The Public Sentiment Institute,2026-06-08,2026-06-08,497.0,lv,,Robert Charles,31.0
gen202mor25e7b4e1,generic,US,0,Morning Consult,2026-03-13,2026-03-16,2201.0,rv,,Dem,48.0
gen202mor25e7b4e1,generic,US,0,Morning Consult,2026-03-13,2026-03-16,2201.0,rv,,Rep,40.0
gen202morb582e7f4,generic,US,0,Morning Consult,2026-03-09,2026-03-15,26634.0,rv,,Dem,45.0
gen202morb582e7f4,generic,US,0,Morning Consult,2026-03-09,2026-03-15,26634.0,rv,,Rep,42.0
gen202you5eb0a81f,generic,US,0,YouGov,2026-03-13,2026-03-16,1427.0,rv,,Dem,43.0
gen202you5eb0a81f,generic,US,0,YouGov,2026-03-13,2026-03-16,1427.0,rv,,Rep,41.0
gen202you3180bc85,generic,US,0,YouGov,2026-03-13,2026-03-16,1593.0,a,,Dem,39.0
gen202you3180bc85,generic,US,0,YouGov,2026-03-13,2026-03-16,1593.0,a,,Rep,35.0
gen202ips67b7ec50,generic,US,0,Ipsos,2026-03-17,2026-03-19,1545.0,a,,Dem,35.0
gen202ips67b7ec50,generic,US,0,Ipsos,2026-03-17,2026-03-19,1545.0,a,,Rep,32.0
gen202qua946fac3d,generic,US,0,Quantus Insights,2026-03-17,2026-03-18,1053.0,lv,,Dem,47.0
gen202qua946fac3d,generic,US,0,Quantus Insights,2026-03-17,2026-03-18,1053.0,lv,,Rep,42.0
gen202eme59d14015,generic,US,0,Emerson College,2026-03-16,2026-03-17,1000.0,lv,,Dem,49.2
gen202eme59d14015,generic,US,0,Emerson College,2026-03-16,2026-03-17,1000.0,lv,,Rep,41.5
gen202ips8f20b085,generic,US,0,Ipsos,2026-03-17,2026-03-19,1206.0,rv,,Dem,40.0
gen202ips8f20b085,generic,US,0,Ipsos,2026-03-17,2026-03-19,1206.0,rv,,Rep,37.0
gen202ipse0d79dcd,generic,US,0,Ipsos,2026-03-17,2026-03-19,1545.0,a,,Dem,35.0
gen202ipse0d79dcd,generic,US,0,Ipsos,2026-03-17,2026-03-19,1545.0,a,,Rep,32.0
gen202joh3aca1eba,generic,US,0,John Zogby Strategies,2026-03-17,2026-03-18,1000.0,lv,,Dem,46.0
gen202joh3aca1eba,generic,US,0,John Zogby Strategies,2026-03-17,2026-03-18,1000.0,lv,,Rep,46.0
gen202theebe8cac7,generic,US,0,The Argument/Verasight,2026-03-12,2026-03-17,1519.0,rv,,Dem,54.0
gen202theebe8cac7,generic,US,0,The Argument/Verasight,2026-03-12,2026-03-17,1519.0,rv,,Rep,46.0
gen202bigb03ecf05,generic,US,0,Big Data Poll,2026-03-22,2026-03-24,3003.0,rv,,Dem,48.0
gen202bigb03ecf05,generic,US,0,Big Data Poll,2026-03-22,2026-03-24,3003.0,rv,,Rep,40.0
gen202qui1a373f46,generic,US,0,Quinnipiac University,2026-03-19,2026-03-23,1191.0,rv,,Dem,51.0
gen202qui1a373f46,generic,US,0,Quinnipiac University,2026-03-19,2026-03-23,1191.0,rv,,Rep,40.0
gen202quaf01fa8df,generic,US,0,Quantus Insights,2026-03-25,2026-03-26,1470.0,lv,,Dem,47.0
gen202quaf01fa8df,generic,US,0,Quantus Insights,2026-03-25,2026-03-26,1470.0,lv,,Rep,41.3
us-202ala6fd3746f,senate,AK,0,Alaska Survey Research,2026-03-19,2026-03-22,1283.0,lv,,Mary Peltola,52.4
us-202ala6fd3746f,senate,AK,0,Alaska Survey Research,2026-03-19,2026-03-22,1283.0,lv,,Dan Sullivan,47.6
us-202pub023ecafb,senate,AK,0,Public Policy Polling,2026-01-16,2026-01-17,611.0,rv,D,Mary Peltola,49.0
us-202pub023ecafb,senate,AK,0,Public Policy Polling,2026-01-16,2026-01-17,611.0,rv,D,Dan Sullivan,47.0
us-202ala3b65f6ef,senate,AK,0,Alaska Survey Research,2026-01-08,2026-01-11,1681.0,lv,,Mary Peltola,48.0
us-202ala3b65f6ef,senate,AK,0,Alaska Survey Research,2026-01-08,2026-01-11,1681.0,lv,,Dan Sullivan,46.4
us-202eme1bcacacc,senate,GA,0,Emerson College,2026-02-28,2026-03-02,1000.0,lv,,Jon Ossoff,47.7
us-202eme1bcacacc,senate,GA,0,Emerson College,2026-02-28,2026-03-02,1000.0,lv,,Mike Collins,43.3
us-202qua80fe18a7,senate,GA,0,Quantus Insights,2025-09-09,2025-09-12,624.0,rv,,Jon Ossoff,37.8
us-202qua80fe18a7,senate,GA,0,Quantus Insights,2025-09-09,2025-09-12,624.0,rv,,Mike Collins,37.7
us-202tip0382be0d,senate,GA,0,TIPP Insights,2025-07-28,2025-08-01,2395.0,lv,R,Jon Ossoff,45.0
us-202tip0382be0d,senate,GA,0,TIPP Insights,2025-07-28,2025-08-01,2395.0,lv,R,Mike Collins,44.0
us-202cyg167b9abc,senate,GA,0,Cygnal,2025-05-15,2025-05-17,800.0,rv,D,Jon Ossoff,46.0
us-202cyg167b9abc,senate,GA,0,Cygnal,2025-05-15,2025-05-17,800.0,rv,D,Mike Collins,43.0
us-202traba6abade,senate,GA,0,Trafalgar Group,2025-04-24,2025-04-27,1426.0,lv,R,Jon Ossoff,47.5
us-202traba6abade,senate,GA,0,Trafalgar Group,2025-04-24,2025-04-27,1426.0,lv,R,Mike Collins,42.8
us-202wpa60d3da4e,senate,GA,0,WPA Intelligence,2025-01-14,2025-01-15,500.0,lv,R,Jon Ossoff,44.0
us-202wpa60d3da4e,senate,GA,0,WPA Intelligence,2025-01-14,2025-01-15,500.0,lv,R,Mike Collins,34.0
us-202nex3971aa3a,senate,NC,0,Nexus Strategies/Strategic Partners Solutions,2026-03-08,2026-03-09,800.0,lv,,Roy Cooper,50.0
us-202nex3971aa3a,senate,NC,0,Nexus Strategies/Strategic Partners Solutions,2026-03-08,2026-03-09,800.0,lv,,Michael Whatley,32.0
gen202hara9a84ddc,generic,US,0,HarrisX/Harris,2026-03-25,2026-03-26,,lv,,Dem,52.0
gen202hara9a84ddc,generic,US,0,HarrisX/Harris,2026-03-25,2026-03-26,,lv,,Rep,48.0
gen202har6cb5564e,generic,US,0,HarrisX/Harris,2026-03-25,2026-03-26,2009.0,rv,,Dem,51.0
gen202har6cb5564e,generic,US,0,HarrisX/Harris,2026-03-25,2026-03-26,2009.0,rv,,Rep,49.0
gen202you13c9e3ae,generic,US,0,YouGov,2026-03-27,2026-03-30,1502.0,rv,,Dem,45.0
gen202you13c9e3ae,generic,US,0,YouGov,2026-03-27,2026-03-30,1502.0,rv,,Rep,39.0
gen202you5ba4707a,generic,US,0,YouGov,2026-03-27,2026-03-30,1674.0,a,,Dem,39.0
gen202you5ba4707a,generic,US,0,YouGov,2026-03-27,2026-03-30,1674.0,a,,Rep,33.0
gen202mor21cd6c2a,generic,US,0,Morning Consult,2026-03-17,2026-03-22,15029.0,a,,Dem,47.0
gen202mor21cd6c2a,generic,US,0,Morning Consult,2026-03-17,2026-03-22,15029.0,a,,Rep,42.0
us-202you2133db87,senate,NC,0,YouGov,2026-03-09,2026-03-18,871.0,lv,,Roy Cooper,48.0
us-202you2133db87,senate,NC,0,YouGov,2026-03-09,2026-03-18,871.0,lv,,Michael Whatley,34.0
gen202cnn96858d5d,generic,US,0,CNN/SSRS,2026-03-26,2026-03-30,951.0,rv,,Dem,48.0
gen202cnn96858d5d,generic,US,0,CNN/SSRS,2026-03-26,2026-03-30,951.0,rv,,Rep,42.0
gen202mor1a15291a,generic,US,0,Morning Consult,2026-03-23,2026-03-29,26725.0,rv,,Dem,45.0
gen202mor1a15291a,generic,US,0,Morning Consult,2026-03-23,2026-03-29,26725.0,rv,,Rep,42.0
gen202cyg5dc20dbb,generic,US,0,Cygnal,2026-04-02,2026-04-03,1500.0,lv,,Dem,49.0
gen202cyg5dc20dbb,generic,US,0,Cygnal,2026-04-02,2026-04-03,1500.0,lv,,Rep,43.0
gen202morb92de0d5,generic,US,0,Morning Consult,2026-04-03,2026-04-06,2200.0,rv,,Dem,45.0
gen202morb92de0d5,generic,US,0,Morning Consult,2026-04-03,2026-04-06,2200.0,rv,,Rep,42.0
gen202mor2e2d0029,generic,US,0,Morning Consult,2026-03-23,2026-03-29,26725.0,rv,,Dem,45.0
gen202mor2e2d0029,generic,US,0,Morning Consult,2026-03-23,2026-03-29,26725.0,rv,,Rep,42.0
gen202you47b39b9a,generic,US,0,YouGov,2026-04-03,2026-04-06,1558.0,rv,,Dem,44.0
gen202you47b39b9a,generic,US,0,YouGov,2026-04-03,2026-04-06,1558.0,rv,,Rep,42.0
gen202youd8d72505,generic,US,0,YouGov,2026-04-03,2026-04-06,1745.0,a,,Dem,38.0
gen202youd8d72505,generic,US,0,YouGov,2026-04-03,2026-04-06,1745.0,a,,Rep,36.0
gen202rmga44f828f,generic,US,0,RMG Research,2026-04-06,2026-04-09,2000.0,rv,,Dem,49.0
gen202rmga44f828f,generic,US,0,RMG Research,2026-04-06,2026-04-09,2000.0,rv,,Rep,44.0
gen202the52f17495,generic,US,0,The Winston Group,2026-03-15,2026-03-17,1000.0,rv,R,Dem,49.0
gen202the52f17495,generic,US,0,The Winston Group,2026-03-15,2026-03-17,1000.0,rv,R,Rep,40.0
gen202uniab038bd7,generic,US,0,University of Massachusetts Lowell Center for Public Opinion/YouGov,2026-03-26,2026-03-30,1000.0,a,,Dem,38.0
gen202uniab038bd7,generic,US,0,University of Massachusetts Lowell Center for Public Opinion/YouGov,2026-03-26,2026-03-30,1000.0,a,,Rep,35.0
us-202eme1adbecdc,senate,FL,0,Emerson College,2026-03-29,2026-03-31,1125.0,lv,,Ashley Moody,45.9
us-202eme1adbecdc,senate,FL,0,Emerson College,2026-03-29,2026-03-31,1125.0,lv,,Alexander Vindman,38.0
us-202uni187076c4,senate,FL,0,University of North Florida,2026-02-21,2026-03-02,786.0,lv,,Ashley Moody,45.0
us-202uni187076c4,senate,FL,0,University of North Florida,2026-02-21,2026-03-02,786.0,lv,,Alexander Vindman,38.0
us-202mdw67caa80b,senate,FL,0,MDW Communications,2026-03-27,2026-04-03,1834.0,lv,,Ashley Moody,43.0
us-202mdw67caa80b,senate,FL,0,MDW Communications,2026-03-27,2026-04-03,1834.0,lv,,Alexander Vindman,42.0
gov202gba60bb6407,governor,IA,0,GBAO Strategies,2026-03-10,2026-03-16,1200.0,lv,D,Rob Sand,50.0
gov202gba60bb6407,governor,IA,0,GBAO Strategies,2026-03-10,2026-03-16,1200.0,lv,D,Zach Lahn,42.0
gov202z t5b74240b,governor,IA,0,Z to A Research,2025-10-09,2025-10-13,1351.0,lv,D,Rob Sand,45.0
gov202z t5b74240b,governor,IA,0,Z to A Research,2025-10-09,2025-10-13,1351.0,lv,D,Zach Lahn,43.0
gov202tarc7c48a03,governor,FL,0,Targoz Market Research,2026-02-13,2026-02-16,1200.0,rv,,David Jolly,34.0
gov202tarc7c48a03,governor,FL,0,Targoz Market Research,2026-02-13,2026-02-16,1200.0,rv,,Byron Donalds,36.0
gov202mdw939afafd,governor,FL,0,MDW Communications,2026-03-27,2026-04-03,1834.0,lv,,David Jolly,40.5
gov202mdw939afafd,governor,FL,0,MDW Communications,2026-03-27,2026-04-03,1834.0,lv,,Byron Donalds,41.2
gov202eme613bf1d0,governor,FL,0,Emerson College,2026-03-29,2026-03-31,1125.0,lv,,David Jolly,39.4
gov202eme613bf1d0,governor,FL,0,Emerson College,2026-03-29,2026-03-31,1125.0,lv,,Byron Donalds,44.2
gov202uni0b1c00a2,governor,FL,0,University of North Florida,2026-02-21,2026-03-02,786.0,lv,,David Jolly,36.0
gov202uni0b1c00a2,governor,FL,0,University of North Florida,2026-02-21,2026-03-02,786.0,lv,,Byron Donalds,42.0
gov202uni09501325,governor,FL,0,University of North Florida,2026-02-21,2026-03-02,,lv,,Jerry Demings,36.0
gov202uni09501325,governor,FL,0,University of North Florida,2026-02-21,2026-03-02,,lv,,Byron Donalds,43.0
gov202pub03e4dd85,governor,FL,0,Public Sentiment Institute,2026-02-20,2026-02-20,200.0,rv,,David Jolly,42.3
gov202pub03e4dd85,governor,FL,0,Public Sentiment Institute,2026-02-20,2026-02-20,200.0,rv,,Byron Donalds,35.8
gov202uni654422a8,governor,FL,0,University of North Florida,2025-10-15,2025-10-25,728.0,lv,D,David Jolly,34.0
gov202uni654422a8,governor,FL,0,University of North Florida,2025-10-15,2025-10-25,728.0,lv,D,Byron Donalds,45.0
gov202unia46ab3c4,governor,FL,0,University of North Florida,2025-10-15,2025-10-25,728.0,lv,D,Jerry Demings,33.0
gov202unia46ab3c4,governor,FL,0,University of North Florida,2025-10-15,2025-10-25,728.0,lv,D,Byron Donalds,45.0
gov202tar5e0434cf,governor,FL,0,Targoz Market Research,2025-09-16,2025-09-18,1118.0,rv,,David Jolly,32.0
gov202tar5e0434cf,governor,FL,0,Targoz Market Research,2025-09-16,2025-09-18,1118.0,rv,,Byron Donalds,36.0
gov202vic1e972e08,governor,FL,0,Victory Insights,2025-06-07,2025-06-10,600.0,lv,,David Jolly,31.4
gov202vic1e972e08,governor,FL,0,Victory Insights,2025-06-07,2025-06-10,600.0,lv,,Byron Donalds,36.7
gov202mcl65ffdfff,governor,FL,0,McLaughlin & Associates,2025-08-25,2025-08-27,800.0,lv,R,David Jolly,41.0
gov202mcl65ffdfff,governor,FL,0,McLaughlin & Associates,2025-08-25,2025-08-27,800.0,lv,R,Byron Donalds,49.0
us-202eme9a6a68f5,senate,NH,0,Emerson College,2026-03-21,2026-03-23,1100.0,lv,,Chris Pappas,45.3
us-202eme9a6a68f5,senate,NH,0,Emerson College,2026-03-21,2026-03-23,1100.0,lv,,John Sununu,43.7
us-202saica770502,senate,NH,0,Saint Anselm,2026-03-16,2026-03-18,1491.0,rv,,Chris Pappas,46.0
us-202saica770502,senate,NH,0,Saint Anselm,2026-03-16,2026-03-18,1491.0,rv,,John Sununu,43.0
us-202yese8051e85,senate,NH,0,yes. every kid.,2026-01-28,2026-01-29,563.0,lv,,Chris Pappas,45.0
us-202yese8051e85,senate,NH,0,yes. every kid.,2026-01-28,2026-01-29,563.0,lv,,John Sununu,41.0
us-202uni1250e038,senate,NH,0,University of New Hampshire,2026-01-15,2026-01-19,2038.0,lv,,Chris Pappas,50.0
us-202uni1250e038,senate,NH,0,University of New Hampshire,2026-01-15,2026-01-19,2038.0,lv,,John Sununu,45.0
us-202prad23da08c,senate,NH,0,Praecones Analytica,2025-12-26,2025-12-28,603.0,rv,,Chris Pappas,42.3
us-202prad23da08c,senate,NH,0,Praecones Analytica,2025-12-26,2025-12-28,603.0,rv,,John Sununu,35.6
us-202saia99778cd,senate,NH,0,Saint Anselm,2025-11-18,2025-11-19,2112.0,rv,,Chris Pappas,44.0
us-202saia99778cd,senate,NH,0,Saint Anselm,2025-11-18,2025-11-19,2112.0,rv,,John Sununu,41.0
us-202co/0b672f7f,senate,NH,0,co/efficient,2025-10-09,2025-10-13,1034.0,lv,,Chris Pappas,45.0
us-202co/0b672f7f,senate,NH,0,co/efficient,2025-10-09,2025-10-13,1034.0,lv,,John Sununu,42.0
us-202uni0401d0f4,senate,NH,0,University of New Hampshire,2025-09-17,2025-09-23,1225.0,lv,,Chris Pappas,49.0
us-202uni0401d0f4,senate,NH,0,University of New Hampshire,2025-09-17,2025-09-23,1225.0,lv,,John Sununu,43.0
us-202co/465a61ff,senate,NH,0,co/efficient,2025-09-10,2025-09-12,904.0,lv,,Chris Pappas,46.0
us-202co/465a61ff,senate,NH,0,co/efficient,2025-09-10,2025-09-12,904.0,lv,,John Sununu,43.0
us-202189327ac2c7,senate,NH,0,1892 Polling,2025-09-02,2025-09-04,500.0,lv,,Chris Pappas,45.0
us-202189327ac2c7,senate,NH,0,1892 Polling,2025-09-02,2025-09-04,500.0,lv,,John Sununu,43.0
us-202qua5256989f,senate,NH,0,Quantus Insights,2025-03-17,2025-03-19,650.0,rv,R,Chris Pappas,44.0
us-202qua5256989f,senate,NH,0,Quantus Insights,2025-03-17,2025-03-19,650.0,rv,R,John Sununu,53.0
gen202you200a062e,generic,US,0,YouGov,2026-04-10,2026-04-13,1571.0,rv,,Dem,45.0
gen202you200a062e,generic,US,0,YouGov,2026-04-10,2026-04-13,1571.0,rv,,Rep,40.0
gen202youc2d75ff6,generic,US,0,YouGov,2026-04-10,2026-04-13,1745.0,a,,Dem,38.0
gen202youc2d75ff6,generic,US,0,YouGov,2026-04-10,2026-04-13,1745.0,a,,Rep,35.0
gen202morbad84d57,generic,US,0,Morning Consult,2026-04-06,2026-04-09,2200.0,rv,,Dem,46.0
gen202morbad84d57,generic,US,0,Morning Consult,2026-04-06,2026-04-09,2200.0,rv,,Rep,42.0
gen202yalf028b2ff,generic,US,0,Yale Youth Poll,2026-03-09,2026-03-23,3429.0,rv,,Dem,46.0
gen202yalf028b2ff,generic,US,0,Yale Youth Poll,2026-03-09,2026-03-23,3429.0,rv,,Rep,44.0
us-202mai1c9d66fd,senate,ME,0,Maine People's Resource Center,2026-03-20,2026-03-31,1167.0,lv,,Susan Collins,39.3
us-202mai1c9d66fd,senate,ME,0,Maine People's Resource Center,2026-03-20,2026-03-31,1167.0,lv,,Graham Platner,48.3
us-202mai395fc865,senate,ME,0,Maine People's Resource Center,2026-03-20,2026-03-31,1167.0,lv,,Susan Collins,45.0
us-202mai395fc865,senate,ME,0,Maine People's Resource Center,2026-03-20,2026-03-31,1167.0,lv,,Janet Mills,41.9
us-202emeae25a0b0,senate,ME,0,Emerson College,2026-03-21,2026-03-23,1075.0,lv,,Susan Collins,40.6
us-202emeae25a0b0,senate,ME,0,Emerson College,2026-03-21,2026-03-23,1075.0,lv,,Graham Platner,47.8
us-202eme316dd7a3,senate,ME,0,Emerson College,2026-03-21,2026-03-23,1075.0,lv,,Susan Collins,42.5
us-202eme316dd7a3,senate,ME,0,Emerson College,2026-03-21,2026-03-23,1075.0,lv,,Janet Mills,46.2
us-202quad631010c,senate,ME,0,Quantus Insights,2026-03-03,2026-03-05,800.0,lv,,Susan Collins,44.6
us-202quad631010c,senate,ME,0,Quantus Insights,2026-03-03,2026-03-05,800.0,lv,,Janet Mills,43.0
us-202qua10b03a8f,senate,ME,0,Quantus Insights,2026-03-03,2026-03-05,800.0,lv,,Susan Collins,41.8
us-202qua10b03a8f,senate,ME,0,Quantus Insights,2026-03-03,2026-03-05,800.0,lv,,Graham Platner,48.6
us-202pan6f538bdb,senate,ME,0,Pan Atlantic SMS Group,2026-02-13,2026-03-02,810.0,lv,,Susan Collins,40.0
us-202pan6f538bdb,senate,ME,0,Pan Atlantic SMS Group,2026-02-13,2026-03-02,810.0,lv,,Graham Platner,44.0
us-202pan8d235770,senate,ME,0,Pan Atlantic SMS Group,2026-02-13,2026-03-02,810.0,lv,,Susan Collins,44.0
us-202pan8d235770,senate,ME,0,Pan Atlantic SMS Group,2026-02-13,2026-03-02,810.0,lv,,Janet Mills,44.0
us-202unib4f650e2,senate,ME,0,University of New Hampshire,2026-02-12,2026-02-16,1097.0,lv,,Susan Collins,40.0
us-202unib4f650e2,senate,ME,0,University of New Hampshire,2026-02-12,2026-02-16,1097.0,lv,,Janet Mills,41.0
us-202unie1113a54,senate,ME,0,University of New Hampshire,2026-02-12,2026-02-16,1105.0,lv,,Susan Collins,38.0
us-202unie1113a54,senate,ME,0,University of New Hampshire,2026-02-12,2026-02-16,1105.0,lv,,Graham Platner,49.0
us-202fab3ee58419,senate,ME,0,"Fabrizio, Lee & Associates",2026-01-20,2026-01-24,800.0,lv,R,Susan Collins,45.0
us-202fab3ee58419,senate,ME,0,"Fabrizio, Lee & Associates",2026-01-20,2026-01-24,800.0,lv,R,Janet Mills,44.0
us-202fabb74398c5,senate,ME,0,"Fabrizio, Lee & Associates",2026-01-20,2026-01-24,800.0,lv,R,Susan Collins,45.0
us-202fabb74398c5,senate,ME,0,"Fabrizio, Lee & Associates",2026-01-20,2026-01-24,800.0,lv,R,Graham Platner,44.0
us-202panabcd1049,senate,ME,0,Pan Atlantic SMS Group,2025-11-29,2025-12-07,820.0,lv,,Susan Collins,43.0
us-202panabcd1049,senate,ME,0,Pan Atlantic SMS Group,2025-11-29,2025-12-07,820.0,lv,,Janet Mills,43.0
us-202pan5a9b4cde,senate,ME,0,Pan Atlantic SMS Group,2025-11-29,2025-12-07,820.0,lv,,Susan Collins,42.0
us-202pan5a9b4cde,senate,ME,0,Pan Atlantic SMS Group,2025-11-29,2025-12-07,820.0,lv,,Graham Platner,43.0
us-202cyn79bb9aaf,senate,ME,0,Cyngal,2025-11-10,2025-11-11,600.0,lv,,Susan Collins,41.0
us-202cyn79bb9aaf,senate,ME,0,Cyngal,2025-11-10,2025-11-11,600.0,lv,,Dem,49.0
us-202maic1315c13,senate,ME,0,Maine People's Resource Center,2025-10-26,2025-10-29,783.0,rv,,Susan Collins,41.0
us-202maic1315c13,senate,ME,0,Maine People's Resource Center,2025-10-26,2025-10-29,783.0,rv,,Graham Platner,45.0
us-202mai234492e4,senate,ME,0,Maine People's Resource Center,2025-10-26,2025-10-29,783.0,rv,,Susan Collins,46.0
us-202mai234492e4,senate,ME,0,Maine People's Resource Center,2025-10-26,2025-10-29,783.0,rv,,Janet Mills,42.0
us-202zen3e7d2e5c,senate,ME,0,Zenith Research,2025-10-07,2025-10-10,501.0,lv,,Susan Collins,37.0
us-202zen3e7d2e5c,senate,ME,0,Zenith Research,2025-10-07,2025-10-10,501.0,lv,,Janet Mills,42.0
us-202zena6743f9d,senate,ME,0,Zenith Research,2025-10-07,2025-10-10,501.0,lv,,Susan Collins,38.0
us-202zena6743f9d,senate,ME,0,Zenith Research,2025-10-07,2025-10-10,501.0,lv,,Graham Platner,38.0
us-202higf04011a1,senate,NC,0,High Point University Survey Research Center/YouGov,2026-03-26,2026-04-06,703.0,lv,,Roy Cooper,50.0
us-202higf04011a1,senate,NC,0,High Point University Survey Research Center/YouGov,2026-03-26,2026-04-06,703.0,lv,,Michael Whatley,42.0
us-202hig7de64e7d,senate,NC,0,High Point University Survey Research Center/YouGov,2026-03-26,2026-04-06,800.0,rv,,Roy Cooper,49.0
us-202hig7de64e7d,senate,NC,0,High Point University Survey Research Center/YouGov,2026-03-26,2026-04-06,800.0,rv,,Michael Whatley,39.0
gen202impb4bb4fec,generic,US,0,Impact Research/BSP Research,2026-03-10,2026-03-20,1000.0,lv,,Dem,45.0
gen202impb4bb4fec,generic,US,0,Impact Research/BSP Research,2026-03-10,2026-03-20,1000.0,lv,,Rep,41.0
gen202surc38b2f8a,generic,US,0,Survey 160,2026-03-09,2026-03-15,1546.0,rv,,Dem,48.0
gen202surc38b2f8a,generic,US,0,Survey 160,2026-03-09,2026-03-15,1546.0,rv,,Rep,38.0
gen202mcl73db4894,generic,US,0,McLaughlin & Associates,2026-04-08,2026-04-15,1000.0,lv,,Dem,47.0
gen202mcl73db4894,generic,US,0,McLaughlin & Associates,2026-04-08,2026-04-15,1000.0,lv,,Rep,43.0
gov202saiff4d0471,governor,NH,0,Saint Anselm,2026-03-16,2026-03-18,1491.0,rv,,Kelly Ayotte,45.0
gov202saiff4d0471,governor,NH,0,Saint Anselm,2026-03-16,2026-03-18,1491.0,rv,,Jon Kiper,31.0
gov202sai6d6bd709,governor,NH,0,Saint Anselm,2026-03-16,2026-03-18,1491.0,rv,,Kelly Ayotte,46.0
gov202sai6d6bd709,governor,NH,0,Saint Anselm,2026-03-16,2026-03-18,1491.0,rv,,Cinde Warmington,39.0
gov202yesccfccd44,governor,NH,0,yes. every kid.,2026-01-28,2026-01-29,563.0,lv,,Kelly Ayotte,47.0
gov202yesccfccd44,governor,NH,0,yes. every kid.,2026-01-28,2026-01-29,563.0,lv,,Jon Kiper,37.0
gov202unif87e151d,governor,NH,0,University of New Hampshire,2026-01-15,2026-01-19,2031.0,lv,,Kelly Ayotte,50.0
gov202unif87e151d,governor,NH,0,University of New Hampshire,2026-01-15,2026-01-19,2031.0,lv,,Jon Kiper,39.0
gen202mor572d6544,generic,US,0,Morning Consult,2026-04-17,2026-04-20,2203.0,rv,,Dem,45.0
gen202mor572d6544,generic,US,0,Morning Consult,2026-04-17,2026-04-20,2203.0,rv,,Rep,42.0
us-202gbab93d5de3,senate,IA,0,GBAO,2026-03-10,2026-03-16,1200.0,lv,D,Ashley Hinson,47.0
us-202gbab93d5de3,senate,IA,0,GBAO,2026-03-10,2026-03-16,1200.0,lv,D,Josh Turek,43.0
us-202gba62b36025,senate,IA,0,GBAO,2026-03-10,2026-03-16,1200.0,lv,D,Ashley Hinson,47.0
us-202gba62b36025,senate,IA,0,GBAO,2026-03-10,2026-03-16,1200.0,lv,D,Zach Wahls,44.0
us-202cha781abe34,senate,IA,0,Change Research,2026-01-08,2026-01-11,1108.0,lv,,Ashley Hinson,44.0
us-202cha781abe34,senate,IA,0,Change Research,2026-01-08,2026-01-11,1108.0,lv,,Josh Turek,41.0
us-202cha683eb5ac,senate,IA,0,Change Research,2026-01-08,2026-01-11,1108.0,lv,,Ashley Hinson,44.0
us-202cha683eb5ac,senate,IA,0,Change Research,2026-01-08,2026-01-11,1108.0,lv,,Zach Wahls,41.0
us-202imp28c38a71,senate,MS,0,Impact Research,2026-04-08,2026-04-12,500.0,lv,D,Scott Colom,44.0
us-202imp28c38a71,senate,MS,0,Impact Research,2026-04-08,2026-04-12,500.0,lv,D,Cindy Hyde-Smith,47.0
us-202bow8a765810,senate,OH,0,Bowling Green State University/YouGov,2026-04-07,2026-04-14,1000.0,rv,,Sherrod Brown,47.0
us-202bow8a765810,senate,OH,0,Bowling Green State University/YouGov,2026-04-07,2026-04-14,1000.0,rv,,Jon Husted,50.0
gen202mor77813195,generic,US,0,Morning Consult,2026-03-30,2026-04-05,12505.0,rv,,Dem,45.0
gen202mor77813195,generic,US,0,Morning Consult,2026-03-30,2026-04-05,12505.0,rv,,Rep,42.0
gen202mor32544209,generic,US,0,Morning Consult,2026-04-06,2026-04-12,12505.0,rv,,Dem,46.0
gen202mor32544209,generic,US,0,Morning Consult,2026-04-06,2026-04-12,12505.0,rv,,Rep,42.0
gen202mor74921d58,generic,US,0,Morning Consult,2026-04-13,2026-04-19,27869.0,rv,,Dem,45.0
gen202mor74921d58,generic,US,0,Morning Consult,2026-04-13,2026-04-19,27869.0,rv,,Rep,42.0
gen202ver9645121a,generic,US,0,Verasight,2026-04-10,2026-04-14,1386.0,rv,,Dem,50.0
gen202ver9645121a,generic,US,0,Verasight,2026-04-10,2026-04-14,1386.0,rv,,Rep,43.0
gen202ver06de9dc4,generic,US,0,Verasight,2026-04-10,2026-04-14,1514.0,a,,Dem,49.0
gen202ver06de9dc4,generic,US,0,Verasight,2026-04-10,2026-04-14,1514.0,a,,Rep,41.0
gen202ech657fa13f,generic,US,0,Echelon Insights,2026-04-03,2026-04-09,2880.0,lv,,Dem,50.0
gen202ech657fa13f,generic,US,0,Echelon Insights,2026-04-03,2026-04-09,2880.0,lv,,Rep,45.0
gen202you2142fbd8,generic,US,0,YouGov,2026-04-17,2026-04-20,1549.0,rv,,Dem,45.0
gen202you2142fbd8,generic,US,0,YouGov,2026-04-17,2026-04-20,1549.0,rv,,Rep,40.0
gen202you1706e723,generic,US,0,YouGov,2026-04-17,2026-04-20,1703.0,a,,Dem,39.0
gen202you1706e723,generic,US,0,YouGov,2026-04-17,2026-04-20,1703.0,a,,Rep,33.0
gen202ips723b2f06,generic,US,0,Ipsos,2026-04-15,2026-04-20,3577.0,rv,,Dem,41.0
gen202ips723b2f06,generic,US,0,Ipsos,2026-04-15,2026-04-20,3577.0,rv,,Rep,38.0
gov202eche298f12a,governor,IA,0,Echelon Insights,2026-04-03,2026-04-09,377.0,lv,,Rob Sand,51.0
gov202eche298f12a,governor,IA,0,Echelon Insights,2026-04-03,2026-04-09,377.0,lv,,Zach Lahn,39.0
us-202eche7c2869f,senate,IA,0,Echelon Insights,2026-04-03,2026-04-09,377.0,lv,,Ashley Hinson,44.0
us-202eche7c2869f,senate,IA,0,Echelon Insights,2026-04-03,2026-04-09,377.0,lv,,Zach Wahls,46.0
us-202echf4929c57,senate,IA,0,Echelon Insights,2026-04-03,2026-04-09,377.0,lv,,Ashley Hinson,45.0
us-202echf4929c57,senate,IA,0,Echelon Insights,2026-04-03,2026-04-09,377.0,lv,,Josh Turek,46.0
us-202ech1a9afcfb,senate,GA,0,Echelon Insights,2026-04-03,2026-04-09,407.0,lv,,Jon Ossoff,51.0
us-202ech1a9afcfb,senate,GA,0,Echelon Insights,2026-04-03,2026-04-09,407.0,lv,,Mike Collins,44.0
us-202ech80c320f6,senate,GA,0,Echelon Insights,2026-04-03,2026-04-09,407.0,lv,,Jon Ossoff,52.0
us-202ech80c320f6,senate,GA,0,Echelon Insights,2026-04-03,2026-04-09,407.0,lv,,Buddy Carter,43.0
gov202ech56b14f04,governor,GA,0,Echelon Insights,2026-04-03,2026-04-09,407.0,lv,,Keisha Lance Bottoms,49.0
gov202ech56b14f04,governor,GA,0,Echelon Insights,2026-04-03,2026-04-09,407.0,lv,,Burt Jones,43.0
gov202echefe344a9,governor,GA,0,Echelon Insights,2026-04-03,2026-04-09,407.0,lv,,Keisha Lance Bottoms,49.0
gov202echefe344a9,governor,GA,0,Echelon Insights,2026-04-03,2026-04-09,407.0,lv,,Rick Jackson,43.0
gov202ech26f9403d,governor,GA,0,Echelon Insights,2026-04-03,2026-04-09,407.0,lv,,Keisha Lance Bottoms,46.0
gov202ech26f9403d,governor,GA,0,Echelon Insights,2026-04-03,2026-04-09,407.0,lv,,Brad Raffensperger,44.0
us-202ech2b342f18,senate,FL,0,Echelon Insights,2026-04-03,2026-04-09,406.0,lv,,Ashley Moody,50.0
us-202ech2b342f18,senate,FL,0,Echelon Insights,2026-04-03,2026-04-09,406.0,lv,,Alexander Vindman,43.0
gov202ech95adf978,governor,FL,0,Echelon Insights,2026-04-03,2026-04-09,406.0,lv,,Byron Donalds,49.0
gov202ech95adf978,governor,FL,0,Echelon Insights,2026-04-03,2026-04-09,406.0,lv,,David Jolly,43.0
gov202echb01edfb9,governor,FL,0,Echelon Insights,2026-04-03,2026-04-09,406.0,lv,,Byron Donalds,48.0
gov202echb01edfb9,governor,FL,0,Echelon Insights,2026-04-03,2026-04-09,406.0,lv,,Jerry Demings,44.0
us-202ech472cd4f1,senate,ME,0,Echelon Insights,2026-04-03,2026-04-09,378.0,lv,,Susan Collins,45.0
us-202ech472cd4f1,senate,ME,0,Echelon Insights,2026-04-03,2026-04-09,378.0,lv,,Graham Platner,51.0
us-202ech9490021c,senate,ME,0,Echelon Insights,2026-04-03,2026-04-09,378.0,lv,,Susan Collins,46.0
us-202ech9490021c,senate,ME,0,Echelon Insights,2026-04-03,2026-04-09,378.0,lv,,Janet Mills,48.0
gov202ech25a43873,governor,OH,0,Echelon Insights,2026-04-03,2026-04-09,413.0,lv,,Amy Acton,44.0
gov202ech25a43873,governor,OH,0,Echelon Insights,2026-04-03,2026-04-09,413.0,lv,,Vivek Ramaswamy,49.0
us-202echefadd030,senate,OH,0,Echelon Insights,2026-04-03,2026-04-09,,a,,Sherrod Brown,45.0
us-202echefadd030,senate,OH,0,Echelon Insights,2026-04-03,2026-04-09,,a,,Jon Husted,51.0
gen202ech75567eb0,generic,US,0,Echelon Insights,2026-04-17,2026-04-20,1012.0,lv,,Dem,50.0
gen202ech75567eb0,generic,US,0,Echelon Insights,2026-04-17,2026-04-20,1012.0,lv,,Rep,44.0
gen202ipsf49cf96d,generic,US,0,Ipsos,2026-04-15,2026-04-20,3577.0,rv,,Dem,41.0
gen202ipsf49cf96d,generic,US,0,Ipsos,2026-04-15,2026-04-20,3577.0,rv,,Rep,38.0
gen202ipse8884e79,generic,US,0,Ipsos,2026-04-15,2026-04-20,4557.0,a,,Dem,35.0
gen202ipse8884e79,generic,US,0,Ipsos,2026-04-15,2026-04-20,4557.0,a,,Rep,31.0
gen202marb1e8baaf,generic,US,0,Marquette University Law School,2026-04-08,2026-04-16,576.0,lv,,Dem,53.0
gen202marb1e8baaf,generic,US,0,Marquette University Law School,2026-04-08,2026-04-16,576.0,lv,,Rep,43.0
gen202mardb2854b7,generic,US,0,Marquette University Law School,2026-04-08,2026-04-16,870.0,rv,,Dem,48.0
gen202mardb2854b7,generic,US,0,Marquette University Law School,2026-04-08,2026-04-16,870.0,rv,,Rep,44.0
gen202marea9f7806,generic,US,0,Marquette University Law School,2026-04-08,2026-04-16,982.0,a,,Dem,44.0
gen202marea9f7806,generic,US,0,Marquette University Law School,2026-04-08,2026-04-16,982.0,a,,Rep,41.0
gen202sur62e6d9ea,generic,US,0,Survey 160,2026-04-08,2026-04-13,1539.0,rv,,Dem,47.0
gen202sur62e6d9ea,generic,US,0,Survey 160,2026-04-08,2026-04-13,1539.0,rv,,Rep,37.0
us-202alabcabdd28,senate,AK,0,Alaska Survey Research,2026-04-16,2026-04-19,1946.0,lv,,Mary Peltola,52.0
us-202alabcabdd28,senate,AK,0,Alaska Survey Research,2026-04-16,2026-04-19,1946.0,lv,,Dan Sullivan,48.0
gen202hare0f9b514,generic,US,0,Hart Research Associates/Public Opinion Strategies,2026-04-15,2026-04-19,1000.0,rv,,Dem,49.0
gen202hare0f9b514,generic,US,0,Hart Research Associates/Public Opinion Strategies,2026-04-15,2026-04-19,1000.0,rv,,Rep,45.0
gen202joh0a1e6aef,generic,US,0,John Zogby Strategies,2026-04-17,2026-04-18,1001.0,lv,,Dem,48.0
gen202joh0a1e6aef,generic,US,0,John Zogby Strategies,2026-04-17,2026-04-18,1001.0,lv,,Rep,44.0
gen202beab54fecf9,generic,US,0,Beacon Research/Shaw & Co. Research,2026-04-17,2026-04-20,1001.0,rv,,Dem,52.0
gen202beab54fecf9,generic,US,0,Beacon Research/Shaw & Co. Research,2026-04-17,2026-04-20,1001.0,rv,,Rep,47.0
gov202emefab11c0d,governor,OH,0,Emerson College,2025-08-18,2025-08-19,1000.0,rv,,Vivek Ramaswamy,48.7
gov202emefab11c0d,governor,OH,0,Emerson College,2025-08-18,2025-08-19,1000.0,rv,,Amy Acton,39.4
gov202hare48aef1c,governor,OH,0,Hart Research Associates,2025-09-19,2025-09-22,800.0,lv,,Vivek Ramaswamy,45.0
gov202hare48aef1c,governor,OH,0,Hart Research Associates,2025-09-19,2025-09-22,800.0,lv,,Amy Acton,46.0
gov202eme360bbf2f,governor,OH,0,Emerson College,2025-12-06,2025-12-08,850.0,rv,,Vivek Ramaswamy,45.2
gov202eme360bbf2f,governor,OH,0,Emerson College,2025-12-06,2025-12-08,850.0,rv,,Amy Acton,45.9
gov202datc100c6d7,governor,OH,0,Data Targeting,2025-12-03,2025-12-08,603.0,lv,,Vivek Ramaswamy,45.0
gov202datc100c6d7,governor,OH,0,Data Targeting,2025-12-03,2025-12-08,603.0,lv,,Amy Acton,43.0
gov202bow6367b185,governor,OH,0,Bowling Green State University,2025-10-02,2025-10-14,800.0,rv,,Vivek Ramaswamy,50.0
gov202bow6367b185,governor,OH,0,Bowling Green State University,2025-10-02,2025-10-14,800.0,rv,,Amy Acton,47.0
gov202ala3cbd5a65,governor,AK,0,Alaska Survey Research,2026-04-16,2026-04-19,1923.0,lv,,Tom Begich,54.0
gov202ala3cbd5a65,governor,AK,0,Alaska Survey Research,2026-04-16,2026-04-19,1923.0,lv,,Bernadette Wilson,46.0
gov202ala11d62716,governor,AK,0,Alaska Survey Research,2026-04-16,2026-04-19,1923.0,lv,,Tom Begich,44.0
gov202ala11d62716,governor,AK,0,Alaska Survey Research,2026-04-16,2026-04-19,1923.0,lv,,Bernadette Wilson,31.0
gov202ala11d62716,governor,AK,0,Alaska Survey Research,2026-04-16,2026-04-19,1923.0,lv,,Click Bishop,25.0
gov202alac6fe9b9b,governor,AK,0,Alaska Survey Research,2026-04-16,2026-04-19,1923.0,lv,,Tom Begich,41.0
gov202alac6fe9b9b,governor,AK,0,Alaska Survey Research,2026-04-16,2026-04-19,1923.0,lv,,Bernadette Wilson,22.0
gov202alac6fe9b9b,governor,AK,0,Alaska Survey Research,2026-04-16,2026-04-19,1923.0,lv,,Click Bishop,19.0
gov202alac6fe9b9b,governor,AK,0,Alaska Survey Research,2026-04-16,2026-04-19,1923.0,lv,,Dave Bronson,19.0
gen202qua30319a4e,generic,US,0,Quantus Insights,2026-04-21,2026-04-23,1452.0,lv,,Dem,47.0
gen202qua30319a4e,generic,US,0,Quantus Insights,2026-04-21,2026-04-23,1452.0,lv,,Rep,42.0
gov202qua7858d8a7,governor,OH,0,Quantus Insights,2026-03-13,2026-03-14,809.0,lv,,Vivek Ramaswamy,44.9
gov202qua7858d8a7,governor,OH,0,Quantus Insights,2026-03-13,2026-03-14,809.0,lv,,Amy Acton,45.9
gov202bow85a71f73,governor,OH,0,Bowling Green State University/YouGov,2026-04-07,2026-04-14,1000.0,rv,,Vivek Ramaswamy,48.0
gov202bow85a71f73,governor,OH,0,Bowling Green State University/YouGov,2026-04-07,2026-04-14,1000.0,rv,,Amy Acton,47.0
gov202ech3642d002,governor,GA,0,Echelon Insights,2026-04-03,2026-04-09,407.0,lv,,Rick Jackson,43.0
gov202ech3642d002,governor,GA,0,Echelon Insights,2026-04-03,2026-04-09,407.0,lv,,Keisha Lance Bottoms,49.0
gov202ech353ec4d7,governor,GA,0,Echelon Insights,2026-04-03,2026-04-09,407.0,lv,,Burt Jones,43.0
gov202ech353ec4d7,governor,GA,0,Echelon Insights,2026-04-03,2026-04-09,407.0,lv,,Keisha Lance Bottoms,49.0
gov202nob02972028,governor,NV,0,Noble Predictive Insights,2026-03-10,2026-03-13,845.0,rv,,Joe Lombardo,39.0
gov202nob02972028,governor,NV,0,Noble Predictive Insights,2026-03-10,2026-03-13,845.0,rv,,Aaron Ford,38.0
gov202har5abd89b5,governor,NV,0,Hart Research Associates,2026-02-11,2026-02-17,800.0,lv,D,Joe Lombardo,46.0
gov202har5abd89b5,governor,NV,0,Hart Research Associates,2026-02-11,2026-02-17,800.0,lv,D,Aaron Ford,43.0
gov202eme07829d45,governor,NV,0,Emerson College,2025-11-16,2025-11-18,800.0,rv,,Joe Lombardo,41.1
gov202eme07829d45,governor,NV,0,Emerson College,2025-11-16,2025-11-18,800.0,rv,,Aaron Ford,41.1
gov202nob2c77e703,governor,NV,0,Noble Predictive Insights,2025-10-07,2025-10-13,766.0,rv,,Joe Lombardo,40.0
gov202nob2c77e703,governor,NV,0,Noble Predictive Insights,2025-10-07,2025-10-13,766.0,rv,,Aaron Ford,37.0
gov202tip0fe8c207,governor,WI,0,TIPP Insights,2026-03-13,2026-03-19,1175.0,lv,R,Mandela Barnes,43.0
gov202tip0fe8c207,governor,WI,0,TIPP Insights,2026-03-13,2026-03-19,1175.0,lv,R,Tom Tiffany,41.0
gov202tip144605dc,governor,WI,0,TIPP Insights,2026-03-13,2026-03-19,1495.0,rv,R,Mandela Barnes,40.0
gov202tip144605dc,governor,WI,0,TIPP Insights,2026-03-13,2026-03-19,1495.0,rv,R,Tom Tiffany,38.0
gov202imp31a6ee87,governor,WI,0,Impact Research,2025-10-02,2025-10-08,500.0,lv,,Mandela Barnes,50.0
gov202imp31a6ee87,governor,WI,0,Impact Research,2025-10-02,2025-10-08,500.0,lv,,Tom Tiffany,44.0
gov202tipd4dc9765,governor,WI,0,TIPP Insights,2026-03-13,2026-03-19,1175.0,lv,R,David Crowley,42.0
gov202tipd4dc9765,governor,WI,0,TIPP Insights,2026-03-13,2026-03-19,1175.0,lv,R,Tom Tiffany,41.0
gov202tipb3a73643,governor,WI,0,TIPP Insights,2026-03-13,2026-03-19,1495.0,rv,R,David Crowley,39.0
gov202tipb3a73643,governor,WI,0,TIPP Insights,2026-03-13,2026-03-19,1495.0,rv,R,Tom Tiffany,38.0
gov202tip8ecaf354,governor,WI,0,TIPP Insights,2026-03-13,2026-03-19,1175.0,lv,R,Francesca Hong,40.0
gov202tip8ecaf354,governor,WI,0,TIPP Insights,2026-03-13,2026-03-19,1175.0,lv,R,Tom Tiffany,43.0
gov202tipe4c2582a,governor,WI,0,TIPP Insights,2026-03-13,2026-03-19,1495.0,rv,R,Francesca Hong,37.0
gov202tipe4c2582a,governor,WI,0,TIPP Insights,2026-03-13,2026-03-19,1495.0,rv,R,Tom Tiffany,40.0
gov202pateb69f263,governor,WI,0,Patriot Polling,2026-03-10,2026-03-16,812.0,lv,R,Francesca Hong,42.0
gov202pateb69f263,governor,WI,0,Patriot Polling,2026-03-10,2026-03-16,812.0,lv,R,Tom Tiffany,46.0
gov202tipe51755b1,governor,WI,0,TIPP Insights,2026-03-13,2026-03-19,1175.0,lv,R,Sara Rodriguez,44.0
gov202tipe51755b1,governor,WI,0,TIPP Insights,2026-03-13,2026-03-19,1175.0,lv,R,Tom Tiffany,41.0
gov202tipf7f3dea3,governor,WI,0,TIPP Insights,2026-03-13,2026-03-19,1495.0,rv,R,Sara Rodriguez,40.0
gov202tipf7f3dea3,governor,WI,0,TIPP Insights,2026-03-13,2026-03-19,1495.0,rv,R,Tom Tiffany,39.0
gov202nob3acbfb6b,governor,AZ,0,Noble Predictive Insights,2026-02-23,2026-02-26,1023.0,rv,,Katie Hobbs,42.0
gov202nob3acbfb6b,governor,AZ,0,Noble Predictive Insights,2026-02-23,2026-02-26,1023.0,rv,,Andy Biggs,37.0
gov202cen07f7e46c,governor,AZ,0,Center for Excellence in Polling,2026-01-22,2026-01-24,519.0,lv,,Katie Hobbs,50.0
gov202cen07f7e46c,governor,AZ,0,Center for Excellence in Polling,2026-01-22,2026-01-24,519.0,lv,,Andy Biggs,41.0
gov202nex95db87c3,governor,AZ,0,NextGen P,2025-12-15,2025-12-17,2725.0,lv,,Katie Hobbs,51.0
gov202nex95db87c3,governor,AZ,0,NextGen P,2025-12-15,2025-12-17,2725.0,lv,,Andy Biggs,32.0
gov202eme9b46a11f,governor,AZ,0,Emerson College,2025-11-08,2025-11-10,850.0,rv,,Katie Hobbs,44.1
gov202eme9b46a11f,governor,AZ,0,Emerson College,2025-11-08,2025-11-10,850.0,rv,,Andy Biggs,43.4
gov202nobabea6ce5,governor,AZ,0,Noble Predictive Insights,2025-05-12,2025-05-16,1026.0,rv,,Katie Hobbs,40.0
gov202nobabea6ce5,governor,AZ,0,Noble Predictive Insights,2025-05-12,2025-05-16,1026.0,rv,,Andy Biggs,38.0
gov202nob2b0611a8,governor,AZ,0,Noble Predictive Insights,2025-08-11,2025-08-18,948.0,rv,,Katie Hobbs,39.0
gov202nob2b0611a8,governor,AZ,0,Noble Predictive Insights,2025-08-11,2025-08-18,948.0,rv,,Andy Biggs,37.0
gov202pulea8a7905,governor,AZ,0,Pulse Decision Science,2025-04-06,2025-04-09,501.0,lv,R,Katie Hobbs,46.0
gov202pulea8a7905,governor,AZ,0,Pulse Decision Science,2025-04-06,2025-04-09,501.0,lv,R,Andy Biggs,42.0
gov202nob3d7447ec,governor,AZ,0,Noble Predictive Insights,2025-02-11,2025-02-13,1006.0,rv,,Katie Hobbs,40.0
gov202nob3d7447ec,governor,AZ,0,Noble Predictive Insights,2025-02-11,2025-02-13,1006.0,rv,,Andy Biggs,38.0
gov202kref8467fca,governor,AZ,0,Kreate Strategies,2025-02-05,2025-02-07,924.0,lv,R,Katie Hobbs,43.0
gov202kref8467fca,governor,AZ,0,Kreate Strategies,2025-02-05,2025-02-07,924.0,lv,R,Andy Biggs,44.0
gov202uniddcdaeb8,governor,TX,0,University of Texas at Tyler,2026-02-13,2026-02-22,1117.0,rv,,Greg Abbott,49.0
gov202uniddcdaeb8,governor,TX,0,University of Texas at Tyler,2026-02-13,2026-02-22,1117.0,rv,,Gina Hinojosa,41.0
gov202unif0b2a5e1,governor,TX,0,University of Houston/YouGov,2026-01-20,2026-01-31,1502.0,lv,,Greg Abbott,49.0
gov202unif0b2a5e1,governor,TX,0,University of Houston/YouGov,2026-01-20,2026-01-31,1502.0,lv,,Gina Hinojosa,42.0
gov202emea409dff6,governor,TX,0,Emerson College,2026-01-10,2026-01-12,1165.0,rv,,Greg Abbott,50.2
gov202emea409dff6,governor,TX,0,Emerson College,2026-01-10,2026-01-12,1165.0,rv,,Gina Hinojosa,42.3
gov202pub191b1881,governor,NE,0,Public Policy Polling,2026-04-06,2026-04-07,670.0,rv,D,Jim Pillen,38.0
gov202pub191b1881,governor,NE,0,Public Policy Polling,2026-04-06,2026-04-07,670.0,rv,D,Lynne Walz,33.0
gov202fm3d2a09796,governor,OR,0,FM3 Research,2026-01-26,2026-02-04,1065.0,lv,D,Tina Kotek,45.0
gov202fm3d2a09796,governor,OR,0,FM3 Research,2026-01-26,2026-02-04,1065.0,lv,D,Christine Drazan,40.0
gov202surd58350f7,governor,MN,0,SurveyUSA,2026-01-30,2026-01-27,575.0,rv,,Amy Klobuchar,50.0
gov202surd58350f7,governor,MN,0,SurveyUSA,2026-01-30,2026-01-27,575.0,rv,,Peggy Bennett,30.0
gov202eme14fedfa8,governor,MN,0,Emerson College,2026-02-06,2026-02-08,1000.0,lv,,Amy Klobuchar,51.1
gov202eme14fedfa8,governor,MN,0,Emerson College,2026-02-06,2026-02-08,1000.0,lv,,Lisa Demuth,37.7
gov202emefa3e1d8b,governor,MN,0,Emerson College,2026-02-06,2026-02-08,1000.0,lv,,Amy Klobuchar,52.8
gov202emefa3e1d8b,governor,MN,0,Emerson College,2026-02-06,2026-02-08,1000.0,lv,,Mike Lindell,30.9
gov202sur9b6fe128,governor,MN,0,SurveyUSA,2026-01-27,2026-01-30,575.0,rv,,Amy Klobuchar,49.0
gov202sur9b6fe128,governor,MN,0,SurveyUSA,2026-01-27,2026-01-30,575.0,rv,,Lisa Demuth,34.0
gov202sur3dc916b8,governor,MN,0,SurveyUSA,2026-01-27,2026-01-30,575.0,rv,,Amy Klobuchar,49.0
gov202sur3dc916b8,governor,MN,0,SurveyUSA,2026-01-27,2026-01-30,575.0,rv,,Patrick Knight,33.0
gov202surf831ef70,governor,MN,0,SurveyUSA,2026-01-27,2026-01-30,575.0,rv,,Amy Klobuchar,49.0
gov202surf831ef70,governor,MN,0,SurveyUSA,2026-01-27,2026-01-30,575.0,rv,,Brad Kohler,32.0
gov202sur595d73eb,governor,MN,0,SurveyUSA,2026-01-27,2026-01-30,575.0,rv,,Amy Klobuchar,52.0
gov202sur595d73eb,governor,MN,0,SurveyUSA,2026-01-27,2026-01-30,575.0,rv,,Mike Lindell,32.0
gov202surbf9e3af9,governor,MN,0,SurveyUSA,2026-01-27,2026-01-30,575.0,rv,,Amy Klobuchar,49.0
gov202surbf9e3af9,governor,MN,0,SurveyUSA,2026-01-27,2026-01-30,575.0,rv,,Phil Parrish,32.0
gov202sur4558b2cb,governor,MN,0,SurveyUSA,2026-01-27,2026-01-30,575.0,rv,,Amy Klobuchar,49.0
gov202sur4558b2cb,governor,MN,0,SurveyUSA,2026-01-27,2026-01-30,575.0,rv,,Kendall Qualls,33.0
gov202sure73b5a8b,governor,MN,0,SurveyUSA,2026-01-27,2026-01-30,575.0,rv,,Amy Klobuchar,48.0
gov202sure73b5a8b,governor,MN,0,SurveyUSA,2026-01-27,2026-01-30,575.0,rv,,Kristin Robbins,33.0
gov202sus3cd1701e,governor,PA,0,Susquehanna Polling & Research,2026-03-18,2026-03-29,700.0,lv,R,Josh Shapiro,58.0
gov202sus3cd1701e,governor,PA,0,Susquehanna Polling & Research,2026-03-18,2026-03-29,700.0,lv,R,Stacy Garrity,36.0
gov202fraa68d69ea,governor,PA,0,Franklin & Marshall College,2026-02-18,2026-03-01,834.0,rv,,Josh Shapiro,48.0
gov202fraa68d69ea,governor,PA,0,Franklin & Marshall College,2026-02-18,2026-03-01,834.0,rv,,Stacy Garrity,28.0
gov202qui5d631fab,governor,PA,0,Quinnipiac University,2026-02-19,2026-02-23,836.0,rv,,Josh Shapiro,55.0
gov202qui5d631fab,governor,PA,0,Quinnipiac University,2026-02-19,2026-02-23,836.0,rv,,Stacy Garrity,37.0
gov202quifa93d858,governor,PA,0,Quinnipiac University,2025-09-25,2025-09-29,1579.0,rv,,Josh Shapiro,55.0
gov202quifa93d858,governor,PA,0,Quinnipiac University,2025-09-25,2025-09-29,1579.0,rv,,Stacy Garrity,39.0
gov202susda6492fc,governor,PA,0,Susquehanna Polling & Research,2025-09-22,2025-09-28,700.0,lv,,Josh Shapiro,54.0
gov202susda6492fc,governor,PA,0,Susquehanna Polling & Research,2025-09-22,2025-09-28,700.0,lv,,Stacy Garrity,36.0
gov202vic55427d53,governor,IL,0,Victory Research,2025-11-20,2025-11-24,1208.0,lv,,JB Pritzker,54.0
gov202vic55427d53,governor,IL,0,Victory Research,2025-11-20,2025-11-24,1208.0,lv,,Darren Bailey,34.0
gov202quaf29f068d,governor,TN,0,Quantus Insights,2025-08-05,2025-08-07,600.0,rv,R,Marsha Blackburn,49.0
gov202quaf29f068d,governor,TN,0,Quantus Insights,2025-08-05,2025-08-07,600.0,rv,R,Jerri Green,28.0
gov202cyg809fe67c,governor,AL,0,Cygnal,2025-11-12,2025-11-13,605.0,lv,R,Tommy Tuberville,53.0
gov202cyg809fe67c,governor,AL,0,Cygnal,2025-11-12,2025-11-13,605.0,lv,R,Doug Jones,34.0
gov202uni5d97a15c,governor,MA,0,University of New Hampshire,2026-02-12,2026-02-16,620.0,lv,,Maura Healey,55.0
gov202uni5d97a15c,governor,MA,0,University of New Hampshire,2026-02-12,2026-02-16,620.0,lv,,Mike Kennealy,28.0
gov202unidba44cb7,governor,MA,0,University of New Hampshire,2026-04-16,2026-04-20,597.0,lv,,Maura Healey,53.0
gov202unidba44cb7,governor,MA,0,University of New Hampshire,2026-04-16,2026-04-20,597.0,lv,,Mike Kennealy,32.0
gov202advcb48e171,governor,MA,0,"Advantage, Inc.",2025-09-23,2025-09-24,750.0,lv,R,Maura Healey,45.0
gov202advcb48e171,governor,MA,0,"Advantage, Inc.",2025-09-23,2025-09-24,750.0,lv,R,Mike Kennealy,34.0
gov202uma6e4e935e,governor,MA,0,UMass Amherst/YouGov,2025-10-21,2025-10-29,800.0,a,,Maura Healey,49.0
gov202uma6e4e935e,governor,MA,0,UMass Amherst/YouGov,2025-10-21,2025-10-29,800.0,a,,Mike Kennealy,27.0
gov202uma9ee3b4cc,governor,MA,0,UMass Amherst/YouGov,2025-02-14,2025-02-20,700.0,a,,Maura Healey,40.0
gov202uma9ee3b4cc,governor,MA,0,UMass Amherst/YouGov,2025-02-14,2025-02-20,700.0,a,,Mike Kennealy,15.0
gov202uni4957e0b8,governor,MA,0,University of New Hampshire,2026-02-12,2026-02-16,620.0,lv,,Maura Healey,56.0
gov202uni4957e0b8,governor,MA,0,University of New Hampshire,2026-02-12,2026-02-16,620.0,lv,,Mike Minogue,27.0
gov202uni3e2862ac,governor,MA,0,University of New Hampshire,2026-02-12,2026-02-16,620.0,lv,,Maura Healey,58.0
gov202uni3e2862ac,governor,MA,0,University of New Hampshire,2026-02-12,2026-02-16,620.0,lv,,Brian Shortsleeve,28.0
gov202umaedb232ec,governor,MA,0,UMass Amherst/YouGov,2025-10-21,2025-10-29,800.0,a,,Maura Healey,51.0
gov202umaedb232ec,governor,MA,0,UMass Amherst/YouGov,2025-10-21,2025-10-29,800.0,a,,Mike Minogue,26.0
gov202uma9c7438af,governor,MA,0,UMass Amherst/YouGov,2025-10-21,2025-10-29,800.0,a,,Maura Healey,48.0
gov202uma9c7438af,governor,MA,0,UMass Amherst/YouGov,2025-10-21,2025-10-29,800.0,a,,Brian Shortsleeve,27.0
gov202adv2ff90f97,governor,MA,0,"Advantage, Inc.",2025-09-23,2025-09-24,750.0,lv,R,Maura Healey,46.0
gov202adv2ff90f97,governor,MA,0,"Advantage, Inc.",2025-09-23,2025-09-24,750.0,lv,R,Brian Shortsleeve,31.0
gov202uma884af191,governor,MA,0,UMass Amherst/YouGov,2025-02-14,2025-02-20,700.0,a,,Maura Healey,44.0
gov202uma884af191,governor,MA,0,UMass Amherst/YouGov,2025-02-14,2025-02-20,700.0,a,,Brian Shortsleeve,12.0
gov202uniae7b4dde,governor,MA,0,University of New Hampshire,2026-04-16,2026-04-20,599.0,lv,,Maura Healey,52.0
gov202uniae7b4dde,governor,MA,0,University of New Hampshire,2026-04-16,2026-04-20,599.0,lv,,Mike Minogue,32.0
gov202unie11a184e,governor,MA,0,University of New Hampshire,2026-04-16,2026-04-20,603.0,lv,,Maura Healey,51.0
gov202unie11a184e,governor,MA,0,University of New Hampshire,2026-04-16,2026-04-20,603.0,lv,,Brian Shortsleeve,29.0
gov202siec153e5e2,governor,NY,0,Siena College,2026-03-23,2026-03-26,804.0,rv,,Kathy Hochul,47.0
gov202siec153e5e2,governor,NY,0,Siena College,2026-03-23,2026-03-26,804.0,rv,,Bruce Blakeman,34.0
gov202echb68f41fd,governor,NY,0,Echelon Insights/Tusk Strategies,2026-03-24,2026-03-26,500.0,rv,,Kathy Hochul,55.0
gov202echb68f41fd,governor,NY,0,Echelon Insights/Tusk Strategies,2026-03-24,2026-03-26,500.0,rv,,Bruce Blakeman,40.0
gov202sie54d6070e,governor,NY,0,Siena College,2026-02-23,2026-02-26,805.0,rv,,Kathy Hochul,51.0
gov202sie54d6070e,governor,NY,0,Siena College,2026-02-23,2026-02-26,805.0,rv,,Bruce Blakeman,31.0
gov202mar6e5d554b,governor,NY,0,Marist College,2026-02-16,2026-02-19,1442.0,rv,,Kathy Hochul,50.0
gov202mar6e5d554b,governor,NY,0,Marist College,2026-02-16,2026-02-19,1442.0,rv,,Bruce Blakeman,33.0
gov202mad3c7076a1,governor,NY,0,MAD Global Strategy,2026-02-02,2026-02-04,600.0,lv,D,Kathy Hochul,47.0
gov202mad3c7076a1,governor,NY,0,MAD Global Strategy,2026-02-02,2026-02-04,600.0,lv,D,Bruce Blakeman,34.0
gov202sie42b3faba,governor,NY,0,Siena College,2026-01-26,2026-01-28,802.0,rv,,Kathy Hochul,54.0
gov202sie42b3faba,governor,NY,0,Siena College,2026-01-26,2026-01-28,802.0,rv,,Bruce Blakeman,28.0
gov202joh7fef529e,governor,NY,0,John Zogby Strategies,2026-01-06,2026-01-08,844.0,lv,,Kathy Hochul,53.0
gov202joh7fef529e,governor,NY,0,John Zogby Strategies,2026-01-06,2026-01-08,844.0,lv,,Bruce Blakeman,39.0
gov202sie1fbf4f7e,governor,NY,0,Siena College,2025-12-08,2025-12-12,801.0,rv,,Kathy Hochul,50.0
gov202sie1fbf4f7e,governor,NY,0,Siena College,2025-12-08,2025-12-12,801.0,rv,,Bruce Blakeman,25.0
gov202sie7ce685a1,governor,NY,0,Siena College,2025-12-08,2025-12-12,801.0,rv,,Kathy Hochul,50.0
gov202sie7ce685a1,governor,NY,0,Siena College,2025-12-08,2025-12-12,801.0,rv,,Bruce Blakeman,25.0
gov202j.la2014323,governor,NY,0,J.L. Partners,2025-11-09,2025-11-10,500.0,lv,R,Kathy Hochul,47.0
gov202j.la2014323,governor,NY,0,J.L. Partners,2025-11-09,2025-11-10,500.0,lv,R,Bruce Blakeman,36.0
gov202sied0732f72,governor,NY,0,Siena College,2025-06-23,2026-06-26,800.0,rv,,Kathy Hochul,44.0
gov202sied0732f72,governor,NY,0,Siena College,2025-06-23,2026-06-26,800.0,rv,,Bruce Blakeman,19.0
gov202grac908fd46,governor,NY,0,Grayhouse,2025-04-22,2025-04-24,600.0,rv,R,Kathy Hochul,44.0
gov202grac908fd46,governor,NY,0,Grayhouse,2025-04-22,2025-04-24,600.0,rv,R,Bruce Blakeman,36.0
us-202pubbb8b4b1e,house,AK,1,Public Policy Polling,2026-02-11,2026-02-12,600.0,lv,D,Nick Begich III,46.0
us-202pubbb8b4b1e,house,AK,1,Public Policy Polling,2026-02-11,2026-02-12,600.0,lv,D,Matt Schultz,39.0
us-202datdf44d5f6,house,AK,1,Data for Progress,2025-10-17,2025-10-23,823.0,rv,D,Nick Begich III,48.0
us-202datdf44d5f6,house,AK,1,Data for Progress,2025-10-17,2025-10-23,823.0,rv,D,Matt Schultz,37.0
us-202pub88aa45c1,house,AK,1,Public Policy Polling,2026-02-11,2026-02-12,600.0,lv,D,Nick Begich III,41.0
us-202pub88aa45c1,house,AK,1,Public Policy Polling,2026-02-11,2026-02-12,600.0,lv,D,Bill Hill,37.0
us-202pubc9e98776,house,AZ,6,Public Policy Polling,2025-10-14,2025-10-15,581.0,lv,D,Juan Ciscomani,41.0
us-202pubc9e98776,house,AZ,6,Public Policy Polling,2025-10-14,2025-10-15,581.0,lv,D,JoAnna Mendoza,42.0
us-202pubd70ec8a7,house,CA,22,Public Policy Polling,2025-08-06,2025-08-08,547.0,a,D,David Valadao,42.0
us-202pubd70ec8a7,house,CA,22,Public Policy Polling,2025-08-06,2025-08-08,547.0,a,D,Jasmeet Bains,42.0
us-202expe9bb28f8,house,CO,3,Expedition Strategies,2026-01-08,2026-01-12,400.0,lv,D,Jeff Hurd,48.0
us-202expe9bb28f8,house,CO,3,Expedition Strategies,2026-01-08,2026-01-12,400.0,lv,D,Alex Kelloff,39.0
us-202kap5c7b111b,house,FL,27,Kaplan Strategies,2025-07-01,2025-07-01,804.0,lv,,María Elvira Salazar,45.0
us-202kap5c7b111b,house,FL,27,Kaplan Strategies,2025-07-01,2025-07-01,804.0,lv,,Alex Fornino,35.0
us-202blu35c04618,house,FL,27,Blueprint Polling,2026-03-06,2026-03-08,451.0,rv,D,María Elvira Salazar,47.0
us-202blu35c04618,house,FL,27,Blueprint Polling,2026-03-06,2026-03-08,451.0,rv,D,Robin Peguero,40.0
us-202blud3c43130,house,FL,27,Blueprint Polling,2026-03-06,2026-03-08,451.0,rv,D,María Elvira Salazar,46.0
us-202blud3c43130,house,FL,27,Blueprint Polling,2026-03-06,2026-03-08,451.0,rv,D,Eliott Rodriguez,43.0
us-202pub4897124c,house,IA,1,Public Policy Polling,2025-06-18,2025-06-19,555.0,a,D,Mariannette Miller-Meeks,39.0
us-202pub4897124c,house,IA,1,Public Policy Polling,2025-06-18,2025-06-19,555.0,a,D,Christina Bohannan,43.0
us-202uni1e77eaee,house,ME,2,University of New Hampshire,2026-02-12,2025-02-16,520.0,lv,,Joe Baldacci,47.0
us-202uni1e77eaee,house,ME,2,University of New Hampshire,2026-02-12,2025-02-16,520.0,lv,,Paul LePage,48.0
us-202pane2511ac9,house,ME,2,Pan Atlantic Research,2025-11-29,2025-12-07,387.0,lv,D,Joe Baldacci,43.0
us-202pane2511ac9,house,ME,2,Pan Atlantic Research,2025-11-29,2025-12-07,387.0,lv,D,Paul LePage,44.0
us-202unia4e0a246,house,ME,2,University of New Hampshire,2026-02-12,2026-02-16,521.0,lv,,Matt Dunlap,46.0
us-202unia4e0a246,house,ME,2,University of New Hampshire,2026-02-12,2026-02-16,521.0,lv,,Paul LePage,47.0
us-202unifa33b54f,house,ME,2,University of New Hampshire,2026-02-12,2026-02-16,521.0,lv,,Jordan Wood,44.0
us-202unifa33b54f,house,ME,2,University of New Hampshire,2026-02-12,2026-02-16,521.0,lv,,Paul LePage,48.0
us-202pubb4a5637d,house,MI,4,Public Policy Polling,2025-11-20,2025-11-21,559.0,rv,D,Bill Huizenga,44.0
us-202pubb4a5637d,house,MI,4,Public Policy Polling,2025-11-20,2025-11-21,559.0,rv,D,Sean McCann,42.0
us-202pub34b08a80,house,MI,7,Public Policy Polling,2025-10-27,2025-10-28,557.0,rv,D,Tom Barrett,41.0
us-202pub34b08a80,house,MI,7,Public Policy Polling,2025-10-27,2025-10-28,557.0,rv,D,Bridget Brink,45.0
us-202pub328ef142,house,MI,7,Public Policy Polling,2025-10-27,2025-10-28,557.0,rv,D,Tom Barrett,39.0
us-202pub328ef142,house,MI,7,Public Policy Polling,2025-10-27,2025-10-28,557.0,rv,D,Matt Maasdam,43.0
us-202pub8f0230b7,house,NY,1,Public Policy Polling,2025-12-10,2025-12-11,579.0,a,D,Nick LaLota,41.0
us-202pub8f0230b7,house,NY,1,Public Policy Polling,2025-12-10,2025-12-11,579.0,a,D,Chris Gallant,38.0
us-202pub2bbbcb0d,house,PA,10,Public Policy Polling,2025-11-18,2025-11-19,549.0,rv,D,Scott Perry,44.0
us-202pub2bbbcb0d,house,PA,10,Public Policy Polling,2025-11-18,2025-11-19,549.0,rv,D,Janelle Stelson,48.0
us-202pubb2f82ff6,house,PA,10,Public Policy Polling,2025-07-10,2025-07-11,559.0,a,D,Scott Perry,43.0
us-202pubb2f82ff6,house,PA,10,Public Policy Polling,2025-07-10,2025-07-11,559.0,a,D,Janelle Stelson,46.0
us-202pubf37f0aa3,house,TX,15,Public Policy Polling,2025-09-10,2025-09-11,533.0,lv,D,Monica De La Cruz,41.0
us-202pubf37f0aa3,house,TX,15,Public Policy Polling,2025-09-10,2025-09-11,533.0,lv,D,Bobby Pulido,38.0
us-202pub358c46e4,house,TX,23,Public Policy Polling,2026-03-10,2026-03-11,521.0,a,D,Brandon Herrera,42.0
us-202pub358c46e4,house,TX,23,Public Policy Polling,2026-03-10,2026-03-11,521.0,a,D,Katy Padilla Stout,40.0
us-202pub57d326b1,house,VA,1,Public Policy Polling,2025-08-08,2025-08-09,541.0,rv,D,Shannon Taylor,40.0
us-202pub57d326b1,house,VA,1,Public Policy Polling,2025-08-08,2025-08-09,541.0,rv,D,Rob Wittman,41.0
us-202vot41d1f9d5,house,WA,3,Voter Sciences,2025-08-01,2025-08-01,0.0,rv,R,Marie Gluesenkamp Perez,41.29
us-202vot41d1f9d5,house,WA,3,Voter Sciences,2025-08-01,2025-08-01,0.0,rv,R,John Braun,47.55
us-202pubc2e16fe9,house,WI,3,Public Policy Polling,2025-10-14,2025-10-15,609.0,lv,D,Derrick Van Orden,42.0
us-202pubc2e16fe9,house,WI,3,Public Policy Polling,2025-10-14,2025-10-15,609.0,lv,D,Rebecca Cooke,44.0
gov202ste3f4447eb,governor,FL,0,Stetson University,2026-03-25,2026-04-13,848.0,lv,,Byron Donalds,46.0
gov202ste3f4447eb,governor,FL,0,Stetson University,2026-03-25,2026-04-13,848.0,lv,,Jerry Demings,42.0
us-202ste008437cf,senate,FL,0,Stetson University,2026-03-25,2026-04-13,848.0,lv,,Ashley Moody,49.0
us-202ste008437cf,senate,FL,0,Stetson University,2026-03-25,2026-04-13,848.0,lv,,Alexander Vindman,42.0
us-202ste198f7a4a,senate,FL,0,Stetson University,2026-03-25,2026-04-13,848.0,lv,,Ashley Moody,51.0
us-202ste198f7a4a,senate,FL,0,Stetson University,2026-03-25,2026-04-13,848.0,lv,,Angie Nixon,38.0
us-202unie89cc6b4,senate,TX,0,University of Texas at Tyler,2025-09-17,2025-09-24,1032.0,rv,,Ken Paxton,38.0
us-202unie89cc6b4,senate,TX,0,University of Texas at Tyler,2025-09-17,2025-09-24,1032.0,rv,,James Talarico,37.0
us-202uni8225dcc0,senate,TX,0,University of Houston/Texas Southern University,2025-09-19,2025-10-01,1650.0,rv,,Ken Paxton,49.0
us-202uni8225dcc0,senate,TX,0,University of Houston/Texas Southern University,2025-09-19,2025-10-01,1650.0,rv,,James Talarico,46.0
us-202rag0c28bfd3,senate,TX,0,Ragnar Research Partners,2025-11-12,2025-11-17,1000.0,lv,R,Ken Paxton,44.0
us-202rag0c28bfd3,senate,TX,0,Ragnar Research Partners,2025-11-12,2025-11-17,1000.0,lv,R,James Talarico,44.0
us-202uni0dc518c7,senate,TX,0,University of Houston/YouGov,2026-01-20,2026-01-31,1502.0,lv,,Ken Paxton,46.0
us-202uni0dc518c7,senate,TX,0,University of Houston/YouGov,2026-01-20,2026-01-31,1502.0,lv,,James Talarico,44.0
us-202pub7e233927,senate,TX,0,Public Policy Polling,2026-03-04,2026-03-05,576.0,a,D,Ken Paxton,45.0
us-202pub7e233927,senate,TX,0,Public Policy Polling,2026-03-04,2026-03-05,576.0,a,D,James Talarico,47.0
us-202imp50137db2,senate,TX,0,Impact Research,2026-03-12,2026-03-17,900.0,lv,,Ken Paxton,43.0
us-202imp50137db2,senate,TX,0,Impact Research,2026-03-12,2026-03-17,900.0,lv,,James Talarico,44.0
us-202texe500a6d5,senate,TX,0,Texas Public Opinion Research,2026-04-17,2026-04-20,1018.0,lv,,Ken Paxton,41.0
us-202texe500a6d5,senate,TX,0,Texas Public Opinion Research,2026-04-17,2026-04-20,1018.0,lv,,James Talarico,46.0
us-202unidb95df99,senate,TX,0,University of Texas at Tyler,2025-09-17,2025-09-24,1032.0,rv,,John Cornyn,41.0
us-202unidb95df99,senate,TX,0,University of Texas at Tyler,2025-09-17,2025-09-24,1032.0,rv,,James Talarico,35.0
us-202uni731e2279,senate,TX,0,University of Houston/Texas Southern University,2025-09-19,2025-10-01,1650.0,rv,,John Cornyn,48.0
us-202uni731e2279,senate,TX,0,University of Houston/Texas Southern University,2025-09-19,2025-10-01,1650.0,rv,,James Talarico,45.0
us-202rag8552bbbc,senate,TX,0,Ragnar Research Partners,2025-11-12,2025-11-17,1000.0,lv,R,John Cornyn,46.0
us-202rag8552bbbc,senate,TX,0,Ragnar Research Partners,2025-11-12,2025-11-17,1000.0,lv,R,James Talarico,40.0
us-202emeef7cbc1d,senate,TX,0,Emerson College,2026-01-10,2026-01-12,1165.0,rv,,Ken Paxton,45.6
us-202emeef7cbc1d,senate,TX,0,Emerson College,2026-01-10,2026-01-12,1165.0,rv,,James Talarico,45.6
us-202eme9b9f44a5,senate,TX,0,Emerson College,2026-01-10,2026-01-12,1165.0,rv,,John Cornyn,46.9
us-202eme9b9f44a5,senate,TX,0,Emerson College,2026-01-10,2026-01-12,1165.0,rv,,James Talarico,44.1
us-202uni5040ddd3,senate,TX,0,University of Houston/YouGov,2026-01-20,2026-01-31,1502.0,lv,,John Cornyn,44.0
us-202uni5040ddd3,senate,TX,0,University of Houston/YouGov,2026-01-20,2026-01-31,1502.0,lv,,James Talarico,43.0
us-202pubaf44626b,senate,TX,0,Public Policy Polling,2026-03-04,2026-03-05,576.0,a,D,John Cornyn,43.0
us-202pubaf44626b,senate,TX,0,Public Policy Polling,2026-03-04,2026-03-05,576.0,a,D,James Talarico,44.0
us-202texaca3925a,senate,TX,0,Texas Public Opinion Research,2026-04-17,2026-04-20,1018.0,lv,,John Cornyn,41.0
us-202texaca3925a,senate,TX,0,Texas Public Opinion Research,2026-04-17,2026-04-20,1018.0,lv,,James Talarico,44.0
gen202mor441d3c0c,generic,US,0,Morning Consult,2026-04-20,2026-04-26,28235.0,rv,,Dem,45.0
gen202mor441d3c0c,generic,US,0,Morning Consult,2026-04-20,2026-04-26,28235.0,rv,,Rep,42.0
gen202moraf812e1e,generic,US,0,Morning Consult,2026-04-24,2026-04-27,2201.0,rv,,Dem,45.0
gen202moraf812e1e,generic,US,0,Morning Consult,2026-04-24,2026-04-27,2201.0,rv,,Rep,42.0
gen202you2ae6f378,generic,US,0,YouGov,2026-04-24,2026-04-27,1645.0,rv,,Dem,46.0
gen202you2ae6f378,generic,US,0,YouGov,2026-04-24,2026-04-27,1645.0,rv,,Rep,41.0
gen202you3de5efa3,generic,US,0,YouGov,2026-04-24,2026-04-27,1834.0,a,,Dem,39.0
gen202you3de5efa3,generic,US,0,YouGov,2026-04-24,2026-04-27,1834.0,a,,Rep,34.0
gen202ips0bc2dcd0,generic,US,0,Ipsos,2026-04-24,2026-04-27,1014.0,rv,,Dem,41.0
gen202ips0bc2dcd0,generic,US,0,Ipsos,2026-04-24,2026-04-27,1014.0,rv,,Rep,37.0
gen202ipsefd2e293,generic,US,0,Ipsos,2026-04-24,2026-04-27,1269.0,a,,Dem,36.0
gen202ipsefd2e293,generic,US,0,Ipsos,2026-04-24,2026-04-27,1269.0,a,,Rep,31.0
gen202har524f07a0,generic,US,0,HarrisX/Harris,2026-04-23,2026-04-26,,lv,,Dem,50.0
gen202har524f07a0,generic,US,0,HarrisX/Harris,2026-04-23,2026-04-26,,lv,,Rep,50.0
gen202harc4ffc78c,generic,US,0,HarrisX/Harris,2026-04-23,2026-04-26,2745.0,rv,,Dem,50.0
gen202harc4ffc78c,generic,US,0,HarrisX/Harris,2026-04-23,2026-04-26,2745.0,rv,,Rep,50.0
gen202eme52b01f0e,generic,US,0,Emerson College,2026-04-24,2026-04-26,1000.0,lv,,Dem,50.3
gen202eme52b01f0e,generic,US,0,Emerson College,2026-04-24,2026-04-26,1000.0,lv,,Rep,40.2
gen202leg6734532b,generic,US,0,Leger,2026-04-17,2026-04-20,1004.0,a,,Dem,52.0
gen202leg6734532b,generic,US,0,Leger,2026-04-17,2026-04-20,1004.0,a,,Rep,42.0
gen202the055f2404,generic,US,0,The Argument/Verasight,2026-04-20,2026-04-23,1000.0,lv,,Dem,53.0
gen202the055f2404,generic,US,0,The Argument/Verasight,2026-04-20,2026-04-23,1000.0,lv,,Rep,47.0
us-202opi5a64ca39,senate,NC,0,Opinion Diagnostics,2026-04-21,2026-04-24,830.0,lv,R,Roy Cooper,50.4
us-202opi5a64ca39,senate,NC,0,Opinion Diagnostics,2026-04-21,2026-04-24,830.0,lv,R,Michael Whatley,41.4
us-202you9dee520f,senate,TX,0,YouGov,2026-04-10,2026-04-20,1200.0,rv,,Ken Paxton,34.0
us-202you9dee520f,senate,TX,0,YouGov,2026-04-10,2026-04-20,1200.0,rv,,James Talarico,42.0
us-202you0dcc69cb,senate,TX,0,YouGov,2026-04-10,2026-04-12,1200.0,rv,,John Cornyn,33.0
us-202you0dcc69cb,senate,TX,0,YouGov,2026-04-10,2026-04-12,1200.0,rv,,James Talarico,40.0
gen202kff582c6691,generic,US,0,KFF,2026-04-14,2026-04-19,1107.0,rv,,Dem,43.0
gen202kff582c6691,generic,US,0,KFF,2026-04-14,2026-04-19,1107.0,rv,,Rep,34.0
gen202bigf4330694,generic,US,0,Big Data Poll,2026-04-25,2026-04-28,2874.0,lv,,Dem,50.4
gen202bigf4330694,generic,US,0,Big Data Poll,2026-04-25,2026-04-28,2874.0,lv,,Rep,39.4
gen202big0c0c7e6f,generic,US,0,Big Data Poll,2026-04-25,2026-04-28,3176.0,rv,,Dem,47.7
gen202big0c0c7e6f,generic,US,0,Big Data Poll,2026-04-25,2026-04-28,3176.0,rv,,Rep,37.1
us-202tav22537272,senate,KS,0,Tavern Research,2026-01-26,2026-01-28,1013.0,lv,,Roger Marshall,54.0
us-202tav22537272,senate,KS,0,Tavern Research,2026-01-26,2026-01-28,1013.0,lv,,Adam Hamilton,46.0
us-202alabbd6655e,senate,AK,0,Alaska Survey Research,2026-04-16,2026-04-19,,lv,,Mary Peltola,50.8
us-202alabbd6655e,senate,AK,0,Alaska Survey Research,2026-04-16,2026-04-19,,lv,,Dan Sullivan,47.3
gen202ips5f46bb4b,generic,US,0,Ipsos,2026-04-24,2026-04-28,2059.0,rv,,Dem,49.0
gen202ips5f46bb4b,generic,US,0,Ipsos,2026-04-24,2026-04-28,2059.0,rv,,Rep,44.0
gov202alafe5b687f,governor,AK,0,Alaska Survey Research,2026-04-16,2026-04-19,,lv,,Tom Begich,53.9
gov202alafe5b687f,governor,AK,0,Alaska Survey Research,2026-04-16,2026-04-19,,lv,,Bernadette Wilson,46.1
gen202cha2262f999,generic,US,0,Change Research,2026-03-08,2026-03-12,1540.0,rv,,Dem,47.0
gen202cha2262f999,generic,US,0,Change Research,2026-03-08,2026-03-12,1540.0,rv,,Rep,41.0
gen202pub024ad9fb,generic,US,0,Public Opinion Strategies,2026-04-21,2026-04-27,1000.0,rv,,Dem,44.0
gen202pub024ad9fb,generic,US,0,Public Opinion Strategies,2026-04-21,2026-04-27,1000.0,rv,,Rep,41.0
gov202the5f298aba,governor,FL,0,The Public Sentiment Institute,2026-04-27,2026-04-27,687.0,lv,,Byron Donalds,40.0
gov202the5f298aba,governor,FL,0,The Public Sentiment Institute,2026-04-27,2026-04-27,687.0,lv,,David Jolly,40.0
gov202the1d65e356,governor,FL,0,The Public Sentiment Institute,2026-04-27,2026-04-27,687.0,lv,,James Fishback,43.0
gov202the1d65e356,governor,FL,0,The Public Sentiment Institute,2026-04-27,2026-04-27,687.0,lv,,David Jolly,38.0
gen202chaac421070,generic,US,0,Change Research,2026-02-05,2026-02-18,1741.0,rv,,Dem,43.0
gen202chaac421070,generic,US,0,Change Research,2026-02-05,2026-02-18,1741.0,rv,,Rep,40.0
gov202the1dba2946,governor,TX,0,The Texas Politics Project at the University of Texas at Austin/YouGov,2026-04-10,2026-04-20,1200.0,rv,,Gina Hinojosa,38.0
gov202the1dba2946,governor,TX,0,The Texas Politics Project at the University of Texas at Austin/YouGov,2026-04-10,2026-04-20,1200.0,rv,,Greg Abbott,44.0
gov202sli6ebff755,governor,TX,0,Slingshot Strategies,2026-04-17,2026-04-20,1018.0,lv,,Gina Hinojosa,43.0
gov202sli6ebff755,governor,TX,0,Slingshot Strategies,2026-04-17,2026-04-20,1018.0,lv,,Greg Abbott,48.0
gov202uni9190ff53,governor,TX,0,University of Texas at Tyler Center for Opinion Research,2026-02-13,2026-02-22,1117.0,rv,,Gina Hinojosa,41.0
gov202uni9190ff53,governor,TX,0,University of Texas at Tyler Center for Opinion Research,2026-02-13,2026-02-22,1117.0,rv,,Greg Abbott,49.0
gov202uni2dbe825b,governor,TX,0,University of Texas at Tyler Center for Opinion Research,2026-02-13,2026-02-22,1117.0,rv,,Chris Bell,39.0
gov202uni2dbe825b,governor,TX,0,University of Texas at Tyler Center for Opinion Research,2026-02-13,2026-02-22,1117.0,rv,,Greg Abbott,51.0
gov202uni47c6f510,governor,TX,0,University of Houston Hobby School of Public Affairs/YouGov,2026-01-20,2026-01-31,1502.0,lv,,Gina Hinojosa,42.0
gov202uni47c6f510,governor,TX,0,University of Houston Hobby School of Public Affairs/YouGov,2026-01-20,2026-01-31,1502.0,lv,,Greg Abbott,49.0
gov202emed32824b8,governor,TX,0,Emerson College,2026-01-10,2026-01-12,1165.0,rv,,Gina Hinojosa,42.3
gov202emed32824b8,governor,TX,0,Emerson College,2026-01-10,2026-01-12,1165.0,rv,,Greg Abbott,50.2
gov202sli432139cf,governor,TX,0,Slingshot Strategies,2025-08-27,2025-08-29,843.0,rv,,Rep,49.0
gov202sli432139cf,governor,TX,0,Slingshot Strategies,2025-08-27,2025-08-29,843.0,rv,,Dem,43.0
gen202you3b7f3c42,generic,US,0,YouGov,2026-05-01,2026-05-04,1406.0,rv,,Dem,44.0
gen202you3b7f3c42,generic,US,0,YouGov,2026-05-01,2026-05-04,1406.0,rv,,Rep,41.0
gen202youb0c541de,generic,US,0,YouGov,2026-05-01,2026-05-04,1570.0,a,,Dem,38.0
gen202youb0c541de,generic,US,0,YouGov,2026-05-01,2026-05-04,1570.0,a,,Rep,34.0
gen202morfece680f,generic,US,0,Morning Consult,2026-04-30,2026-05-03,2200.0,rv,,Dem,46.0
gen202morfece680f,generic,US,0,Morning Consult,2026-04-30,2026-05-03,2200.0,rv,,Rep,43.0
gen202claf159f7a2,generic,US,0,Clarity Campaign Labs,2026-04-15,2026-04-24,1000.0,lv,,Dem,50.0
gen202claf159f7a2,generic,US,0,Clarity Campaign Labs,2026-04-15,2026-04-24,1000.0,lv,,Rep,45.0
gen202mar4b14738d,generic,US,0,Marist University,2026-04-27,2026-04-30,1155.0,rv,,Dem,52.0
gen202mar4b14738d,generic,US,0,Marist University,2026-04-27,2026-04-30,1155.0,rv,,Rep,42.0
gen202harfa03dff7,generic,US,0,HarrisX,2026-04-29,2026-05-05,1891.0,lv,,Dem,48.0
gen202harfa03dff7,generic,US,0,HarrisX,2026-04-29,2026-05-05,1891.0,lv,,Rep,46.0
gen202har68e5c022,generic,US,0,HarrisX,2026-04-29,2026-05-05,2359.0,rv,,Dem,46.0
gen202har68e5c022,generic,US,0,HarrisX,2026-04-29,2026-05-05,2359.0,rv,,Rep,45.0
gen202har76cd5463,generic,US,0,HarrisX,2026-04-29,2026-05-05,2569.0,a,,Dem,46.0
gen202har76cd5463,generic,US,0,HarrisX,2026-04-29,2026-05-05,2569.0,a,,Rep,45.0
gen202rmgedb864a5,generic,US,0,RMG Research,2026-05-04,2026-05-06,2000.0,rv,,Dem,50.0
gen202rmgedb864a5,generic,US,0,RMG Research,2026-05-04,2026-05-06,2000.0,rv,,Rep,41.0
gen202foc15ef8992,generic,US,0,Focaldata,2026-05-01,2026-05-05,3017.0,rv,,Dem,51.862
gen202foc15ef8992,generic,US,0,Focaldata,2026-05-01,2026-05-05,3017.0,rv,,Rep,44.4652
gen202foc290a9926,generic,US,0,Focaldata,2026-05-01,2026-05-05,3612.0,a,,Rep,38.7615
gen202foc290a9926,generic,US,0,Focaldata,2026-05-01,2026-05-05,3612.0,a,,Dem,46.436
gen202ips56dfccb2,generic,US,0,Ipsos,2026-05-08,2026-05-11,993.0,rv,,Dem,41.0
gen202ips56dfccb2,generic,US,0,Ipsos,2026-05-08,2026-05-11,993.0,rv,,Rep,35.0
gen202ips98484562,generic,US,0,Ipsos,2026-05-08,2026-05-11,1254.0,a,,Dem,36.0
gen202ips98484562,generic,US,0,Ipsos,2026-05-08,2026-05-11,1254.0,a,,Rep,31.0
gen202tav4385f790,generic,US,0,Tavern Research,2026-04-06,2026-04-09,502.0,lv,,Dem,44.0
gen202tav4385f790,generic,US,0,Tavern Research,2026-04-06,2026-04-09,502.0,lv,,Rep,43.0
gen202atlfaff628e,generic,US,0,AtlasIntel,2026-05-04,2026-05-07,2069.0,a,,Dem,54.6
gen202atlfaff628e,generic,US,0,AtlasIntel,2026-05-04,2026-05-07,2069.0,a,,Rep,40.1
gen202cnn284290e8,generic,US,0,CNN/SSRS,2026-04-30,2026-05-04,,rv,,Dem,45.0
gen202cnn284290e8,generic,US,0,CNN/SSRS,2026-04-30,2026-05-04,,rv,,Rep,42.0
gen202youb7220175,generic,US,0,YouGov,2026-05-09,2026-05-11,1408.0,rv,,Dem,45.0
gen202youb7220175,generic,US,0,YouGov,2026-05-09,2026-05-11,1408.0,rv,,Rep,40.0
gen202you91f64a9d,generic,US,0,YouGov,2026-05-09,2026-05-11,1547.0,a,,Dem,37.0
gen202you91f64a9d,generic,US,0,YouGov,2026-05-09,2026-05-11,1547.0,a,,Rep,34.0
gen202gbaefbb746a,generic,US,0,GBAO Strategies,2026-04-08,2026-04-15,2000.0,rv,,Dem,48.0
gen202gbaefbb746a,generic,US,0,GBAO Strategies,2026-04-08,2026-04-15,2000.0,rv,,Rep,40.0
gen202cygf628d98b,generic,US,0,Cygnal,2026-05-05,2026-05-06,1500.0,lv,,Dem,48.5
gen202cygf628d98b,generic,US,0,Cygnal,2026-05-05,2026-05-06,1500.0,lv,,Rep,42.4
us-202harb00382e0,senate,NC,0,Harper Polling,2026-05-10,2026-05-11,600.0,lv,,Roy Cooper,49.8
us-202harb00382e0,senate,NC,0,Harper Polling,2026-05-10,2026-05-11,600.0,lv,,Michael Whatley,38.7
gen202cha3a50e664,generic,US,0,Change Research,2026-04-03,2026-04-07,2702.0,rv,,Dem,47.0
gen202cha3a50e664,generic,US,0,Change Research,2026-04-03,2026-04-07,2702.0,rv,,Rep,42.0
us-202texc28cf835,senate,TX,0,Texas Southern University Barbara Jordan Public Policy Research and Survey Center,2026-04-22,2026-05-06,1223.0,lv,,James Talarico,45.0
us-202texc28cf835,senate,TX,0,Texas Southern University Barbara Jordan Public Policy Research and Survey Center,2026-04-22,2026-05-06,1223.0,lv,,Ken Paxton,45.0
us-202tex1f4254f8,governor,TX,0,Texas Southern University Barbara Jordan Public Policy Research and Survey Center,2026-04-22,2026-05-06,1223.0,lv,,Gina Hinojosa,43.0
us-202tex1f4254f8,governor,TX,0,Texas Southern University Barbara Jordan Public Policy Research and Survey Center,2026-04-22,2026-05-06,1223.0,lv,,Greg Abbott,49.0
us-202checa283b6c,senate,FL,0,Cherry Communications,2026-05-01,2026-05-09,604.0,lv,R,Alexander Vindman,40.0
us-202checa283b6c,senate,FL,0,Cherry Communications,2026-05-01,2026-05-09,604.0,lv,R,Ashley Moody,48.0
gov202che6a537ee6,governor,FL,0,Cherry Communications,2026-05-01,2026-05-09,604.0,lv,R,David Jolly,39.0
gov202che6a537ee6,governor,FL,0,Cherry Communications,2026-05-01,2026-05-09,604.0,lv,R,Byron Donalds,47.0
gen202thee6468149,generic,US,0,The New York Times/Siena University,2026-05-11,2026-05-15,1507.0,rv,,Dem,49.5
gen202thee6468149,generic,US,0,The New York Times/Siena University,2026-05-11,2026-05-15,1507.0,rv,,Rep,39.1
us-202chab31a8a6e,senate,NC,0,Change Research,2026-05-04,2026-05-08,957.0,lv,D,Roy Cooper,49.0
us-202chab31a8a6e,senate,NC,0,Change Research,2026-05-04,2026-05-08,957.0,lv,D,Michael Whatley,42.0
us-202chae3c0b874,senate,FL,0,Change Research,2026-05-13,2026-05-16,2070.0,lv,,Alexander Vindman,47.0
us-202chae3c0b874,senate,FL,0,Change Research,2026-05-13,2026-05-16,2070.0,lv,,Ashley Moody,45.0
gen202ips8e4643b0,generic,US,0,Ipsos,2026-05-15,2026-05-18,984.0,rv,,Dem,39.0
gen202ips8e4643b0,generic,US,0,Ipsos,2026-05-15,2026-05-18,984.0,rv,,Rep,38.0
gen202ipsb55f0d9f,generic,US,0,Ipsos,2026-05-15,2026-05-18,1271.0,a,,Dem,35.0
gen202ipsb55f0d9f,generic,US,0,Ipsos,2026-05-15,2026-05-18,1271.0,a,,Rep,31.0
gen202ech92b1793f,generic,US,0,Echelon Insights,2026-05-14,2026-05-18,1008.0,lv,,Dem,51.0
gen202ech92b1793f,generic,US,0,Echelon Insights,2026-05-14,2026-05-18,1008.0,lv,,Rep,43.0
gen202you10817016,generic,US,0,YouGov,2026-05-15,2026-05-18,1375.0,rv,,Dem,46.0
gen202you10817016,generic,US,0,YouGov,2026-05-15,2026-05-18,1375.0,rv,,Rep,43.0
gen202youedd3df25,generic,US,0,YouGov,2026-05-15,2026-05-18,1543.0,a,,Dem,40.0
gen202youedd3df25,generic,US,0,YouGov,2026-05-15,2026-05-18,1543.0,a,,Rep,35.0
us-202tav507e89fe,senate,MT,0,Tavern Research,2026-05-13,2026-05-18,607.0,lv,,Seth Bodnar,50.0
us-202tav507e89fe,senate,MT,0,Tavern Research,2026-05-13,2026-05-18,607.0,lv,,Kurt Alme,50.0
us-202tav2313c4bf,senate,MT,0,Tavern Research,2026-05-13,2026-05-18,607.0,lv,,Reilly Neill,42.0
us-202tav2313c4bf,senate,MT,0,Tavern Research,2026-05-13,2026-05-18,607.0,lv,,Kurt Alme,58.0
us-202tav65f6005d,senate,MT,0,Tavern Research,2026-05-13,2026-05-18,607.0,lv,,Reilly Neill,24.0
us-202tav65f6005d,senate,MT,0,Tavern Research,2026-05-13,2026-05-18,607.0,lv,,Seth Bodnar,26.0
us-202tav65f6005d,senate,MT,0,Tavern Research,2026-05-13,2026-05-18,607.0,lv,,Tom Jandron,3.0
us-202tav65f6005d,senate,MT,0,Tavern Research,2026-05-13,2026-05-18,607.0,lv,,Kurt Alme,46.0
gov202the4e176460,governor,WI,0,The Public Sentiment Institute,2026-05-13,2026-05-15,880.0,rv,R,Francesca Hong,35.0
gov202the4e176460,governor,WI,0,The Public Sentiment Institute,2026-05-13,2026-05-15,880.0,rv,R,Tom Tiffany,36.0
gov202thea822b210,governor,WI,0,The Public Sentiment Institute,2026-05-13,2026-05-15,877.0,lv,R,Francesca Hong,41.0
gov202thea822b210,governor,WI,0,The Public Sentiment Institute,2026-05-13,2026-05-15,877.0,lv,R,Tom Tiffany,40.0
gov202the67fea2f7,governor,WI,0,The Public Sentiment Institute,2026-05-13,2026-05-15,880.0,rv,R,Mandela Barnes,39.0
gov202the67fea2f7,governor,WI,0,The Public Sentiment Institute,2026-05-13,2026-05-15,880.0,rv,R,Tom Tiffany,37.0
gov202thee37da0db,governor,WI,0,The Public Sentiment Institute,2026-05-13,2026-05-15,877.0,lv,R,Mandela Barnes,45.0
gov202thee37da0db,governor,WI,0,The Public Sentiment Institute,2026-05-13,2026-05-15,877.0,lv,R,Tom Tiffany,41.0
gen202you5072b560,generic,US,0,YouGov,2026-05-13,2026-05-15,1397.0,rv,,Dem,45.0
gen202you5072b560,generic,US,0,YouGov,2026-05-13,2026-05-15,1397.0,rv,,Rep,40.0
us-202pan29dbf8a8,senate,ME,0,Pan Atlantic SMS Group,2026-05-08,2026-05-18,827.0,lv,,Graham Platner,48.0
us-202pan29dbf8a8,senate,ME,0,Pan Atlantic SMS Group,2026-05-08,2026-05-18,827.0,lv,,Susan Collins,41.0
us-202mit9a5c32a0,senate,MI,0,Mitchell Research & Communications,2026-05-01,2026-05-07,607.0,lv,,Abdul El-Sayed,42.0
us-202mit9a5c32a0,senate,MI,0,Mitchell Research & Communications,2026-05-01,2026-05-07,607.0,lv,,Mike Rogers,41.0
us-202mitf3d55a81,senate,MI,0,Mitchell Research & Communications,2026-05-01,2026-05-07,606.0,lv,,Mallory McMorrow,43.0
us-202mitf3d55a81,senate,MI,0,Mitchell Research & Communications,2026-05-01,2026-05-07,606.0,lv,,Mike Rogers,41.0
us-202mit39173145,senate,MI,0,Mitchell Research & Communications,2026-05-01,2026-05-07,606.0,lv,,Haley Stevens,42.0
us-202mit39173145,senate,MI,0,Mitchell Research & Communications,2026-05-01,2026-05-07,606.0,lv,,Mike Rogers,39.0
us-202gle0133b0b3,senate,MI,0,"Glengariff Group, Inc.",2026-04-28,2026-05-01,600.0,lv,,Abdul El-Sayed,40.0
us-202gle0133b0b3,senate,MI,0,"Glengariff Group, Inc.",2026-04-28,2026-05-01,600.0,lv,,Mike Rogers,45.0
us-202gleeeb6be84,senate,MI,0,"Glengariff Group, Inc.",2026-04-28,2026-05-01,600.0,lv,,Haley Stevens,42.0
us-202gleeeb6be84,senate,MI,0,"Glengariff Group, Inc.",2026-04-28,2026-05-01,600.0,lv,,Mike Rogers,44.0
us-202gle2939b758,senate,MI,0,"Glengariff Group, Inc.",2026-04-28,2026-05-01,600.0,lv,,Mike Rogers,43.0
us-202gle2939b758,senate,MI,0,"Glengariff Group, Inc.",2026-04-28,2026-05-01,600.0,lv,,Mallory McMorrow,41.0
us-202emeb507fcbb,senate,MI,0,Emerson College,2026-01-24,2026-01-25,1000.0,lv,,Mallory McMorrow,45.7
us-202emeb507fcbb,senate,MI,0,Emerson College,2026-01-24,2026-01-25,1000.0,lv,,Mike Rogers,42.6
us-202emee754e4c5,senate,MI,0,Emerson College,2026-01-24,2026-01-25,1000.0,lv,,Haley Stevens,47.3
us-202emee754e4c5,senate,MI,0,Emerson College,2026-01-24,2026-01-25,1000.0,lv,,Mike Rogers,41.6
us-202eme5bdd236b,senate,MI,0,Emerson College,2026-01-24,2026-01-25,1000.0,lv,,Abdul El-Sayed,42.5
us-202eme5bdd236b,senate,MI,0,Emerson College,2026-01-24,2026-01-25,1000.0,lv,,Mike Rogers,42.8
us-202glef7ac134b,senate,MI,0,"Glengariff Group, Inc.",2026-01-02,2026-01-06,600.0,lv,,Mike Rogers,48.0
us-202glef7ac134b,senate,MI,0,"Glengariff Group, Inc.",2026-01-02,2026-01-06,600.0,lv,,Abdul El-Sayed,42.0
us-202glec0316553,senate,MI,0,"Glengariff Group, Inc.",2026-01-02,2026-01-06,600.0,lv,,Mike Rogers,46.0
us-202glec0316553,senate,MI,0,"Glengariff Group, Inc.",2026-01-02,2026-01-06,600.0,lv,,Mallory McMorrow,42.0
us-202gle322439ae,senate,MI,0,"Glengariff Group, Inc.",2026-01-02,2026-01-06,600.0,lv,,Mike Rogers,44.0
us-202gle322439ae,senate,MI,0,"Glengariff Group, Inc.",2026-01-02,2026-01-06,600.0,lv,,Haley Stevens,44.0
us-202mit61ba1fad,senate,MI,0,Mitchell Research & Communications,2025-11-18,2025-11-21,616.0,lv,,Mike Rogers,42.0
us-202mit61ba1fad,senate,MI,0,Mitchell Research & Communications,2025-11-18,2025-11-21,616.0,lv,,Haley Stevens,40.0
us-202mit87b44bfc,senate,MI,0,Mitchell Research & Communications,2025-11-18,2025-11-21,616.0,lv,,Mike Rogers,44.0
us-202mit87b44bfc,senate,MI,0,Mitchell Research & Communications,2025-11-18,2025-11-21,616.0,lv,,Mallory McMorrow,38.0
us-202mit590c99af,senate,MI,0,Mitchell Research & Communications,2025-11-18,2025-11-21,616.0,lv,,Mike Rogers,41.0
us-202mit590c99af,senate,MI,0,Mitchell Research & Communications,2025-11-18,2025-11-21,616.0,lv,,Abdul El-Sayed,38.0
us-202epid9595901,senate,MI,0,EPIC-MRA,2025-11-06,2025-11-11,600.0,lv,,Haley Stevens,44.0
us-202epid9595901,senate,MI,0,EPIC-MRA,2025-11-06,2025-11-11,600.0,lv,,Mike Rogers,42.0
us-202epi46ef28e5,senate,MI,0,EPIC-MRA,2025-11-06,2025-11-11,600.0,lv,,Mike Rogers,42.0
us-202epi46ef28e5,senate,MI,0,EPIC-MRA,2025-11-06,2025-11-11,600.0,lv,,Mallory McMorrow,43.0
us-202ros2c880fd3,senate,MI,0,Rosetta Stone,2025-10-23,2025-10-25,637.0,lv,,Mike Rogers,47.0
us-202ros2c880fd3,senate,MI,0,Rosetta Stone,2025-10-23,2025-10-25,637.0,lv,,Haley Stevens,40.0
us-202ros410812c7,senate,MI,0,Rosetta Stone,2025-10-23,2025-10-25,637.0,lv,,Mike Rogers,45.0
us-202ros410812c7,senate,MI,0,Rosetta Stone,2025-10-23,2025-10-25,637.0,lv,,Abdul El-Sayed,31.0
us-202ros8e5ec4d9,senate,MI,0,Rosetta Stone,2025-10-23,2025-10-25,637.0,lv,,Mike Rogers,46.0
us-202ros8e5ec4d9,senate,MI,0,Rosetta Stone,2025-10-23,2025-10-25,637.0,lv,,Mallory McMorrow,39.0
us-202nor7a88e643,senate,MI,0,"Normington, Petts & Associates",2025-06-12,2025-06-16,700.0,lv,,Mike Rogers,48.0
us-202nor7a88e643,senate,MI,0,"Normington, Petts & Associates",2025-06-12,2025-06-16,700.0,lv,,Mallory McMorrow,44.0
us-202norbd336de9,senate,MI,0,"Normington, Petts & Associates",2025-06-12,2025-06-16,700.0,lv,,Haley Stevens,47.0
us-202norbd336de9,senate,MI,0,"Normington, Petts & Associates",2025-06-12,2025-06-16,700.0,lv,,Mike Rogers,45.0
us-202gleb42f5fae,senate,MI,0,"Glengariff Group, Inc.",2025-05-05,2025-05-08,600.0,rv,,Haley Stevens,45.0
us-202gleb42f5fae,senate,MI,0,"Glengariff Group, Inc.",2025-05-05,2025-05-08,600.0,rv,,Mike Rogers,44.0
us-202glec19f2301,senate,MI,0,"Glengariff Group, Inc.",2025-05-05,2025-05-08,600.0,rv,,Mike Rogers,46.0
us-202glec19f2301,senate,MI,0,"Glengariff Group, Inc.",2025-05-05,2025-05-08,600.0,rv,,Mallory McMorrow,42.0
us-202gledaa7038f,senate,MI,0,"Glengariff Group, Inc.",2025-05-05,2025-05-08,600.0,rv,,Mike Rogers,47.0
us-202gledaa7038f,senate,MI,0,"Glengariff Group, Inc.",2025-05-05,2025-05-08,600.0,rv,,Abdul El-Sayed,41.0
us-202tar417e15f3,senate,MI,0,Target Insyght,2025-03-03,2025-03-06,600.0,rv,,Mike Rogers,41.0
us-202tar417e15f3,senate,MI,0,Target Insyght,2025-03-03,2025-03-06,600.0,rv,,Haley Stevens,35.0
gen202qui189d3bff,generic,US,0,Quinnipiac University,2026-05-14,2026-05-18,1106.0,rv,,Dem,50.0
gen202qui189d3bff,generic,US,0,Quinnipiac University,2026-05-14,2026-05-18,1106.0,rv,,Rep,39.0
gen202datf7176eb4,generic,US,0,Data for Progress,2026-05-15,2026-05-18,1149.0,lv,,Dem,51.0
gen202datf7176eb4,generic,US,0,Data for Progress,2026-05-15,2026-05-18,1149.0,lv,,Rep,43.0
us-202ups0e7ad4b1,house,MT,1,Upswing Research,2026-04-30,2026-05-05,401.0,lv,D,Matt Rains,43.0
us-202ups0e7ad4b1,house,MT,1,Upswing Research,2026-04-30,2026-05-05,401.0,lv,D,Aaron Flint,47.0
us-202ups539345cf,house,MT,1,Upswing Research,2026-04-30,2026-05-05,401.0,lv,D,Sam Forstag,43.0
us-202ups539345cf,house,MT,1,Upswing Research,2026-04-30,2026-05-05,401.0,lv,D,Aaron Flint,48.0
us-202pub59f4c740,house,TX,23,Public Policy Polling,2026-03-10,2026-03-11,521.0,rv,D,Brandon Herrera,42.0
us-202pub59f4c740,house,TX,23,Public Policy Polling,2026-03-10,2026-03-11,521.0,rv,D,Katy Padilla Stout,40.0
us-202impfabbd7e2,house,NY,4,Impact Research,2026-02-09,2026-02-17,500.0,lv,,Rep,41.0
us-202impfabbd7e2,house,NY,4,Impact Research,2026-02-09,2026-02-17,500.0,lv,,Dem,46.0
us-202zen7a736ece,house,NE,1,Zenith Research,2026-05-08,2026-05-11,371.0,lv,,Mike Flood,45.0
us-202zen7a736ece,house,NE,1,Zenith Research,2026-05-08,2026-05-11,371.0,lv,,Chris Backemeyer,38.0
gen202joh690fd4a0,generic,US,0,John Zogby Strategies,2026-05-21,2026-05-22,,lv,,Dem,49.0
gen202joh690fd4a0,generic,US,0,John Zogby Strategies,2026-05-21,2026-05-22,,lv,,Rep,42.0
gen202morf843d467,generic,US,0,Morning Consult,2026-05-15,2026-05-17,2203.0,rv,,Dem,47.0
gen202morf843d467,generic,US,0,Morning Consult,2026-05-15,2026-05-17,2203.0,rv,,Rep,41.0
gen202mor0eb6c381,generic,US,0,Morning Consult,2026-05-11,2026-05-17,28525.0,rv,,Dem,46.0
gen202mor0eb6c381,generic,US,0,Morning Consult,2026-05-11,2026-05-17,28525.0,rv,,Rep,42.0
gen202verfe20faa5,generic,US,0,Verasight/Morris Predictive Insights,2026-05-18,2026-05-20,2000.0,a,,Dem,52.0
gen202verfe20faa5,generic,US,0,Verasight/Morris Predictive Insights,2026-05-18,2026-05-20,2000.0,a,,Rep,41.0
gen202impde2e7fda,generic,US,0,Impact Research/National Research,2026-05-07,2026-05-18,1500.0,rv,,Dem,48.0
gen202impde2e7fda,generic,US,0,Impact Research/National Research,2026-05-07,2026-05-18,1500.0,rv,,Rep,40.0
gen202mclac6f0649,generic,US,0,McLaughlin & Associates,2026-05-12,2026-05-18,1000.0,lv,,Dem,46.0
gen202mclac6f0649,generic,US,0,McLaughlin & Associates,2026-05-12,2026-05-18,1000.0,lv,,Rep,42.0
gen202ras58d26adb,generic,US,0,Rasmussen Reports,2026-05-13,2026-05-20,2161.0,lv,,Dem,47.0
gen202ras58d26adb,generic,US,0,Rasmussen Reports,2026-05-13,2026-05-20,2161.0,lv,,Rep,41.0
gen202vera78dda95,generic,US,0,Verasight,2026-05-18,2026-05-19,1413.0,rv,,Dem,51.0
gen202vera78dda95,generic,US,0,Verasight,2026-05-18,2026-05-19,1413.0,rv,,Rep,43.0
gen202vera1bb9c79,generic,US,0,Verasight,2026-05-18,2026-05-19,1520.0,a,,Dem,51.0
gen202vera1bb9c79,generic,US,0,Verasight,2026-05-18,2026-05-19,1520.0,a,,Rep,41.0
us-202pub121c904c,senate,TX,0,Public Policy Polling,2026-05-22,2026-05-23,643.0,lv,D,James Talarico,45.0
us-202pub121c904c,senate,TX,0,Public Policy Polling,2026-05-22,2026-05-23,643.0,lv,D,Ken Paxton,38.0
us-202pub121c904c,senate,TX,0,Public Policy Polling,2026-05-22,2026-05-23,643.0,lv,D,Ted Brown,3.0
gov202pub1d82cc46,governor,TX,0,Public Policy Polling,2026-05-22,2026-05-23,643.0,lv,D,Gina Hinojosa,44.0
gov202pub1d82cc46,governor,TX,0,Public Policy Polling,2026-05-22,2026-05-23,643.0,lv,D,Greg Abbott,48.0
gen202cyg62d7b594,generic,US,0,Cygnal,2026-05-04,2026-05-07,1500.0,lv,R,Dem,48.0
gen202cyg62d7b594,generic,US,0,Cygnal,2026-05-04,2026-05-07,1500.0,lv,R,Rep,41.0
us-202unia4c1a428,senate,ME,0,University of New Hampshire Survey Center,2026-05-21,2026-05-25,1280.0,lv,,Graham Platner,51.0
us-202unia4c1a428,senate,ME,0,University of New Hampshire Survey Center,2026-05-21,2026-05-25,1280.0,lv,,Susan Collins,42.0
us-202nor9904baf8,house,PA,10,Normington Petts & Associates,2026-04-20,2026-04-23,400.0,rv,D,Janelle Stetson,51.0
us-202nor9904baf8,house,PA,10,Normington Petts & Associates,2026-04-20,2026-04-23,400.0,rv,D,Scott Perry,45.0
us-202tav5bb85ce1,house,NE,1,Tavern Research,2026-05-16,2026-05-19,1079.0,lv,,Mike Flood,45.0
us-202tav5bb85ce1,house,NE,1,Tavern Research,2026-05-16,2026-05-19,1079.0,lv,,Chris Backemeyer,43.0
us-202emec7074b5d,senate,MN,0,Emerson College,2026-02-06,2026-02-08,1000.0,lv,,Angie Craig,46.6
us-202emec7074b5d,senate,MN,0,Emerson College,2026-02-06,2026-02-08,1000.0,lv,,Michele Tafoya,40.2
us-202eme46470152,senate,MN,0,Emerson College,2026-02-06,2026-02-08,1000.0,lv,,Peggy Flanagan,47.1
us-202eme46470152,senate,MN,0,Emerson College,2026-02-06,2026-02-08,1000.0,lv,,Michele Tafoya,40.6
us-202sur62cbc236,senate,MA,0,SurveyUSA,2025-02-28,2025-03-04,775.0,rv,,Ed Markey,45.0
us-202sur62cbc236,senate,MA,0,SurveyUSA,2025-02-28,2025-03-04,775.0,rv,,John Deaton,26.0
us-202suf91850a3d,senate,MA,0,Suffolk University,2025-11-19,2025-11-23,500.0,rv,,Ed Markey,54.0
us-202suf91850a3d,senate,MA,0,Suffolk University,2025-11-19,2025-11-23,500.0,rv,,John Deaton,31.0
us-202sufcfbc9a05,senate,MA,0,Suffolk University,2025-11-19,2025-11-23,500.0,rv,,Seth Moulton,52.0
us-202sufcfbc9a05,senate,MA,0,Suffolk University,2025-11-19,2025-11-23,500.0,rv,,John Deaton,29.0
us-202uni06038789,senate,MA,0,University of New Hampshire,2026-02-12,2026-02-16,616.0,lv,,Ed Markey,56.0
us-202uni06038789,senate,MA,0,University of New Hampshire,2026-02-12,2026-02-16,616.0,lv,,John Deaton,27.0
us-202unif8cfec03,senate,MA,0,University of New Hampshire,2026-02-12,2026-02-16,611.0,lv,,Seth Moulton,59.0
us-202unif8cfec03,senate,MA,0,University of New Hampshire,2026-02-12,2026-02-16,611.0,lv,,John Deaton,23.0
us-202unid95802f4,senate,MA,0,University of New Hampshire,2026-04-16,2026-04-20,600.0,lv,,Seth Moulton,56.0
us-202unid95802f4,senate,MA,0,University of New Hampshire,2026-04-16,2026-04-20,600.0,lv,,John Deaton,25.0
us-202unide9784b7,senate,MA,0,University of New Hampshire,2026-04-16,2026-04-20,603.0,lv,,Ed Markey,55.0
us-202unide9784b7,senate,MA,0,University of New Hampshire,2026-04-16,2026-04-20,603.0,lv,,John Deaton,32.0
us-202grae15a8aed,senate,AR,0,GrayHouse,2026-02-07,2026-02-09,550.0,lv,R,Tom Cotton,58.0
us-202grae15a8aed,senate,AR,0,GrayHouse,2026-02-07,2026-02-09,550.0,lv,R,Hallie Shoffner,36.0
gov202tar4629c6a8,governor,TN,0,Targoz Market Research,2026-04-20,2026-04-27,1157.0,rv,,Marsha Blackburn,51.0
gov202tar4629c6a8,governor,TN,0,Targoz Market Research,2026-04-20,2026-04-27,1157.0,rv,,Jerri Green,27.0
gov202sief53f0c6e,governor,NY,0,Siena University,2026-04-27,2026-04-30,806.0,rv,,Kathy Hochul,49.0
gov202sief53f0c6e,governor,NY,0,Siena University,2026-04-27,2026-04-30,806.0,rv,,Bruce Blakeman,33.0
gov202unida29a6f2,governor,NH,0,University of New Hampshire,2026-04-17,2026-04-21,1117.0,lv,,Kelly Ayotte,47.0
gov202unida29a6f2,governor,NH,0,University of New Hampshire,2026-04-17,2026-04-21,1117.0,lv,,Cinde Warmington,39.0
gov202nobc86b9c74,governor,AZ,0,Noble Predictive Insights,2026-05-05,2026-05-07,996.0,rv,,Katie Hobbs,41.0
gov202nobc86b9c74,governor,AZ,0,Noble Predictive Insights,2026-05-05,2026-05-07,996.0,rv,,Andy Biggs,37.0
gen202youa845f411,generic,US,0,YouGov,2026-05-22,2026-05-26,1393.0,rv,,Dem,46.0
gen202youa845f411,generic,US,0,YouGov,2026-05-22,2026-05-26,1393.0,rv,,Rep,41.0
gen202youa317f770,generic,US,0,YouGov,2026-05-22,2026-05-26,1514.0,a,,Dem,39.0
gen202youa317f770,generic,US,0,YouGov,2026-05-22,2026-05-26,1514.0,a,,Rep,33.0
gen202emefa66ea0d,generic,US,0,Emerson College,2026-05-24,2026-05-25,1000.0,lv,,Dem,49.8
gen202emefa66ea0d,generic,US,0,Emerson College,2026-05-24,2026-05-25,1000.0,lv,,Rep,41.3
gen202bigb5540448,generic,US,0,Big Data Poll,2026-05-24,2026-05-27,2874.0,lv,,Dem,50.3
gen202bigb5540448,generic,US,0,Big Data Poll,2026-05-24,2026-05-27,2874.0,lv,,Rep,39.4
gen202big0f51178f,generic,US,0,Big Data Poll,2026-05-24,2026-05-27,3176.0,rv,,Dem,48.3
gen202big0f51178f,generic,US,0,Big Data Poll,2026-05-24,2026-05-27,3176.0,rv,,Rep,38.0
us-202sli9f75fb57,senate,TX,0,Slingshot Strategies,2026-05-27,2026-05-28,1670.0,lv,D,James Talarico,48.0
us-202sli9f75fb57,senate,TX,0,Slingshot Strategies,2026-05-27,2026-05-28,1670.0,lv,D,Ken Paxton,45.0
gov202sli340a2b54,governor,TX,0,Slingshot Strategies,2026-05-27,2026-05-28,1670.0,lv,,Gina Hinojosa,41.0
gov202sli340a2b54,governor,TX,0,Slingshot Strategies,2026-05-27,2026-05-28,1670.0,lv,,Greg Abbott,46.0
gen202mor1bc36679,generic,US,0,Morning Consult,2026-05-18,2026-05-24,24849.0,rv,,Dem,46.0
gen202mor1bc36679,generic,US,0,Morning Consult,2026-05-18,2026-05-24,24849.0,rv,,Rep,42.0
us-202bea6ef5bd7d,senate,OH,0,Beacon Research/Shaw & Co. Research,2026-05-28,2026-06-01,1015.0,rv,,Sherrod Brown,53.0
us-202bea6ef5bd7d,senate,OH,0,Beacon Research/Shaw & Co. Research,2026-05-28,2026-06-01,1015.0,rv,,Jon Husted,45.0
gen202morc2d053f1,generic,US,0,Morning Consult,2026-05-18,2026-05-24,29255.0,rv,,Dem,46.0
gen202morc2d053f1,generic,US,0,Morning Consult,2026-05-18,2026-05-24,29255.0,rv,,Rep,42.0
us-202tip59dfdfa0,senate,MI,0,TIPP Insights,2026-05-20,2026-05-23,1163.0,lv,R,Abdul El-Sayed,43.0
us-202tip59dfdfa0,senate,MI,0,TIPP Insights,2026-05-20,2026-05-23,1163.0,lv,R,Mike Rogers,42.0
us-202tip6d4d41d9,senate,MI,0,TIPP Insights,2026-05-20,2026-05-23,1456.0,rv,R,Abdul El-Sayed,40.0
us-202tip6d4d41d9,senate,MI,0,TIPP Insights,2026-05-20,2026-05-23,1456.0,rv,R,Mike Rogers,40.0
us-202tip99de5023,senate,MI,0,TIPP Insights,2026-05-20,2026-05-23,1163.0,lv,R,Haley Stevens,48.0
us-202tip99de5023,senate,MI,0,TIPP Insights,2026-05-20,2026-05-23,1163.0,lv,R,Mike Rogers,41.0
us-202tip199bb9db,senate,MI,0,TIPP Insights,2026-05-20,2026-05-23,1456.0,rv,R,Haley Stevens,45.0
us-202tip199bb9db,senate,MI,0,TIPP Insights,2026-05-20,2026-05-23,1456.0,rv,R,Mike Rogers,38.0
us-202tip3da9b019,senate,MI,0,TIPP Insights,2026-05-20,2026-05-23,1163.0,lv,R,Mallory McMorrow,45.0
us-202tip3da9b019,senate,MI,0,TIPP Insights,2026-05-20,2026-05-23,1163.0,lv,R,Mike Rogers,42.0
us-202tip7ac4a21f,senate,MI,0,TIPP Insights,2026-05-20,2026-05-23,1456.0,rv,R,Mallory McMorrow,42.0
us-202tip7ac4a21f,senate,MI,0,TIPP Insights,2026-05-20,2026-05-23,1456.0,rv,R,Mike Rogers,39.0
gov202bra07c28e43,governor,PA,0,Bravo Group,2026-05-20,2026-05-24,684.0,lv,,Josh Shapiro,53.0
gov202bra07c28e43,governor,PA,0,Bravo Group,2026-05-20,2026-05-24,684.0,lv,,Stacy Garrity,29.0
gov202tipfd37dfae,governor,MI,0,TIPP Insights,2026-05-20,2026-05-23,1163.0,lv,,Jocelyn Benson,49.0
gov202tipfd37dfae,governor,MI,0,TIPP Insights,2026-05-20,2026-05-23,1163.0,lv,,John James,38.0
gov202tip301d0975,governor,MI,0,TIPP Insights,2026-05-20,2026-05-23,1456.0,rv,R,Jocelyn Benson,46.0
gov202tip301d0975,governor,MI,0,TIPP Insights,2026-05-20,2026-05-23,1456.0,rv,R,John James,35.0
gen202mar7ecb1694,generic,US,0,Marquette University Law School,2026-05-20,2026-05-26,576.0,lv,,Dem,49.0
gen202mar7ecb1694,generic,US,0,Marquette University Law School,2026-05-20,2026-05-26,576.0,lv,,Rep,48.0
gen202mar6d2d2b89,generic,US,0,Marquette University Law School,2026-05-20,2026-05-26,857.0,rv,,Dem,46.0
gen202mar6d2d2b89,generic,US,0,Marquette University Law School,2026-05-20,2026-05-26,857.0,rv,,Rep,45.0
gen202mar66597189,generic,US,0,Marquette University Law School,2026-05-20,2026-05-26,1001.0,a,,Dem,45.0
gen202mar66597189,generic,US,0,Marquette University Law School,2026-05-20,2026-05-26,1001.0,a,,Rep,41.0
gen202har52d21b8c,generic,US,0,HarrisX/Harris,2026-05-29,2026-05-31,1725.0,rv,,Dem,51.0
gen202har52d21b8c,generic,US,0,HarrisX/Harris,2026-05-29,2026-05-31,1725.0,rv,,Rep,49.0
gen202you7b6454f4,generic,US,0,YouGov,2026-05-29,2026-06-01,1452.0,rv,,Dem,46.0
gen202you7b6454f4,generic,US,0,YouGov,2026-05-29,2026-06-01,1452.0,rv,,Rep,42.0
gen202youdb34af58,generic,US,0,YouGov,2026-05-29,2026-06-01,1603.0,a,,Dem,41.0
gen202youdb34af58,generic,US,0,YouGov,2026-05-29,2026-06-01,1603.0,a,,Rep,35.0
gov202bea4b73a536,governor,OH,0,Beacon Research/Shaw & Co. Research,2026-05-28,2026-06-01,1015.0,rv,,Amy Acton,50.0
gov202bea4b73a536,governor,OH,0,Beacon Research/Shaw & Co. Research,2026-05-28,2026-06-01,1015.0,rv,,Vivek Ramaswamy,49.0
gen202thea1a0afb2,generic,US,0,The Bullfinch Group,2026-05-29,2026-06-02,1000.0,rv,,Dem,42.0
gen202thea1a0afb2,generic,US,0,The Bullfinch Group,2026-05-29,2026-06-02,1000.0,rv,,Rep,36.0
us-202qua6b878295,senate,TX,0,Quantus Insights,2026-06-03,2026-06-04,800.0,lv,,James Talarico,43.0
us-202qua6b878295,senate,TX,0,Quantus Insights,2026-06-03,2026-06-04,800.0,lv,,Ken Paxton,45.0
us-202rec22b1c62b,senate,TX,0,ReconMR/Siena University,2026-06-01,2026-06-04,807.0,lv,,James Talarico,47.0
us-202rec22b1c62b,senate,TX,0,ReconMR/Siena University,2026-06-01,2026-06-04,807.0,lv,,Ken Paxton,44.0
us-202thec9ff409a,senate,ME,0,The Public Sentiment Institute,2026-06-08,2026-06-08,497.0,lv,,Graham Platner,43.0
us-202thec9ff409a,senate,ME,0,The Public Sentiment Institute,2026-06-08,2026-06-08,497.0,lv,,Susan Collins,44.0
gen202you7e155176,generic,US,0,YouGov,2026-06-05,2026-06-08,1437.0,rv,,Dem,45.0
gen202you7e155176,generic,US,0,YouGov,2026-06-05,2026-06-08,1437.0,rv,,Rep,41.0
gen202you2ea3a450,generic,US,0,YouGov,2026-06-05,2026-06-08,1567.0,a,,Dem,37.0
gen202you2ea3a450,generic,US,0,YouGov,2026-06-05,2026-06-08,1567.0,a,,Rep,33.0
gen202ips094ac646,generic,US,0,Ipsos,2026-06-03,2026-06-08,3578.0,rv,,Dem,41.0
gen202ips094ac646,generic,US,0,Ipsos,2026-06-03,2026-06-08,3578.0,rv,,Rep,37.0
gen202ipsc03e0960,generic,US,0,Ipsos,2026-06-03,2026-06-08,4531.0,a,,Dem,35.0
gen202ipsc03e0960,generic,US,0,Ipsos,2026-06-03,2026-06-08,4531.0,a,,Rep,31.0
us-202tav61219990,senate,ME,0,Tavern Research,2026-06-05,2026-06-08,1642.0,lv,,Graham Platner,51.0
us-202tav61219990,senate,ME,0,Tavern Research,2026-06-05,2026-06-08,1642.0,lv,,Susan Collins,49.0
us-202pub957d3bcc,senate,IA,0,Public Policy Polling,2026-06-03,2026-06-04,557.0,rv,D,Josh Turek,46.0
us-202pub957d3bcc,senate,IA,0,Public Policy Polling,2026-06-03,2026-06-04,557.0,rv,D,Ashley Hinson,46.0
gen202focde986d92,generic,US,0,Focaldata,2026-05-29,2026-06-01,1537.0,rv,,Dem,48.0
gen202focde986d92,generic,US,0,Focaldata,2026-05-29,2026-06-01,1537.0,rv,,Rep,43.0
gen202foc42312cd7,generic,US,0,Focaldata,2026-05-29,2026-06-01,1719.0,a,,Dem,45.0
gen202foc42312cd7,generic,US,0,Focaldata,2026-05-29,2026-06-01,1719.0,a,,Rep,42.0
gen202morf4eb5111,generic,US,0,Morning Consult,2026-05-25,2026-05-31,,rv,,Dem,45.0
gen202morf4eb5111,generic,US,0,Morning Consult,2026-05-25,2026-05-31,,rv,,Rep,42.0
gen202mor2b525ceb,generic,US,0,Morning Consult,2026-06-01,2026-06-07,24849.0,rv,,Dem,46.0
gen202mor2b525ceb,generic,US,0,Morning Consult,2026-06-01,2026-06-07,24849.0,rv,,Rep,42.0
gen202the4b712378,generic,US,0,The Argument/Verasight,2026-05-29,2026-06-03,3008.0,rv,,Dem,53.0
gen202the4b712378,generic,US,0,The Argument/Verasight,2026-05-29,2026-06-03,3008.0,rv,,Rep,47.0
gen202cygbfde610f,generic,US,0,Cygnal,2026-06-02,2026-06-03,1500.0,lv,,Dem,49.0
gen202cygbfde610f,generic,US,0,Cygnal,2026-06-02,2026-06-03,1500.0,lv,,Rep,44.0
gen202eme29000092,generic,US,0,Emerson College,2026-06-07,2026-06-08,1200.0,lv,,Dem,50.3
gen202eme29000092,generic,US,0,Emerson College,2026-06-07,2026-06-08,1200.0,lv,,Rep,39.5
us-202rag5df93f4a,house,AZ,6,Ragnar Research Partners,2026-03-12,2026-03-14,400.0,lv,R,JoAnna Mendoza,47.0
us-202rag5df93f4a,house,AZ,6,Ragnar Research Partners,2026-03-12,2026-03-14,400.0,lv,R,Juan Ciscomani,44.0
us-202mdwdd432a7f,house,FL,28,MDW Communications,2026-03-03,2026-03-07,514.0,lv,,Carlos Giménez,46.0
us-202mdwdd432a7f,house,FL,28,MDW Communications,2026-03-03,2026-03-07,514.0,lv,,Hector Mujica,40.0
us-202z ta9b4f919,house,NJ,7,Z to A Research,2026-05-24,2026-05-26,430.0,lv,D,Rebecca Bennett,47.0
us-202z ta9b4f919,house,NJ,7,Z to A Research,2026-05-24,2026-05-26,430.0,lv,D,Tom Kean Jr.,43.0
gen202har3111816f,generic,US,0,HarrisX,2026-05-20,2026-06-07,1137.0,lv,,Dem,46.0
gen202har3111816f,generic,US,0,HarrisX,2026-05-20,2026-06-07,1137.0,lv,,Rep,45.0
gen202nob5477cc24,generic,US,0,Noble Predictive Insights,2026-06-01,2026-06-04,2585.0,rv,,Dem,47.0
gen202nob5477cc24,generic,US,0,Noble Predictive Insights,2026-06-01,2026-06-04,2585.0,rv,,Rep,41.0
gen202har8f24bc9e,generic,US,0,HarrisX,2026-05-20,2026-06-07,1392.0,rv,,Dem,44.0
gen202har8f24bc9e,generic,US,0,HarrisX,2026-05-20,2026-06-07,1392.0,rv,,Rep,43.0
gen202harde8dec3f,generic,US,0,HarrisX,2026-05-20,2026-06-07,2010.0,a,,Dem,43.0
gen202harde8dec3f,generic,US,0,HarrisX,2026-05-20,2026-06-07,2010.0,a,,Rep,42.0
us-202eme529afc79,senate,GA,0,Emerson College,2026-02-28,2026-03-02,1000.0,lv,,Jon Ossoff,48.9
us-202eme529afc79,senate,GA,0,Emerson College,2026-02-28,2026-03-02,1000.0,lv,,Derek Dooley,41.4
us-202quafd79c6ef,senate,GA,0,Quantus Insights,2025-09-09,2025-09-12,624.0,rv,,Jon Ossoff,42.1
us-202quafd79c6ef,senate,GA,0,Quantus Insights,2025-09-09,2025-09-12,624.0,rv,,Derek Dooley,35.4
us-202tip53f19ba5,senate,GA,0,TIPP Insights,2025-07-28,2025-08-01,2395.0,lv,R,Jon Ossoff,45.0
us-202tip53f19ba5,senate,GA,0,TIPP Insights,2025-07-28,2025-08-01,2395.0,lv,R,Derek Dooley,42.0
us-202pubd69c1e7f,senate,MN,0,Public Policy Polling,2025-09-15,2025-09-16,1015.0,lv,D,Angie Craig,47.0
us-202pubd69c1e7f,senate,MN,0,Public Policy Polling,2025-09-15,2025-09-16,1015.0,lv,D,Rep,43.0
us-202pubde180c20,senate,MN,0,Public Policy Polling,2025-09-15,2025-09-16,1015.0,lv,D,Peggy Flanagan,46.0
us-202pubde180c20,senate,MN,0,Public Policy Polling,2025-09-15,2025-09-16,1015.0,lv,D,Rep,44.0
us-202tul3efe64f6,senate,MI,0,Tulchin Research,2026-06-02,2026-06-04,500.0,lv,D,Abdul El-Sayed,46.0
us-202tul3efe64f6,senate,MI,0,Tulchin Research,2026-06-02,2026-06-04,500.0,lv,D,Mike Rogers,41.0
us-202fab5fd4622f,senate,ME,0,"Fabrizio, Lee & Associates",2026-06-01,2026-06-03,800.0,lv,R,Susan Collins,46.0
us-202fab5fd4622f,senate,ME,0,"Fabrizio, Lee & Associates",2026-06-01,2026-06-03,800.0,lv,R,Graham Platner,46.0
us-202uni64743a1f,senate,NH,0,University of New Hampshire,2026-04-17,2026-04-21,1295.0,lv,,Chris Pappas,49.0
us-202uni64743a1f,senate,NH,0,University of New Hampshire,2026-04-17,2026-04-21,1295.0,lv,,John Sununu,42.0
gen202cla167fdc50,generic,US,0,Clarity Campaign Labs,2026-05-28,2026-06-05,1045.0,lv,,Dem,48.0
gen202cla167fdc50,generic,US,0,Clarity Campaign Labs,2026-05-28,2026-06-05,1045.0,lv,,Rep,45.0
us-202ragce672c6a,house,AZ,6,Ragnar Research Partners,2026-03-12,2026-03-14,400.0,lv,R,Rep,42.0
us-202ragce672c6a,house,AZ,6,Ragnar Research Partners,2026-03-12,2026-03-14,400.0,lv,R,Dem,43.0
us-202mdw7112002f,house,FL,28,MDW Communications,2026-03-03,2026-03-07,514.0,lv,,Rep,45.0
us-202mdw7112002f,house,FL,28,MDW Communications,2026-03-03,2026-03-07,514.0,lv,,Dem,41.0
us-202rag31cefeac,house,MI,4,Ragnar Research Partners,2026-03-12,2026-03-14,400.0,lv,R,Rep,43.0
us-202rag31cefeac,house,MI,4,Ragnar Research Partners,2026-03-12,2026-03-14,400.0,lv,R,Dem,42.0
us-202imp36a5f870,house,NY,17,Impact Research,2026-02-09,2026-02-17,500.0,lv,D,Rep,39.0
us-202imp36a5f870,house,NY,17,Impact Research,2026-02-09,2026-02-17,500.0,lv,D,Dem,44.0
us-202imp51a744df,house,NY,18,Impact Research,2026-02-09,2026-02-17,500.0,lv,D,Rep,35.0
us-202imp51a744df,house,NY,18,Impact Research,2026-02-09,2026-02-17,500.0,lv,D,Dem,42.0
us-202pub97e481be,house,TX,23,Public Policy Polling,2026-03-10,2026-03-11,521.0,rv,D,Rep,47.0
us-202pub97e481be,house,TX,23,Public Policy Polling,2026-03-10,2026-03-11,521.0,rv,D,Dem,45.0
us-202pub781e29d3,house,VA,1,Public Policy Polling,2025-08-08,2025-08-09,541.0,rv,D,Rep,47.0
us-202pub781e29d3,house,VA,1,Public Policy Polling,2025-08-08,2025-08-09,541.0,rv,D,Dem,47.0
us-202rage144569e,house,VA,1,Ragnar Research Partners,2026-03-10,2026-03-12,400.0,lv,R,Rep,42.0
us-202rage144569e,house,VA,1,Ragnar Research Partners,2026-03-10,2026-03-12,400.0,lv,R,Dem,44.0
gen202har3b4dc744,generic,US,0,Hart Research Associates/Public Opinion Strategies,2026-05-29,2026-06-07,2400.0,rv,,Dem,49.0
gen202har3b4dc744,generic,US,0,Hart Research Associates/Public Opinion Strategies,2026-05-29,2026-06-07,2400.0,rv,,Rep,44.0
gen202tip4415de70,generic,US,0,TIPP Insights,2026-05-26,2026-05-28,1332.0,rv,,Dem,46.0
gen202tip4415de70,generic,US,0,TIPP Insights,2026-05-26,2026-05-28,1332.0,rv,,Rep,41.0
gen202the289bae57,generic,US,0,The Public Sentiment Institute,2026-06-12,2026-06-13,1023.0,lv,,Dem,50.0
gen202the289bae57,generic,US,0,The Public Sentiment Institute,2026-06-12,2026-06-13,1023.0,lv,,Rep,41.0
gen202thecaa1c332,generic,US,0,The Public Sentiment Institute,2026-06-12,2026-06-13,1042.0,rv,,Dem,43.0
gen202thecaa1c332,generic,US,0,The Public Sentiment Institute,2026-06-12,2026-06-13,1042.0,rv,,Rep,34.0
us-202harca09238f,senate,NC,0,Harper Polling,2026-03-22,2026-03-23,600.0,lv,,Roy Cooper,48.9
us-202harca09238f,senate,NC,0,Harper Polling,2026-03-22,2026-03-23,600.0,lv,,Michael Whatley,41.1
us-202ala3352af00,senate,AK,0,Alaska Survey Research,2026-06-04,2026-06-07,1393.0,lv,,Mary Peltola,49.4
us-202ala3352af00,senate,AK,0,Alaska Survey Research,2026-06-04,2026-06-07,1393.0,lv,,Dan Sullivan,44.2
us-202ala3352af00,senate,AK,0,Alaska Survey Research,2026-06-04,2026-06-07,1393.0,lv,,Gerald Heikes,3.7
us-202ala3352af00,senate,AK,0,Alaska Survey Research,2026-06-04,2026-06-07,1393.0,lv,,Dustin Darden,2.7
us-202datff65423b,senate,AK,0,Data for Progress,2025-10-17,2025-10-23,823.0,lv,D,Mary Peltola,46.0
us-202datff65423b,senate,AK,0,Data for Progress,2025-10-17,2025-10-23,823.0,lv,D,Dan Sullivan,45.0
us-202alafbc93030,senate,AK,0,Alaska Survey Research,2025-10-10,2025-10-15,1708.0,lv,,Mary Peltola,48.0
us-202alafbc93030,senate,AK,0,Alaska Survey Research,2025-10-10,2025-10-15,1708.0,lv,,Dan Sullvian,46.0
us-202alab987738a,senate,AK,0,Alaska Survey Research,2026-05-14,2026-05-17,1401.0,lv,,Mary Peltola,48.4
us-202alab987738a,senate,AK,0,Alaska Survey Research,2026-05-14,2026-05-17,1401.0,lv,,Dan Sullivan,43.8
us-202alab987738a,senate,AK,0,Alaska Survey Research,2026-05-14,2026-05-17,1401.0,lv,,Dustin Darden,5.1
us-202alab987738a,senate,AK,0,Alaska Survey Research,2026-05-14,2026-05-17,1401.0,lv,,Gerald Heikes,2.7
us-202alaaac6776a,senate,AK,0,Alaska Survey Research,2025-07-29,2025-08-01,1613.0,lv,,Dan Sullivan,46.7
us-202alaaac6776a,senate,AK,0,Alaska Survey Research,2025-07-29,2025-08-01,1613.0,lv,,Mary Peltola,42.5
us-202datde291215,senate,AK,0,Data for Progress,2025-07-21,2025-07-27,678.0,lv,,Mary Peltola,45.0
us-202datde291215,senate,AK,0,Data for Progress,2025-07-21,2025-07-27,678.0,lv,,Dan Sullivan,46.0
us-202qua64c2cf49,senate,ME,0,Quantus Insights,2026-06-09,2026-06-11,870.0,lv,,Graham Platner,46.0
us-202qua64c2cf49,senate,ME,0,Quantus Insights,2026-06-09,2026-06-11,870.0,lv,,Susan Collins,45.0
gov202mas4d51a046,governor,MN,0,"Mason-Dixon Polling & Research, Inc.",2026-06-08,2026-06-10,800.0,lv,,Amy Klobuchar,48.0
gov202mas4d51a046,governor,MN,0,"Mason-Dixon Polling & Research, Inc.",2026-06-08,2026-06-10,800.0,lv,,Lisa Demuth,40.0
gov202mase670f71b,governor,MN,0,"Mason-Dixon Polling & Research, Inc.",2026-06-08,2026-06-10,800.0,lv,,Amy Klobuchar,53.0
gov202mase670f71b,governor,MN,0,"Mason-Dixon Polling & Research, Inc.",2026-06-08,2026-06-10,800.0,lv,,Mike Lindell,36.0
gov202masc517bd85,governor,MN,0,"Mason-Dixon Polling & Research, Inc.",2026-06-08,2026-06-10,800.0,lv,,Amy Klobuchar,48.0
gov202masc517bd85,governor,MN,0,"Mason-Dixon Polling & Research, Inc.",2026-06-08,2026-06-10,800.0,lv,,Kendall Qualls,37.0
gen202chaa87e051f,generic,US,0,Change Research,2026-05-05,2026-05-10,2244.0,rv,,Dem,45.0
gen202chaa87e051f,generic,US,0,Change Research,2026-05-05,2026-05-10,2244.0,rv,,Rep,42.0
gen202res9438765a,generic,US,0,Research Co.,2026-06-04,2026-06-06,1001.0,a,,Dem,38.0
gen202res9438765a,generic,US,0,Research Co.,2026-06-04,2026-06-06,1001.0,a,,Rep,33.0
gen202ips6e1b4a09,generic,US,0,Ipsos,2026-06-12,2026-06-15,1195.0,rv,,Dem,41.0
gen202ips6e1b4a09,generic,US,0,Ipsos,2026-06-12,2026-06-15,1195.0,rv,,Rep,38.0
gen202ipsc3892df0,generic,US,0,Ipsos,2026-06-12,2026-06-15,1537.0,a,,Dem,35.0
gen202ipsc3892df0,generic,US,0,Ipsos,2026-06-12,2026-06-15,1537.0,a,,Rep,31.0
gen202youda6c5c1c,generic,US,0,YouGov,2026-06-13,2026-06-15,1402.0,rv,,Dem,46.0
gen202youda6c5c1c,generic,US,0,YouGov,2026-06-13,2026-06-15,1402.0,rv,,Rep,44.0
gen202you92365a96,generic,US,0,YouGov,2026-06-13,2026-06-15,1547.0,a,,Dem,39.0
gen202you92365a96,generic,US,0,YouGov,2026-06-13,2026-06-15,1547.0,a,,Rep,36.0
gov202cona0cf1d89,governor,GA,0,Concord Public Opinion Partners,2026-05-30,2026-06-02,510.0,lv,D,Keisha Lance Bottoms,53.0
gov202cona0cf1d89,governor,GA,0,Concord Public Opinion Partners,2026-05-30,2026-06-02,510.0,lv,D,Rick Jackson,38.0
gov202con870ff02c,governor,GA,0,Concord Public Opinion Partners,2026-05-30,2026-06-02,510.0,lv,D,Keisha Lance Bottoms,52.0
gov202con870ff02c,governor,GA,0,Concord Public Opinion Partners,2026-05-30,2026-06-02,510.0,lv,D,Burt Jones,42.0
us-202wic615cfb4b,senate,ME,0,Wick,2026-06-11,2026-06-14,1008.0,lv,,Graham Platner,47.6
us-202wic615cfb4b,senate,ME,0,Wick,2026-06-11,2026-06-14,1008.0,lv,,Susan Collins,45.4
gov202suf0b6b6809,governor,MA,0,Suffolk University,2026-06-08,2026-06-12,500.0,rv,,Maura Healey,56.0
gov202suf0b6b6809,governor,MA,0,Suffolk University,2026-06-08,2026-06-12,500.0,rv,,Mike Minogue,31.0
gov202suf68abc8df,governor,MA,0,Suffolk University,2026-06-08,2026-06-12,500.0,rv,,Maura Healey,56.0
gov202suf68abc8df,governor,MA,0,Suffolk University,2026-06-08,2026-06-12,500.0,rv,,Brian Shortsleeve,29.0
us-202suf43021e00,senate,MA,0,Suffolk University,2026-06-08,2026-06-12,500.0,rv,,Ed Markey,55.0
us-202suf43021e00,senate,MA,0,Suffolk University,2026-06-08,2026-06-12,500.0,rv,,John Deaton,30.0
us-202suf791a9846,senate,MA,0,Suffolk University,2026-06-08,2026-06-12,500.0,rv,,Seth Moulton,54.0
us-202suf791a9846,senate,MA,0,Suffolk University,2026-06-08,2026-06-12,500.0,rv,,John Deaton,26.0
gov202cha3feaa4b2,governor,FL,0,Change Research,2026-05-13,2026-05-16,1593.0,lv,,David Jolly,46.0
gov202cha3feaa4b2,governor,FL,0,Change Research,2026-05-13,2026-05-16,1593.0,lv,,Byron Donalds,42.0
us-202cha0c7666ff,senate,FL,0,Change Research,2026-05-13,2026-05-16,1593.0,lv,,Alexander Vindman,47.0
us-202cha0c7666ff,senate,FL,0,Change Research,2026-05-13,2026-05-16,1593.0,lv,,Ashley Moody,45.0
us-202cha4c08cfde,senate,FL,0,Change Research,2026-06-11,2026-06-14,1273.0,rv,D,Alexander Vindman,43.0
us-202cha4c08cfde,senate,FL,0,Change Research,2026-06-11,2026-06-14,1273.0,rv,D,Ashley Moody,46.0
us-202cha6cfd344c,senate,FL,0,Change Research,2026-06-11,2026-06-14,1015.0,lv,D,Alexander Vindman,46.0
us-202cha6cfd344c,senate,FL,0,Change Research,2026-06-11,2026-06-14,1015.0,lv,D,Ashley Moody,46.0
gen202ech6ea2c23e,generic,US,0,Echelon Insights,2026-06-11,2026-06-14,1012.0,lv,,Dem,50.0
gen202ech6ea2c23e,generic,US,0,Echelon Insights,2026-06-11,2026-06-14,1012.0,lv,,Rep,44.0
gen202mcl812e2f8e,generic,US,0,McLaughlin & Associates,2026-05-14,2026-05-18,2000.0,rv,R,Dem,39.0
gen202mcl812e2f8e,generic,US,0,McLaughlin & Associates,2026-05-14,2026-05-18,2000.0,rv,R,Rep,36.0
gov202fra194b6a64,governor,PA,0,Franklin & Marshall College Center for Opinion Research,2026-06-08,2026-06-14,546.0,rv,,Josh Shapiro,50.0
gov202fra194b6a64,governor,PA,0,Franklin & Marshall College Center for Opinion Research,2026-06-08,2026-06-14,546.0,rv,,Stacy Garrity,28.0
us-202zen354a92cf,senate,MI,0,Zenith Research,2026-06-11,2026-06-14,602.0,lv,D,Abdul El-Sayed,45.0
us-202zen354a92cf,senate,MI,0,Zenith Research,2026-06-11,2026-06-14,602.0,lv,D,Mike Rogers,42.0
us-202zenec41aa86,senate,MI,0,Zenith Research,2026-06-11,2026-06-14,602.0,lv,D,Mallory McMorrow,44.0
us-202zenec41aa86,senate,MI,0,Zenith Research,2026-06-11,2026-06-14,602.0,lv,D,Mike Rogers,42.0
us-202zena20bfa8f,senate,MI,0,Zenith Research,2026-06-11,2026-06-14,602.0,lv,D,Haley Stevens,43.0
us-202zena20bfa8f,senate,MI,0,Zenith Research,2026-06-11,2026-06-14,602.0,lv,D,Mike Rogers,42.0
us-202pubfd67a5f3,senate,MT,0,Public Opinion Strategies,2026-06-08,2026-06-11,500.0,lv,R,Alani Bankhead,25.0
us-202pubfd67a5f3,senate,MT,0,Public Opinion Strategies,2026-06-08,2026-06-11,500.0,lv,R,Kurt Alme,44.0
us-202pubfd67a5f3,senate,MT,0,Public Opinion Strategies,2026-06-08,2026-06-11,500.0,lv,R,Seth Bodnar,20.0
us-202pubfd67a5f3,senate,MT,0,Public Opinion Strategies,2026-06-08,2026-06-11,500.0,lv,R,Kyle Austin,4.0
gov202kree5c2edd2,governor,CA,0,Kreate Strategies,2026-06-13,2026-06-17,900.0,lv,,Xavier Becerra,58.0
gov202kree5c2edd2,governor,CA,0,Kreate Strategies,2026-06-13,2026-06-17,900.0,lv,,Steve Hilton,33.0
us-202the5a104154,senate,VA,0,The Public Sentiment Institute,2026-06-12,2026-06-16,996.0,rv,,Mark Warner,48.0
us-202the5a104154,senate,VA,0,The Public Sentiment Institute,2026-06-12,2026-06-16,996.0,rv,,Bert Mizusawa,32.0
us-202the5a104154,senate,VA,0,The Public Sentiment Institute,2026-06-12,2026-06-16,996.0,rv,,Mark Moran,4.0
us-202the65a34aca,senate,VA,0,The Public Sentiment Institute,2026-06-12,2026-06-16,996.0,rv,,Mark Warner,48.0
us-202the65a34aca,senate,VA,0,The Public Sentiment Institute,2026-06-12,2026-06-16,996.0,rv,,Kim Farington,31.0
us-202the65a34aca,senate,VA,0,The Public Sentiment Institute,2026-06-12,2026-06-16,996.0,rv,,Mark Moran,4.0
us-202the592aeef5,senate,VA,0,The Public Sentiment Institute,2026-06-12,2026-06-16,,lv,,Mark Warner,50.0
us-202the592aeef5,senate,VA,0,The Public Sentiment Institute,2026-06-12,2026-06-16,,lv,,Bert Mizusawa,33.0
us-202the592aeef5,senate,VA,0,The Public Sentiment Institute,2026-06-12,2026-06-16,,lv,,Mark Moran,3.0
us-202thecc936039,senate,VA,0,The Public Sentiment Institute,2026-06-12,2026-06-16,,lv,,Mark Warner,51.0
us-202thecc936039,senate,VA,0,The Public Sentiment Institute,2026-06-12,2026-06-16,,lv,,Kim Farington,33.0
us-202thecc936039,senate,VA,0,The Public Sentiment Institute,2026-06-12,2026-06-16,,lv,,Mark Moran,3.0
us-202the23cfbe50,senate,VA,0,The Public Sentiment Institute,2026-06-12,2026-06-16,,lv,,Mark Warner,51.0
us-202the23cfbe50,senate,VA,0,The Public Sentiment Institute,2026-06-12,2026-06-16,,lv,,David Williams,33.0
us-202the23cfbe50,senate,VA,0,The Public Sentiment Institute,2026-06-12,2026-06-16,,lv,,Mark Moran,3.0
us-202the5f79b2da,senate,VA,0,The Public Sentiment Institute,2026-06-12,2026-06-16,996.0,rv,,Mark Warner,48.0
us-202the5f79b2da,senate,VA,0,The Public Sentiment Institute,2026-06-12,2026-06-16,996.0,rv,,David Williams,32.0
us-202the5f79b2da,senate,VA,0,The Public Sentiment Institute,2026-06-12,2026-06-16,996.0,rv,,Mark Moran,4.0
gen202qua445d984b,generic,US,0,Quantus Insights,2026-06-16,2026-06-17,1000.0,lv,,Dem,47.0
gen202qua445d984b,generic,US,0,Quantus Insights,2026-06-16,2026-06-17,1000.0,lv,,Rep,43.0
gen202thed828b959,generic,US,0,The Rainey Center,2026-05-17,2026-05-18,1010.0,rv,,Dem,45.0
gen202thed828b959,generic,US,0,The Rainey Center,2026-05-17,2026-05-18,1010.0,rv,,Rep,43.0
us-202co/80d6fc29,house,ME,2,co/efficient,2026-04-25,2026-04-29,918.0,lv,R,Matt Dunlap,40.0
us-202co/80d6fc29,house,ME,2,co/efficient,2026-04-25,2026-04-29,918.0,lv,R,Paul LePage,50.0
us-202uni5cb95e03,house,ME,2,University of New Hampshire,2026-02-12,2026-02-16,522.0,lv,,Matt Dunlap,46.0
us-202uni5cb95e03,house,ME,2,University of New Hampshire,2026-02-12,2026-02-16,522.0,lv,,Paul LePage,47.0
us-202mclfb3c3e69,senate,FL,0,McLaughlin & Associates,2026-06-03,2026-06-07,800.0,lv,R,Ashley Moody,47.0
us-202mclfb3c3e69,senate,FL,0,McLaughlin & Associates,2026-06-03,2026-06-07,800.0,lv,R,Alexander Vindman,40.0
gen202the175e2ddd,generic,US,0,The Bullfinch Group,2026-06-12,2026-06-16,1000.0,rv,,Dem,44.0
gen202the175e2ddd,generic,US,0,The Bullfinch Group,2026-06-12,2026-06-16,1000.0,rv,,Rep,36.0
gen202the035c13b4,generic,US,0,The Bullfinch Group,2026-06-12,2026-06-16,1200.0,a,,Dem,43.0
gen202the035c13b4,generic,US,0,The Bullfinch Group,2026-06-12,2026-06-16,1200.0,a,,Rep,34.0
us-202nor8d5759fc,house,AZ,6,"Normington, Petts & Associates",2026-06-08,2026-06-11,500.0,lv,D,JoAnna Mendoza,47.0
us-202nor8d5759fc,house,AZ,6,"Normington, Petts & Associates",2026-06-08,2026-06-11,500.0,lv,D,Juan Ciscomani,45.0
gov202polf70d258d,governor,NY,0,Pollfinity,2026-06-11,2026-06-14,229.0,lv,,Kathy Hochul,50.0
gov202polf70d258d,governor,NY,0,Pollfinity,2026-06-11,2026-06-14,229.0,lv,,Bruce Blakeman,40.0
gov202tex7e98deeb,governor,TX,0,Texas Politics Project at the University of Texas/YouGov,2026-06-05,2026-06-12,1200.0,rv,,Greg Abbott,47.0
gov202tex7e98deeb,governor,TX,0,Texas Politics Project at the University of Texas/YouGov,2026-06-05,2026-06-12,1200.0,rv,,Gina Hinojosa,40.0
us-202texc8fd4814,senate,TX,0,Texas Politics Project at the University of Texas/YouGov,2026-06-05,2026-06-12,1200.0,rv,,Ken Paxton,43.0
us-202texc8fd4814,senate,TX,0,Texas Politics Project at the University of Texas/YouGov,2026-06-05,2026-06-12,1200.0,rv,,James Talarico,42.0
gov202soc2fe8bcf3,governor,TX,0,SoCal Strategies,2026-06-21,2026-06-21,800.0,lv,R,Greg Abbott,53.9
gov202soc2fe8bcf3,governor,TX,0,SoCal Strategies,2026-06-21,2026-06-21,800.0,lv,R,Gina Hinojosa,43.2
us-202socb918e088,senate,TX,0,SoCal Strategies,2026-06-21,2026-06-21,800.0,lv,R,Ken Paxton,48.5
us-202socb918e088,senate,TX,0,SoCal Strategies,2026-06-21,2026-06-21,800.0,lv,R,James Talarico,47.1
us-202youca5f07f2,senate,NC,0,YouGov,2026-06-01,2026-06-10,905.0,lv,,Roy Cooper,48.0
us-202youca5f07f2,senate,NC,0,YouGov,2026-06-01,2026-06-10,905.0,lv,,Michael Whatley,34.0
genconyouc499c5b3,generic,US,0,YouGov,2026-06-19,2026-06-22,1517.0,rv,,Dem,45.0
genconyouc499c5b3,generic,US,0,YouGov,2026-06-19,2026-06-22,1517.0,rv,,Rep,43.0
genconyou0df1e8df,generic,US,0,YouGov,2026-06-19,2026-06-22,1679.0,a,,Rep,35.0
genconyou0df1e8df,generic,US,0,YouGov,2026-06-19,2026-06-22,1679.0,a,,Dem,38.0
gov202sie225a317c,governor,NY,0,Siena University,2026-06-17,2026-06-23,1120.0,rv,,Kathy Hochul,52.0
gov202sie225a317c,governor,NY,0,Siena University,2026-06-17,2026-06-23,1120.0,rv,,Bruce Blakeman,32.0
us-202fabc4750dc3,senate,OH,0,Fabrizio Ward/Impact Research,2026-06-14,2026-06-16,800.0,lv,,Sherrod Brown,48.0
us-202fabc4750dc3,senate,OH,0,Fabrizio Ward/Impact Research,2026-06-14,2026-06-16,800.0,lv,,Jon Husted,45.0
gov202fab030f0b04,governor,OH,0,Fabrizio Ward/Impact Research,2026-06-14,2026-06-16,800.0,lv,,Amy Acton,47.0
gov202fab030f0b04,governor,OH,0,Fabrizio Ward/Impact Research,2026-06-14,2026-06-16,800.0,lv,,Vivek Ramaswamy,44.0
genconips46ba18f1,generic,US,0,Ipsos,2026-06-18,2026-06-22,978.0,rv,,Dem,41.0
genconips46ba18f1,generic,US,0,Ipsos,2026-06-18,2026-06-22,978.0,rv,,Rep,36.0
genconechc98db130,generic,US,0,Echelon Insights,2026-06-18,2026-06-22,1003.0,lv,,Dem,51.0
genconechc98db130,generic,US,0,Echelon Insights,2026-06-18,2026-06-22,1003.0,lv,,Rep,45.0
genconver13f348b3,generic,US,0,Verasight,2026-06-17,2026-06-22,1896.0,rv,,Dem,50.0
genconver13f348b3,generic,US,0,Verasight,2026-06-17,2026-06-22,1896.0,rv,,Rep,43.0
genconmor6c6e87b1,generic,US,0,Morning Consult,2026-06-19,2026-06-22,,rv,,Dem,46.0
genconmor6c6e87b1,generic,US,0,Morning Consult,2026-06-19,2026-06-22,,rv,,Rep,42.0
genconmar0fdfbf72,generic,US,0,Marquette University Law School,2026-06-09,2026-06-15,827.0,lv,,Dem,53.0
genconmar0fdfbf72,generic,US,0,Marquette University Law School,2026-06-09,2026-06-15,827.0,lv,,Rep,45.0
genconmor4f257b9c,generic,US,0,Morning Consult,2026-06-08,2026-06-14,24000.0,rv,,Dem,45.8
genconmor4f257b9c,generic,US,0,Morning Consult,2026-06-08,2026-06-14,24000.0,rv,,Rep,41.9
us-202lakb27dfb16,house,PA,8,Lake Research Partners,2026-06-18,2026-06-23,400.0,lv,D,Paige Cognetti,47.0
us-202lakb27dfb16,house,PA,8,Lake Research Partners,2026-06-18,2026-06-23,400.0,lv,D,Rob Bresnahan,45.0
gov202cyg1a1704da,governor,IA,0,Cygnal,2026-06-16,2026-06-19,600.0,lv,R,Rob Sand,47.7
gov202cyg1a1704da,governor,IA,0,Cygnal,2026-06-16,2026-06-19,600.0,lv,R,Zach Lahn,43.4
us-202cyg40c776c5,senate,IA,0,Cygnal,2026-06-16,2026-06-19,600.0,lv,R,Ashley Hinson,46.0
us-202cyg40c776c5,senate,IA,0,Cygnal,2026-06-16,2026-06-19,600.0,lv,R,Josh Turek,44.2
us-202thefac9ff9a,senate,ME,0,The New York Times/Siena University,2026-06-19,2026-06-26,608.0,lv,,Graham Platner,49.0
us-202thefac9ff9a,senate,ME,0,The New York Times/Siena University,2026-06-19,2026-06-26,608.0,lv,,Susan Collins,47.0
gov202thef14c15f0,governor,ME,0,The New York Times/Siena University,2026-06-19,2026-06-26,608.0,lv,,Hannah Pingree,55.0
gov202thef14c15f0,governor,ME,0,The New York Times/Siena University,2026-06-19,2026-06-26,608.0,lv,,Bobby Charles,40.0
gov202the5f41dcc0,governor,ME,0,The New York Times/Siena University,2026-06-19,2026-06-26,608.0,lv,,Hannah Pingree,50.0
gov202the5f41dcc0,governor,ME,0,The New York Times/Siena University,2026-06-19,2026-06-26,608.0,lv,,Bobby Charles,36.0
gov202the5f41dcc0,governor,ME,0,The New York Times/Siena University,2026-06-19,2026-06-26,608.0,lv,,Rick Bennett,8.0
gov202the566a145f,governor,TX,0,The New York Times/Siena University,2026-06-19,2026-06-27,656.0,lv,,Greg Abbott,51.0
gov202the566a145f,governor,TX,0,The New York Times/Siena University,2026-06-19,2026-06-27,656.0,lv,,Gina Hinojosa,44.0
us-202thee89c7bce,senate,TX,0,The New York Times/Siena University,2026-06-19,2026-06-27,656.0,lv,,James Talarico,47.0
us-202thee89c7bce,senate,TX,0,The New York Times/Siena University,2026-06-19,2026-06-27,656.0,lv,,Ken Paxton,47.0
gen202youa37aee72,generic,US,0,YouGov,2026-06-26,2026-06-29,1426.0,rv,,Dem,45.0
gen202youa37aee72,generic,US,0,YouGov,2026-06-26,2026-06-29,1426.0,rv,,Rep,42.0
gen202big285b1b90,generic,US,0,Big Data Poll,2026-06-26,2026-06-28,2604.0,lv,,Dem,50.2
gen202big285b1b90,generic,US,0,Big Data Poll,2026-06-26,2026-06-28,2604.0,lv,,Rep,41.0
gen202bed25e3a0e3,generic,US,0,Bedrock Polling,2026-05-17,2026-05-18,1010.0,rv,,Dem,45.0
gen202bed25e3a0e3,generic,US,0,Bedrock Polling,2026-05-17,2026-05-18,1010.0,rv,,Rep,43.0
gov202thead47ff93,governor,OH,0,The New York Times/Siena University,2026-06-15,2026-06-28,601.0,lv,,Amy Acton,47.0
gov202thead47ff93,governor,OH,0,The New York Times/Siena University,2026-06-15,2026-06-28,601.0,lv,,Vivek Ramaswamy,47.0
us-202the85ab5fb4,senate,OH,0,The New York Times/Siena University,2026-06-15,2026-06-28,601.0,lv,,Jon Husted,50.0
us-202the85ab5fb4,senate,OH,0,The New York Times/Siena University,2026-06-15,2026-06-28,601.0,lv,,Sherrod Brown,47.0
us-202thef47fdc98,house,AK,1,The New York Times/Siena University,2026-06-15,2026-06-29,593.0,lv,,Nick Begich,51.0
us-202thef47fdc98,house,AK,1,The New York Times/Siena University,2026-06-15,2026-06-29,593.0,lv,,Matt Schultz,39.0
us-202the011805d2,senate,AK,0,The New York Times/Siena University,2026-06-15,2026-06-29,593.0,lv,,Mary Peltola,45.0
us-202the011805d2,senate,AK,0,The New York Times/Siena University,2026-06-15,2026-06-29,593.0,lv,,Dan Sullivan,47.0
gov202the3f5e8a60,governor,IA,0,The New York Times/Siena University,2026-06-15,2026-06-17,600.0,lv,,Rob Sand,48.0
gov202the3f5e8a60,governor,IA,0,The New York Times/Siena University,2026-06-15,2026-06-17,600.0,lv,,Zach Lahn,47.0
us-202the52e3337f,senate,IA,0,The New York Times/Siena University,2026-06-15,2026-06-27,600.0,lv,,Ashley Hinson,48.0
us-202the52e3337f,senate,IA,0,The New York Times/Siena University,2026-06-15,2026-06-27,600.0,lv,,Josh Turek,46.0
us-202thef5594fea,senate,NC,0,The New York Times/Siena University,2026-06-15,2026-06-27,601.0,lv,,Roy Cooper,50.0
us-202thef5594fea,senate,NC,0,The New York Times/Siena University,2026-06-15,2026-06-27,601.0,lv,,Michael Whatley,43.0
us-202uni7ffc2e9d,senate,MA,0,University of New Hampshire,2026-06-18,2026-06-23,623.0,lv,,Ed Markey,50.0
us-202uni7ffc2e9d,senate,MA,0,University of New Hampshire,2026-06-18,2026-06-23,623.0,lv,,John Deaton,34.0
us-202unieba4dd24,senate,MA,0,University of New Hampshire,2026-06-18,2026-06-23,623.0,lv,,Seth Moulton,50.0
us-202unieba4dd24,senate,MA,0,University of New Hampshire,2026-06-18,2026-06-23,623.0,lv,,John Deaton,30.0
gov202uniff5ce6c1,governor,MA,0,University of New Hampshire,2026-06-18,2026-06-23,623.0,lv,,Maura Healy,51.0
gov202uniff5ce6c1,governor,MA,0,University of New Hampshire,2026-06-18,2026-06-23,623.0,lv,,Michael Minogue,32.0
gov202unic18d74c2,governor,MA,0,University of New Hampshire,2026-06-18,2026-06-23,623.0,lv,,Maura Healy,50.0
gov202unic18d74c2,governor,MA,0,University of New Hampshire,2026-06-18,2026-06-23,623.0,lv,,Brian Shortsleeve,32.0
us-202unib186ef52,senate,NH,0,University of New Hampshire,2026-06-18,2026-06-23,2232.0,lv,,Chris Pappas,47.0
us-202unib186ef52,senate,NH,0,University of New Hampshire,2026-06-18,2026-06-23,2232.0,lv,,John Sununu,44.0
us-202uni983e65a4,senate,NH,0,University of New Hampshire,2026-06-18,2026-06-23,2232.0,lv,,Chris Pappas,52.0
us-202uni983e65a4,senate,NH,0,University of New Hampshire,2026-06-18,2026-06-23,2232.0,lv,,Scott Brown,38.0
us-202sai3a119d63,senate,NH,0,Saint Anselm,2026-06-24,2026-06-25,1614.0,rv,,Chris Pappas,47.0
us-202sai3a119d63,senate,NH,0,Saint Anselm,2026-06-24,2026-06-25,1614.0,rv,,John Sununu,41.0
us-202saif530b9d2,senate,NH,0,Saint Anselm,2026-06-24,2026-06-25,1614.0,rv,,Chris Pappas,48.0
us-202saif530b9d2,senate,NH,0,Saint Anselm,2026-06-24,2026-06-25,1614.0,rv,,Scott Brown,36.0
gov202sai22d68e5a,governor,NH,0,Saint Anselm,2026-06-24,2026-06-25,1614.0,rv,,Kelly Ayotte,45.0
gov202sai22d68e5a,governor,NH,0,Saint Anselm,2026-06-24,2026-06-25,1614.0,rv,,Cinde Warmington,37.0
us-202saia8db86bb,house,NH,2,Saint Anselm,2026-06-24,2026-06-25,1614.0,rv,,Maggie Goodlander,50.0
us-202saia8db86bb,house,NH,2,Saint Anselm,2026-06-24,2026-06-25,1614.0,rv,,Lily Tang Williams,31.0
gov202uni1b296fe7,governor,NH,0,University of New Hampshire,2026-06-18,2026-06-23,,a,,Kelly Ayotte,44.0
gov202uni1b296fe7,governor,NH,0,University of New Hampshire,2026-06-18,2026-06-23,,a,,Cinde Warmington,39.0
gov202unic0306a25,governor,RI,0,University of New Hampshire,2026-06-18,2026-06-23,664.0,lv,,Helena Foulkes,38.0
gov202unic0306a25,governor,RI,0,University of New Hampshire,2026-06-18,2026-06-23,664.0,lv,,Ken Block,19.0
gov202unic0306a25,governor,RI,0,University of New Hampshire,2026-06-18,2026-06-23,664.0,lv,,Rep,22.0
gov202uni7f701d28,governor,RI,0,University of New Hampshire,2026-06-18,2026-06-23,664.0,lv,,Dan McKee,27.0
gov202uni7f701d28,governor,RI,0,University of New Hampshire,2026-06-18,2026-06-23,664.0,lv,,Ken Block,27.0
gov202uni7f701d28,governor,RI,0,University of New Hampshire,2026-06-18,2026-06-23,664.0,lv,,Rep,23.0
us-202uni56d3ce46,senate,RI,0,University of New Hampshire,2026-06-18,2026-06-23,664.0,lv,,Jack Reed,52.0
us-202uni56d3ce46,senate,RI,0,University of New Hampshire,2026-06-18,2026-06-23,664.0,lv,,Raymond McKay,34.0
gov202unie071cec5,governor,CT,0,University of New Hampshire,2026-06-18,2026-06-23,828.0,lv,,Ned Lamont,49.0
gov202unie071cec5,governor,CT,0,University of New Hampshire,2026-06-18,2026-06-23,828.0,lv,,Ryan Fazio,36.0
gov202unidce17b5b,governor,VT,0,University of New Hampshire,2026-06-18,2026-06-23,511.0,lv,,Amanda Janoo,27.0
gov202unidce17b5b,governor,VT,0,University of New Hampshire,2026-06-18,2026-06-23,511.0,lv,,Phil Scott,42.0
gov202uni20c0eeb7,governor,VT,0,University of New Hampshire,2026-06-18,2026-06-23,511.0,lv,,Phil Scott,41.0
gov202uni20c0eeb7,governor,VT,0,University of New Hampshire,2026-06-18,2026-06-23,511.0,lv,,Ally Richards,25.0
us-202unib917f6dd,house,VT,1,University of New Hampshire,2026-06-18,2026-06-23,237.0,lv,,Becca Balint,57.0
us-202unib917f6dd,house,VT,1,University of New Hampshire,2026-06-18,2026-06-23,237.0,lv,,Gerald Malloy,26.0
us-202gra7bd23a76,senate,MT,0,GrayHouse,2026-06-23,2026-06-24,500.0,lv,R,Kurt Alme,41.0
us-202gra7bd23a76,senate,MT,0,GrayHouse,2026-06-23,2026-06-24,500.0,lv,R,Alani Bankhead,25.0
us-202gra7bd23a76,senate,MT,0,GrayHouse,2026-06-23,2026-06-24,500.0,lv,R,Seth Bodnar,17.0
us-202gra7bd23a76,senate,MT,0,GrayHouse,2026-06-23,2026-06-24,500.0,lv,R,Kyle Austin,3.0
us-202bea83272bb9,senate,ME,0,Beacon Research/Shaw & Co. Research,2026-06-23,2026-06-27,1003.0,rv,,Susan Collins,50.0
us-202bea83272bb9,senate,ME,0,Beacon Research/Shaw & Co. Research,2026-06-23,2026-06-27,1003.0,rv,,Graham Platner,47.0
gov202bea576c250b,governor,ME,0,Beacon Research/Shaw & Co. Research,2026-06-23,2026-06-27,1003.0,rv,,Hannah Pingree,53.0
gov202bea576c250b,governor,ME,0,Beacon Research/Shaw & Co. Research,2026-06-23,2026-06-27,1003.0,rv,,Bobby Charles,42.0
us-202a2 1a5590cb,senate,TX,0,A2 Insights,2026-06-23,2026-06-28,618.0,lv,,James Talarico,48.4
us-202a2 1a5590cb,senate,TX,0,A2 Insights,2026-06-23,2026-06-28,618.0,lv,,Ken Paxton,46.1
gen202thef222ecc9,generic,US,0,The Winston Group,2026-05-30,2026-06-02,1000.0,rv,R,Dem,48.0
gen202thef222ecc9,generic,US,0,The Winston Group,2026-05-30,2026-06-02,1000.0,rv,R,Rep,41.0
gov202made5e47c43,governor,PA,0,MAD Global Strategy,2026-06-09,2026-06-11,600.0,lv,,Josh Shapiro,48.0
gov202made5e47c43,governor,PA,0,MAD Global Strategy,2026-06-09,2026-06-11,600.0,lv,,Stacy Garrity,31.0
us-202tav5bb1680a,senate,MT,0,Tavern Research,2026-06-16,2026-06-19,400.0,lv,,Kurt Alme,49.0
us-202tav5bb1680a,senate,MT,0,Tavern Research,2026-06-16,2026-06-19,400.0,lv,,Alani Bankhead,27.0
us-202tav5bb1680a,senate,MT,0,Tavern Research,2026-06-16,2026-06-19,400.0,lv,,Seth Bodnar,25.0
us-202tavf29ef95a,senate,MT,0,Tavern Research,2026-06-16,2026-06-19,400.0,lv,D,Kurt Alme,50.0
us-202tavf29ef95a,senate,MT,0,Tavern Research,2026-06-16,2026-06-19,400.0,lv,D,Seth Bodnar,50.0
us-202tav16c902e1,senate,MT,0,Tavern Research,2026-06-16,2026-06-19,400.0,lv,D,Kurt Alme,56.0
us-202tav16c902e1,senate,MT,0,Tavern Research,2026-06-16,2026-06-19,400.0,lv,D,Alani Bankhead,44.0
us-202qua3b4e634a,senate,MI,0,Quantus Insights,2026-06-29,2026-06-30,947.0,lv,,Abdul El-Sayed,45.2
us-202qua3b4e634a,senate,MI,0,Quantus Insights,2026-06-29,2026-06-30,947.0,lv,,Mike Rogers,44.1
us-202qua38d03fbc,senate,MI,0,Quantus Insights,2026-06-29,2026-06-30,947.0,lv,,Haley Stevens,45.1
us-202qua38d03fbc,senate,MI,0,Quantus Insights,2026-06-29,2026-06-30,947.0,lv,,Mike Rogers,43.7
us-202qua1a64cfa3,senate,MI,0,Quantus Insights,2026-06-29,2026-06-30,947.0,lv,,Mallory McMorrow,44.4
us-202qua1a64cfa3,senate,MI,0,Quantus Insights,2026-06-29,2026-06-30,947.0,lv,,Mike Rogers,45.3
gov202beab7bc5f78,governor,GA,0,Beacon Research/Shaw & Co. Research,2026-06-23,2026-06-27,1002.0,rv,,Keisha Lance Bottoms,52.0
gov202beab7bc5f78,governor,GA,0,Beacon Research/Shaw & Co. Research,2026-06-23,2026-06-27,1002.0,rv,,Rick Jackson,47.0
us-202bea8e2b79ff,senate,GA,0,Beacon Research/Shaw & Co. Research,2026-06-23,2026-06-27,1002.0,rv,,Jon Ossoff,56.0
us-202bea8e2b79ff,senate,GA,0,Beacon Research/Shaw & Co. Research,2026-06-23,2026-06-27,1002.0,rv,,Mike Collins,43.0
gov202bea7aa62909,governor,IA,0,Beacon Research/Shaw & Co. Research,2026-06-23,2026-06-27,1003.0,rv,,Rob Sand,53.0
gov202bea7aa62909,governor,IA,0,Beacon Research/Shaw & Co. Research,2026-06-23,2026-06-27,1003.0,rv,,Zach Lahn,44.0
us-202bea93a2c09c,senate,IA,0,Beacon Research/Shaw & Co. Research,2026-06-23,2026-06-27,1003.0,rv,,Josh Turek,50.0
us-202bea93a2c09c,senate,IA,0,Beacon Research/Shaw & Co. Research,2026-06-23,2026-06-27,1003.0,rv,,Ashley Hinson,46.0
gen202foc8381e6bc,generic,US,0,Focaldata,2026-06-26,2026-06-30,1795.0,rv,,Dem,50.0
gen202foc8381e6bc,generic,US,0,Focaldata,2026-06-26,2026-06-30,1795.0,rv,,Rep,43.0
us-202fm396e2170a,house,WI,3,FM3 Research,2026-06-20,2026-06-25,535.0,lv,D,Derrick Van Orden,46.0
us-202fm396e2170a,house,WI,3,FM3 Research,2026-06-20,2026-06-25,535.0,lv,D,Rebecca Cooke,50.0
gov202co/61f8d14e,governor,NY,0,co/efficient,2026-06-30,2026-07-02,1085.0,lv,,Kathy Hochul,47.0
gov202co/61f8d14e,governor,NY,0,co/efficient,2026-06-30,2026-07-02,1085.0,lv,,Bruce Blakeman,41.0
us-202app872e2e5f,house,TX,15,Applecart,2026-05-18,2026-05-25,802.0,lv,D,Bobby Pulido,48.0
us-202app872e2e5f,house,TX,15,Applecart,2026-05-18,2026-05-25,802.0,lv,D,Monica De La Cruz,46.0
us-202har2b87ea23,house,OH,15,Hart Research Associates,2026-06-23,2026-06-25,550.0,lv,D,Mike Carey,45.0
us-202har2b87ea23,house,OH,15,Hart Research Associates,2026-06-23,2026-06-25,550.0,lv,D,Don Leonard,40.0
us-202har2b87ea23,house,OH,15,Hart Research Associates,2026-06-23,2026-06-25,550.0,lv,D,Brennan Barrington,3.0
us-202fm3b695b2b8,house,NY,17,FM3 Research,2026-06-27,2026-07-01,509.0,lv,D,Cait Conley,51.0
us-202fm3b695b2b8,house,NY,17,FM3 Research,2026-06-27,2026-07-01,509.0,lv,D,Mike Lawler,45.0
us-202gba3330ad74,house,PA,7,GBAO Strategies,2026-06-29,2026-07-02,550.0,lv,D,Ryan Mackenzie,43.0
us-202gba3330ad74,house,PA,7,GBAO Strategies,2026-06-29,2026-07-02,550.0,lv,D,Bob Brooks,47.0
gov202ala8d90d3a8,governor,AK,0,Alaska Survey Research,2026-06-30,2026-07-01,1528.0,rv,,Tom Begich,50.9
gov202ala8d90d3a8,governor,AK,0,Alaska Survey Research,2026-06-30,2026-07-01,1528.0,rv,,Bernadette Wilson,49.1
gov202wic14336d15,governor,GA,0,Wick,2026-06-27,2026-06-30,1175.0,lv,,Rick Jackson,43.2
gov202wic14336d15,governor,GA,0,Wick,2026-06-27,2026-06-30,1175.0,lv,,Keisha Lance Bottoms,42.7
us-202wic6dd1649c,senate,GA,0,Wick,2026-06-27,2026-06-30,1175.0,lv,,Jon Ossoff,46.7
us-202wic6dd1649c,senate,GA,0,Wick,2026-06-27,2026-06-30,1175.0,lv,,Mike Collins,42.9
us-202pub96a42a3f,senate,NC,0,Public Policy Polling,2026-07-10,2026-07-11,759.0,lv,,Roy Cooper,48.0
us-202pub96a42a3f,senate,NC,0,Public Policy Polling,2026-07-10,2026-07-11,759.0,lv,,Michael Whatley,44.0
us-202emeae4416eb,house,WA,3,Emerson College,2026-07-08,2026-07-10,500.0,lv,D,Marie Gluesenkamp Perez,44.0
us-202emeae4416eb,house,WA,3,Emerson College,2026-07-08,2026-07-10,500.0,lv,D,John Braun,45.0
us-202uni1ae0881e,senate,FL,0,University of North Florida,2026-07-08,2026-07-17,848.0,lv,,Ashley Moody,50.0
us-202uni1ae0881e,senate,FL,0,University of North Florida,2026-07-08,2026-07-17,848.0,lv,,Alexander Vindman,40.0
gov202uni4c4d3f80,governor,FL,0,University of North Florida,2026-07-08,2026-07-17,848.0,lv,,Byron Donalds,46.0
gov202uni4c4d3f80,governor,FL,0,University of North Florida,2026-07-08,2026-07-17,848.0,lv,,David Jolly,41.0
us-202tul5fdc419c,house,CA,22,Tulchin Research,2026-06-15,2026-06-21,800.0,lv,D,Randy Villegas,48.0
us-202tul5fdc419c,house,CA,22,Tulchin Research,2026-06-15,2026-06-21,800.0,lv,D,David Valadao,44.0
us-202unia65b1e02,senate,ME,0,University of New Hampshire,2026-07-15,2026-07-20,1178.0,lv,,Troy Jackson,49.0
us-202unia65b1e02,senate,ME,0,University of New Hampshire,2026-07-15,2026-07-20,1178.0,lv,,Susan Collins,46.0
gov202uni243c997a,governor,ME,0,University of New Hampshire,2026-07-15,2026-07-20,1178.0,lv,,Hannah Pingree,49.0
gov202uni243c997a,governor,ME,0,University of New Hampshire,2026-07-15,2026-07-20,1178.0,lv,,Bobby Charles,35.0
gov202uni243c997a,governor,ME,0,University of New Hampshire,2026-07-15,2026-07-20,1178.0,lv,,Rick Bennett,6.0
gov202fabf0dec779,governor,GA,0,"Fabrizio, Lee & Associates/Impact Research",2026-07-13,2026-07-16,1060.0,lv,,Keisha Lance Bottoms,48.0
gov202fabf0dec779,governor,GA,0,"Fabrizio, Lee & Associates/Impact Research",2026-07-13,2026-07-16,1060.0,lv,,Rick Jackson,46.0
us-202fab389395b2,senate,GA,0,"Fabrizio, Lee & Associates/Impact Research",2026-07-13,2026-07-16,1060.0,lv,,Jon Ossoff,52.0
us-202fab389395b2,senate,GA,0,"Fabrizio, Lee & Associates/Impact Research",2026-07-13,2026-07-16,1060.0,lv,,Mike Collins,43.0
gov202mar00c0ea71,governor,WI,0,Marquette University Law School,2026-07-08,2026-07-16,695.0,lv,,Mandela Barnes,47.0
gov202mar00c0ea71,governor,WI,0,Marquette University Law School,2026-07-08,2026-07-16,695.0,lv,,Tom Tiffany,42.0
gov202mard33a2b56,governor,WI,0,Marquette University Law School,2026-07-08,2026-07-16,695.0,lv,,Francesca Hong,44.0
gov202mard33a2b56,governor,WI,0,Marquette University Law School,2026-07-08,2026-07-16,695.0,lv,,Tom Tiffany,44.0
gov202marf8010a9d,governor,WI,0,Marquette University Law School,2026-07-08,2026-07-16,695.0,lv,,Kelda Roys,42.0
gov202marf8010a9d,governor,WI,0,Marquette University Law School,2026-07-08,2026-07-16,695.0,lv,,Tom Tiffany,44.0
us-202har44ddb49c,senate,MT,0,Hart Research Associates,2026-06-18,2026-06-24,800.0,lv,D,Kurt Alme,49.0
us-202har44ddb49c,senate,MT,0,Hart Research Associates,2026-06-18,2026-06-24,800.0,lv,D,Alani Bankhead,43.0
us-202co/cc143c95,house,NY,17,co/efficient,2026-07-20,2026-07-22,1292.0,lv,,Cait Conley,45.0
us-202co/cc143c95,house,NY,17,co/efficient,2026-07-20,2026-07-22,1292.0,lv,,Mike Lawler,50.0
us-202tul81b19549,house,VA,2,Tulchin Research,2026-07-09,2026-07-13,700.0,lv,D,Elaine Luria,47.0
us-202tul81b19549,house,VA,2,Tulchin Research,2026-07-09,2026-07-13,700.0,lv,D,Jen Kiggans,47.0
gov202unicd35e38f,governor,VT,0,University of New Hampshire,2026-07-15,2026-07-20,954.0,lv,,Phil Scott,44.0
gov202unicd35e38f,governor,VT,0,University of New Hampshire,2026-07-15,2026-07-20,954.0,lv,,Amanda Janoo,33.0
gov202unicd35e38f,governor,VT,0,University of New Hampshire,2026-07-15,2026-07-20,954.0,lv,,June Goodband,2.0
gov202uni4de54be3,governor,VT,0,University of New Hampshire,2026-07-15,2026-07-20,954.0,lv,,Phil Scott,43.0
gov202uni4de54be3,governor,VT,0,University of New Hampshire,2026-07-15,2026-07-20,954.0,lv,,Aly Richards,35.0
gov202uni4de54be3,governor,VT,0,University of New Hampshire,2026-07-15,2026-07-20,954.0,lv,,June Goodband,2.0
gov202uni4de54be3,governor,VT,0,University of New Hampshire,2026-07-15,2026-07-20,954.0,lv,,Dean Roy,1.0
us-202unibd16a6bb,house,VT,1,University of New Hampshire,2026-07-15,2026-07-20,954.0,lv,,Becca Balint,63.0
us-202unibd16a6bb,house,VT,1,University of New Hampshire,2026-07-15,2026-07-20,954.0,lv,,Gerald Malloy,25.0
us-202unibd16a6bb,house,VT,1,University of New Hampshire,2026-07-15,2026-07-20,954.0,lv,,Adam Ortiz,2.0
us-202tav913179a0,senate,MT,0,Tavern Research,2026-07-23,2026-07-27,517.0,lv,,Kurt Alme,51.0
us-202tav913179a0,senate,MT,0,Tavern Research,2026-07-23,2026-07-27,517.0,lv,,Seth Bodnar,49.0
us-202tav1d399417,senate,MT,0,Tavern Research,2026-07-23,2026-07-27,517.0,lv,,Kurt Alme,59.0
us-202tav1d399417,senate,MT,0,Tavern Research,2026-07-23,2026-07-27,517.0,lv,,Alani Bankhead,41.0
us-202tav5960dbe5,senate,MT,0,Tavern Research,2026-07-23,2026-07-27,517.0,lv,,Kurt Alme,49.0
us-202tav5960dbe5,senate,MT,0,Tavern Research,2026-07-23,2026-07-27,517.0,lv,,Alani Bankhead,22.0
us-202tav5960dbe5,senate,MT,0,Tavern Research,2026-07-23,2026-07-27,517.0,lv,,Seth Bodnar,27.0
us-202tav83ffdf29,senate,MT,0,Tavern Research,2026-07-23,2026-07-27,517.0,lv,,Kurt Alme,49.0
us-202tav83ffdf29,senate,MT,0,Tavern Research,2026-07-23,2026-07-27,517.0,lv,,Alani Bankhead,24.0
us-202tav83ffdf29,senate,MT,0,Tavern Research,2026-07-23,2026-07-27,517.0,lv,,Seth Bodnar,25.0
us-202tav83ffdf29,senate,MT,0,Tavern Research,2026-07-23,2026-07-27,517.0,lv,,Kyle Austin,2.0
us-202tav8cd1705b,senate,MT,0,Tavern Research,2026-07-23,2026-07-27,517.0,lv,,Kurt Alme,56.0
us-202tav8cd1705b,senate,MT,0,Tavern Research,2026-07-23,2026-07-27,517.0,lv,,Alani Bankhead,36.0
us-202tav8cd1705b,senate,MT,0,Tavern Research,2026-07-23,2026-07-27,517.0,lv,,Kyle Austin,8.0
us-202tavbdc1a03d,senate,MT,0,Tavern Research,2026-07-23,2026-07-27,517.0,lv,,Kurt Alme,50.0
us-202tavbdc1a03d,senate,MT,0,Tavern Research,2026-07-23,2026-07-27,517.0,lv,,Seth Bodnar,45.0
us-202tavbdc1a03d,senate,MT,0,Tavern Research,2026-07-23,2026-07-27,517.0,lv,,Kyle Austin,5.0
us-202gqr6f3c3766,senate,MT,0,GQR,2026-07-23,2026-07-26,500.0,lv,,Kurt Alme,41.0
us-202gqr6f3c3766,senate,MT,0,GQR,2026-07-23,2026-07-26,500.0,lv,,Alani Bankhead,22.0
us-202gqr6f3c3766,senate,MT,0,GQR,2026-07-23,2026-07-26,500.0,lv,,Seth Bodnar,27.0
us-202gqr6f3c3766,senate,MT,0,GQR,2026-07-23,2026-07-26,500.0,lv,,Kyle Austin,6.0
us-202gqre6dc037c,senate,MT,0,GQR,2026-07-23,2026-07-26,500.0,lv,,Kurt Alme,44.0
us-202gqre6dc037c,senate,MT,0,GQR,2026-07-23,2026-07-26,500.0,lv,,Alani Bankhead,40.0
us-202gqre6dc037c,senate,MT,0,GQR,2026-07-23,2026-07-26,500.0,lv,,Kyle Austin,13.0
us-202gqr10c806ef,senate,MT,0,GQR,2026-07-23,2026-07-26,500.0,lv,,Kurt Alme,52.0
us-202gqr10c806ef,senate,MT,0,GQR,2026-07-23,2026-07-26,500.0,lv,,Alani Bankhead,44.0
us-202gqr0fc65d4b,senate,MT,0,GQR,2026-07-23,2026-07-26,500.0,lv,,Kurt Alme,40.0
us-202gqr0fc65d4b,senate,MT,0,GQR,2026-07-23,2026-07-26,500.0,lv,,Seth Bodnar,44.0
us-202gqr0fc65d4b,senate,MT,0,GQR,2026-07-23,2026-07-26,500.0,lv,,Kyle Austin,11.0
us-202gqrcac76706,senate,MT,0,GQR,2026-07-23,2026-07-26,500.0,lv,,Kurt Alme,44.0
us-202gqrcac76706,senate,MT,0,GQR,2026-07-23,2026-07-26,500.0,lv,,Seth Bodnar,50.0
us-202sli6204659f,senate,TX,0,Slingshot Strategies,2026-07-15,2026-07-17,1048.0,lv,,James Talarico,45.0
us-202sli6204659f,senate,TX,0,Slingshot Strategies,2026-07-15,2026-07-17,1048.0,lv,,Ken Paxton,40.0
us-202sli6204659f,senate,TX,0,Slingshot Strategies,2026-07-15,2026-07-17,1048.0,lv,,Ted Brown,1.0
gov202sli59e6afce,governor,TX,0,Slingshot Strategies,2026-07-15,2026-07-17,1048.0,lv,,Greg Abbott,45.0
gov202sli59e6afce,governor,TX,0,Slingshot Strategies,2026-07-15,2026-07-17,1048.0,lv,,Gina Hinojosa,42.0
gov202sli59e6afce,governor,TX,0,Slingshot Strategies,2026-07-15,2026-07-17,1048.0,lv,,Pat Dixon,1.0
gov202sli59e6afce,governor,TX,0,Slingshot Strategies,2026-07-15,2026-07-17,1048.0,lv,,Jenn Mack Raphoon,1.0
us-202theb6b894ea,senate,MT,0,The Bullfinch Group,2026-07-13,2026-07-16,793.0,lv,,Kurt Alme,36.0
us-202theb6b894ea,senate,MT,0,The Bullfinch Group,2026-07-13,2026-07-16,793.0,lv,,Alani Bankhead,22.0
us-202theb6b894ea,senate,MT,0,The Bullfinch Group,2026-07-13,2026-07-16,793.0,lv,,Seth Bodnar,24.0
us-202the9b589743,house,AK,1,The Bullfinch Group,2026-07-13,2026-07-16,546.0,lv,,Matt Schultz,32.0
us-202the9b589743,house,AK,1,The Bullfinch Group,2026-07-13,2026-07-16,546.0,lv,,Bill Hill,20.0
us-202the9b589743,house,AK,1,The Bullfinch Group,2026-07-13,2026-07-16,546.0,lv,,Nick Begich III,46.0
us-202thed03f59fe,house,CA,6,The Bullfinch Group,2026-07-13,2026-07-16,741.0,lv,,Richard Pan,39.0
us-202thed03f59fe,house,CA,6,The Bullfinch Group,2026-07-13,2026-07-16,741.0,lv,,Kevin Kiley,35.0
us-202the20e70677,house,IA,1,The Bullfinch Group,2026-07-13,2026-07-16,705.0,lv,,Mariannette Miller-Meeks,35.0
us-202the20e70677,house,IA,1,The Bullfinch Group,2026-07-13,2026-07-16,705.0,lv,,Christina Bohannan,40.0
us-202the20e70677,house,IA,1,The Bullfinch Group,2026-07-13,2026-07-16,705.0,lv,,Michael Bridgford,11.0
us-202gle7fc79cd5,senate,MI,0,"Glengariff Group, Inc.",2026-07-22,2026-07-24,600.0,lv,,Abdul El-Sayed,38.7
us-202gle7fc79cd5,senate,MI,0,"Glengariff Group, Inc.",2026-07-22,2026-07-24,600.0,lv,,Mike Rogers,49.0
us-202gle6589d1bb,senate,MI,0,"Glengariff Group, Inc.",2026-07-22,2026-07-24,600.0,lv,,Haley Stevens,45.5
us-202gle6589d1bb,senate,MI,0,"Glengariff Group, Inc.",2026-07-22,2026-07-24,600.0,lv,,Mike Rogers,44.7
gov202gle3e02391a,governor,MI,0,"Glengariff Group, Inc.",2026-07-22,2026-07-24,600.0,lv,,Jocelyn Benson,47.7
gov202gle3e02391a,governor,MI,0,"Glengariff Group, Inc.",2026-07-22,2026-07-24,600.0,lv,,Perry Johnson,37.4
gov202gleb47f8847,governor,MI,0,"Glengariff Group, Inc.",2026-07-22,2026-07-24,600.0,lv,,John James,38.7
gov202gleb47f8847,governor,MI,0,"Glengariff Group, Inc.",2026-07-22,2026-07-24,600.0,lv,,Jocelyn Benson,43.7
gov202red8c5fcf3a,governor,NY,0,Red Oak Strategic,2026-07-07,2026-07-12,2000.0,rv,R,Kathy Hochul,47.0
gov202red8c5fcf3a,governor,NY,0,Red Oak Strategic,2026-07-07,2026-07-12,2000.0,rv,R,Bruce Blakeman,43.0
gov202bra253133dd,governor,PA,0,Bravo Group,2026-07-17,2026-07-24,630.0,lv,,Josh Shapiro,53.0
gov202bra253133dd,governor,PA,0,Bravo Group,2026-07-17,2026-07-24,630.0,lv,,Stacy Garrity,28.0
us-202beacaddacc4,senate,NC,0,Beacon Research/Shaw & Co. Research,2026-07-23,2026-07-27,1005.0,rv,,Roy Cooper,53.0
us-202beacaddacc4,senate,NC,0,Beacon Research/Shaw & Co. Research,2026-07-23,2026-07-27,1005.0,rv,,Michael Whatley,44.0
gov202rmg094af3ba,governor,WI,0,RMG Research,2026-07-20,2026-07-24,800.0,rv,,Francesca Hong,44.0
gov202rmg094af3ba,governor,WI,0,RMG Research,2026-07-20,2026-07-24,800.0,rv,,Tom Tiffany,43.0
gov202rmg47f9f31c,governor,WI,0,RMG Research,2026-07-20,2026-07-24,800.0,rv,,David Crowley,46.0
gov202rmg47f9f31c,governor,WI,0,RMG Research,2026-07-20,2026-07-24,800.0,rv,,Tom Tiffany,43.0
gov202rmg75d397b8,governor,WI,0,RMG Research,2026-07-20,2026-07-24,800.0,rv,,Mandela Barnes,47.0
gov202rmg75d397b8,governor,WI,0,RMG Research,2026-07-20,2026-07-24,800.0,rv,,Tom Tiffany,43.0
us-202bea54820d8d,senate,TX,0,Beacon Research/Shaw & Co. Research,2026-07-23,2026-07-27,1006.0,rv,,James Talarico,51.0
us-202bea54820d8d,senate,TX,0,Beacon Research/Shaw & Co. Research,2026-07-23,2026-07-27,1006.0,rv,,Ken Paxton,48.0
gov202bea12dfc963,governor,TX,0,Beacon Research/Shaw & Co. Research,2026-07-23,2026-07-27,1006.0,rv,,Greg Abbott,50.0
gov202bea12dfc963,governor,TX,0,Beacon Research/Shaw & Co. Research,2026-07-23,2026-07-27,1006.0,rv,,Gina Hinojosa,49.0
us-202soc6e865068,senate,MI,0,SoCal Strategies,2026-07-28,2026-07-30,640.0,lv,R,Abdul El-Sayed,41.0
us-202soc6e865068,senate,MI,0,SoCal Strategies,2026-07-28,2026-07-30,640.0,lv,R,Mike Rogers,42.0
us-202soc0b27fd00,senate,MI,0,SoCal Strategies,2026-07-28,2026-07-30,640.0,lv,R,Haley Stevens,44.0
us-202soc0b27fd00,senate,MI,0,SoCal Strategies,2026-07-28,2026-07-30,640.0,lv,R,Mike Rogers,42.0
gov202puba947cc79,governor,SC,0,Public Policy Polling,2026-07-16,2026-07-17,577.0,lv,D,Alan Wilson,45.0
gov202puba947cc79,governor,SC,0,Public Policy Polling,2026-07-16,2026-07-17,577.0,lv,D,Jermaine Johnson,37.0
us-202epife4108d8,senate,MI,0,EPIC-MRA,2026-07-24,2026-07-31,600.0,lv,,Mike Rogers,46.0
us-202epife4108d8,senate,MI,0,EPIC-MRA,2026-07-24,2026-07-31,600.0,lv,,Abdul El-Sayed,43.0
gov202epi61e1edf8,governor,MI,0,EPIC-MRA,2026-07-24,2026-07-31,600.0,lv,,Jocelyn Benson,47.0
gov202epi61e1edf8,governor,MI,0,EPIC-MRA,2026-07-24,2026-07-31,600.0,lv,,John James,38.0
us-202epia42401c2,senate,MI,0,EPIC-MRA,2026-07-24,2026-07-31,600.0,lv,,Haley Stevens,44.0
us-202epia42401c2,senate,MI,0,EPIC-MRA,2026-07-24,2026-07-31,600.0,lv,,Mike Rogers,42.0
us-202unke3b76dc0,house,OH,7,Unknown (Reported by NOTUS),2026-07-29,2026-07-30,,a,R,Max Miller,39.0
us-202unke3b76dc0,house,OH,7,Unknown (Reported by NOTUS),2026-07-29,2026-07-30,,a,R,Brian Poindexter,44.0
us-202gqrffccbb42,house,SC,1,GQR,2026-07-15,2026-07-22,400.0,lv,D,Jenny Honeycutt,50.0
us-202gqrffccbb42,house,SC,1,GQR,2026-07-15,2026-07-22,400.0,lv,D,Nancy Lacore,48.0
us-202mit1e6a5692,senate,MI,0,Mitchell Research & Communications,2026-07-28,2026-07-29,672.0,lv,,Abdul El-Sayed,45.0
us-202mit1e6a5692,senate,MI,0,Mitchell Research & Communications,2026-07-28,2026-07-29,672.0,lv,,Mike Rogers,45.0
us-202mit132a3ca8,senate,MI,0,Mitchell Research & Communications,2026-07-28,2026-07-29,672.0,lv,,Haley Stevens,41.0
us-202mit132a3ca8,senate,MI,0,Mitchell Research & Communications,2026-07-28,2026-07-29,672.0,lv,,Mike Rogers,45.0
gov202mitb973b6eb,governor,MI,0,Mitchell Research & Communications,2026-07-28,2026-07-29,672.0,lv,,Jocelyn Benson,46.0
gov202mitb973b6eb,governor,MI,0,Mitchell Research & Communications,2026-07-28,2026-07-29,672.0,lv,,John James,44.0
gov202mitf5301a04,governor,MI,0,Mitchell Research & Communications,2026-07-28,2026-07-29,672.0,lv,,Jocelyn Benson,48.0
gov202mitf5301a04,governor,MI,0,Mitchell Research & Communications,2026-07-28,2026-07-29,672.0,lv,,Perry Johnson,43.0
us-202wed4dcf8c6b,senate,TX,0,Wedgewood Polls,2026-07-30,2026-07-31,800.0,lv,,James Talarico,48.0
us-202wed4dcf8c6b,senate,TX,0,Wedgewood Polls,2026-07-30,2026-07-31,800.0,lv,,Ken Paxton,46.0
gov202wedaa8a5561,governor,TX,0,Wedgewood Polls,2026-07-30,2026-07-31,800.0,lv,,Greg Abbott,50.0
gov202wedaa8a5561,governor,TX,0,Wedgewood Polls,2026-07-30,2026-07-31,800.0,lv,,Gina Hinojosa,44.0
gov202gre0e0f3561,governor,CT,0,GreatBlue Research,2026-07-21,2026-07-26,1000.0,rv,,Ned Lamont,49.7
gov202gre0e0f3561,governor,CT,0,GreatBlue Research,2026-07-21,2026-07-26,1000.0,rv,,Ryan Fazio,29.5
us-202texee0a6ae6,senate,TX,0,Texas Southern University Barbara Jordan Public Policy Research and Survey Center,2026-07-27,2026-07-30,1200.0,lv,,James Talarico,47.0
us-202texee0a6ae6,senate,TX,0,Texas Southern University Barbara Jordan Public Policy Research and Survey Center,2026-07-27,2026-07-30,1200.0,lv,,Ken Paxton,45.0
us-202texee0a6ae6,senate,TX,0,Texas Southern University Barbara Jordan Public Policy Research and Survey Center,2026-07-27,2026-07-30,1200.0,lv,,Ted Brown,2.0
gov202tex0c7a001f,governor,TX,0,Texas Southern University Barbara Jordan Public Policy Research and Survey Center,2026-07-27,2026-07-30,1200.0,lv,,Greg Abbott,49.0
gov202tex0c7a001f,governor,TX,0,Texas Southern University Barbara Jordan Public Policy Research and Survey Center,2026-07-27,2026-07-30,1200.0,lv,,Gina Hinojosa,43.0
gov202tex0c7a001f,governor,TX,0,Texas Southern University Barbara Jordan Public Policy Research and Survey Center,2026-07-27,2026-07-30,1200.0,lv,,Pat Dixon,3.0
gov202yes83eff434,governor,AL,0,yes. every kid.,2026-07-08,2026-07-11,601.0,lv,,Tommy Tuberville,49.0
gov202yes83eff434,governor,AL,0,yes. every kid.,2026-07-08,2026-07-11,601.0,lv,,Doug Jones,41.0
us-202yes4308b337,senate,AL,0,yes. every kid.,2026-07-08,2026-07-11,601.0,lv,,Barry Moore,47.0
us-202yes4308b337,senate,AL,0,yes. every kid.,2026-07-08,2026-07-11,601.0,lv,,Everett Wess,32.0
gov202nat6e2ff71c,governor,PA,0,National Public Affairs,2026-07-26,2026-07-30,600.0,lv,R,Josh Shapiro,50.0
gov202nat6e2ff71c,governor,PA,0,National Public Affairs,2026-07-26,2026-07-30,600.0,lv,R,Stacy Garrity,43.0
gov202the7762f5c1,governor,TX,0,The Texas Politics Project at the University of Texas at Austin/YouGov,2026-08-05,2026-08-13,1218.0,rv,,Pat Dixon,3.0
gov202the7762f5c1,governor,TX,0,The Texas Politics Project at the University of Texas at Austin/YouGov,2026-08-05,2026-08-13,1218.0,rv,,Gina Hinojosa,40.0
gov202the7762f5c1,governor,TX,0,The Texas Politics Project at the University of Texas at Austin/YouGov,2026-08-05,2026-08-13,1218.0,rv,,Greg Abbott,45.0
us-202harfe4afc0e,senate,ME,0,Hart Research Associates,2026-07-27,2026-08-01,802.0,lv,D,Troy Jackson,49.0
us-202harfe4afc0e,senate,ME,0,Hart Research Associates,2026-07-27,2026-08-01,802.0,lv,D,Susan Collins,45.0
us-202glob1380568,house,IA,2,Global Strategy Group,2026-07-14,2026-07-19,,lv,D,Joe Mitchell,45.0
us-202glob1380568,house,IA,2,Global Strategy Group,2026-07-14,2026-07-19,,lv,D,Lindsay James,46.0
gov202tar97975ec6,governor,FL,0,Targoz Market Research,2026-07-20,2026-07-26,1026.0,rv,,Byron Donalds,45.0
gov202tar97975ec6,governor,FL,0,Targoz Market Research,2026-07-20,2026-07-26,1026.0,rv,,David Jolly,38.0
gov202tarebf93c64,governor,FL,0,Targoz Market Research,2026-07-20,2026-07-26,1027.0,lv,,Jay Collins,44.0
gov202tarebf93c64,governor,FL,0,Targoz Market Research,2026-07-20,2026-07-26,1027.0,lv,,David Jolly,39.0
gov202emeebb78070,governor,IA,0,Emerson College,2026-08-02,2026-08-04,712.0,lv,,Rob Sand,48.0
gov202emeebb78070,governor,IA,0,Emerson College,2026-08-02,2026-08-04,712.0,lv,,Zach Lahn,43.0
us-202eme4923d9f5,senate,IA,0,Emerson College,2026-08-02,2026-08-04,712.0,lv,,Ashley Hinson,48.0
us-202eme4923d9f5,senate,IA,0,Emerson College,2026-08-02,2026-08-04,712.0,lv,,Josh Turek,45.0
us-202you3c4a4a9f,senate,TX,0,YouGov Blue,2026-07-15,2026-07-31,1001.0,rv,D,James Talarico,48.0
us-202you3c4a4a9f,senate,TX,0,YouGov Blue,2026-07-15,2026-07-31,1001.0,rv,D,Ken Paxton,45.0
gov202fab5f0bab16,governor,AZ,0,"Fabrizio, Lee & Associates/Impact Research",2026-07-26,2026-07-28,913.0,lv,,Katie Hobbs,52.0
gov202fab5f0bab16,governor,AZ,0,"Fabrizio, Lee & Associates/Impact Research",2026-07-26,2026-07-28,913.0,lv,,Andy Biggs,44.0
us-202chad53b9fb6,senate,NC,0,Change Research,2026-07-29,2026-08-01,967.0,lv,,Roy Cooper,50.0
us-202chad53b9fb6,senate,NC,0,Change Research,2026-07-29,2026-08-01,967.0,lv,,Michael Whatley,41.0
us-202rec773da2d7,senate,TX,0,ReconMR/Siena University,2026-07-27,2026-07-30,619.0,lv,,James Talarico,47.0
us-202rec773da2d7,senate,TX,0,ReconMR/Siena University,2026-07-27,2026-07-30,619.0,lv,,Ken Paxton,43.0
gov202recd12239ff,governor,TX,0,ReconMR/Siena University,2026-07-27,2026-07-30,619.0,lv,,Greg Abbott,46.0
gov202recd12239ff,governor,TX,0,ReconMR/Siena University,2026-07-27,2026-07-30,619.0,lv,,Gina Hinojosa,45.0
gov202recd12239ff,governor,TX,0,ReconMR/Siena University,2026-07-27,2026-07-30,619.0,lv,,Pat Dixon,0.0
us-202the26d4530e,house,IL,4,The Bullfinch Group,2026-07-31,2026-08-04,653.0,rv,,Patty Garcia,34.0
us-202the26d4530e,house,IL,4,The Bullfinch Group,2026-07-31,2026-08-04,653.0,rv,,Lupe Castillo,15.0
us-202the26d4530e,house,IL,4,The Bullfinch Group,2026-07-31,2026-08-04,653.0,rv,,Chris Getty,9.0
us-202the26d4530e,house,IL,4,The Bullfinch Group,2026-07-31,2026-08-04,653.0,rv,,Ed Hershey,4.0
us-202tavd2d23773,house,OH,7,Tavern Research,2026-08-04,2026-08-05,560.0,lv,,Max Miller,46.0
us-202tavd2d23773,house,OH,7,Tavern Research,2026-08-04,2026-08-05,560.0,lv,,Brian Poindexter,54.0
us-202chaf0ea6e94,senate,NC,0,Change Research,2026-08-03,2026-08-06,915.0,lv,D,Roy Cooper,50.0
us-202chaf0ea6e94,senate,NC,0,Change Research,2026-08-03,2026-08-06,915.0,lv,D,Michael Whatley,43.0
gov202qua92a3f0e3,governor,GA,0,Quantus Insights,2026-07-29,2026-08-01,815.0,lv,,Keisha Lance Bottoms,46.4
gov202qua92a3f0e3,governor,GA,0,Quantus Insights,2026-07-29,2026-08-01,815.0,lv,,Rick Jackson,44.9
gov202cygc8150f78,governor,TX,0,Cygnal,2026-07-29,2026-07-31,800.0,lv,R,Greg Abbott,49.0
gov202cygc8150f78,governor,TX,0,Cygnal,2026-07-29,2026-07-31,800.0,lv,R,Gina Hinojosa,46.0
us-202alaaa70f06a,senate,AK,0,Alaska Survey Research,2026-08-02,2026-08-05,1371.0,lv,,Mary Peltola,50.8
us-202alaaa70f06a,senate,AK,0,Alaska Survey Research,2026-08-02,2026-08-05,1371.0,lv,,Dan Sullivan,49.2
us-202elodaa5cffa,senate,NC,0,Elon University/YouGov,2026-07-21,2026-07-23,717.0,rv,,Roy Cooper,51.0
us-202elodaa5cffa,senate,NC,0,Elon University/YouGov,2026-07-21,2026-07-23,717.0,rv,,Michael Whatley,35.0
us-202elodaa5cffa,senate,NC,0,Elon University/YouGov,2026-07-21,2026-07-23,717.0,rv,,Shannon Bray,1.0
us-202elodaa5cffa,senate,NC,0,Elon University/YouGov,2026-07-21,2026-07-23,717.0,rv,,Michael Dublin,2.0
us-202elo069243f3,senate,NC,0,Elon University/YouGov,2026-07-21,2026-07-23,466.0,lv,,Roy Cooper,53.0
us-202elo069243f3,senate,NC,0,Elon University/YouGov,2026-07-21,2026-07-23,466.0,lv,,Michael Whatley,42.0
us-202elo069243f3,senate,NC,0,Elon University/YouGov,2026-07-21,2026-07-23,466.0,lv,,Shannon Bray,2.0
us-202elo069243f3,senate,NC,0,Elon University/YouGov,2026-07-21,2026-07-23,466.0,lv,,Michael Dublin,1.0
gov202sie040ecd95,governor,NY,0,Siena University,2026-08-03,2026-08-06,811.0,lv,,Kathy Hochul,49.0
gov202sie040ecd95,governor,NY,0,Siena University,2026-08-03,2026-08-06,811.0,lv,,Bruce Blakeman,39.0
gov202zen99614327,governor,MD,0,Zenith Research,2026-07-27,2026-08-03,800.0,lv,D,Wes Moore,58.0
gov202zen99614327,governor,MD,0,Zenith Research,2026-07-27,2026-08-03,800.0,lv,D,Dan Cox,31.0
gov202gbaf1f6f960,governor,WI,0,GBAO Strategies,2026-07-30,2026-08-03,800.0,lv,D,David Crowley,47.0
gov202gbaf1f6f960,governor,WI,0,GBAO Strategies,2026-07-30,2026-08-03,800.0,lv,D,Tom Tiffany,44.0
us-202har82b4bcdc,senate,MT,0,Hart Research Associates,2026-08-01,2026-08-04,800.0,lv,,Kurt Alme,45.0
us-202har82b4bcdc,senate,MT,0,Hart Research Associates,2026-08-01,2026-08-04,800.0,lv,,Alani Bankhead,15.0
us-202har82b4bcdc,senate,MT,0,Hart Research Associates,2026-08-01,2026-08-04,800.0,lv,,Seth Bodnar,30.0
us-202har82b4bcdc,senate,MT,0,Hart Research Associates,2026-08-01,2026-08-04,800.0,lv,,Kyle Austin,6.0
us-202beda3a16f8f,house,OH,7,Bedrock Polling,2026-08-07,2026-08-10,866.0,lv,D,Max Miller,35.0
us-202beda3a16f8f,house,OH,7,Bedrock Polling,2026-08-07,2026-08-10,866.0,lv,D,Brian Poindexter,43.0
us-202bea347c91b0,senate,ME,0,Beacon Research/Shaw & Co. Research,2026-08-06,2026-08-10,1000.0,rv,,Troy Jackson,48.0
us-202bea347c91b0,senate,ME,0,Beacon Research/Shaw & Co. Research,2026-08-06,2026-08-10,1000.0,rv,,Susan Collins,46.0
gov202bea573fbd5b,governor,ME,0,Beacon Research/Shaw & Co. Research,2026-08-06,2026-08-10,1000.0,rv,,Hannah Pingree,49.0
gov202bea573fbd5b,governor,ME,0,Beacon Research/Shaw & Co. Research,2026-08-06,2026-08-10,1000.0,rv,,Bobby Charles,38.0
gov202bea573fbd5b,governor,ME,0,Beacon Research/Shaw & Co. Research,2026-08-06,2026-08-10,1000.0,rv,,Rick Bennett,9.0
gov202uc 82527a3d,governor,CA,0,UC Berkeley Institute of Governmental Studies,2026-08-03,2026-08-09,2310.0,lv,,Xavier Becerra,55.0
gov202uc 82527a3d,governor,CA,0,UC Berkeley Institute of Governmental Studies,2026-08-03,2026-08-09,2310.0,lv,,Steve Hilton,37.0
us-202eme5bcac049,senate,TX,0,Emerson College,2026-08-09,2026-08-10,1000.0,lv,,James Talarico,46.0
us-202eme5bcac049,senate,TX,0,Emerson College,2026-08-09,2026-08-10,1000.0,lv,,Ken Paxton,47.0
gov202emebe4786e2,governor,TX,0,Emerson College,2026-08-09,2026-08-10,1000.0,lv,,Greg Abbott,49.0
gov202emebe4786e2,governor,TX,0,Emerson College,2026-08-09,2026-08-10,1000.0,lv,,Gina Hinojosa,45.0
us-202har1cef6d8a,senate,NC,0,Harper Polling,2026-08-09,2026-08-10,600.0,lv,,Roy Cooper,51.5
us-202har1cef6d8a,senate,NC,0,Harper Polling,2026-08-09,2026-08-10,600.0,lv,,Michael Whatley,39.0
us-202the39a65ca5,senate,ID,0,The Bullfinch Group,2026-08-04,2026-08-07,608.0,lv,,Jim Risch,34.0
us-202the39a65ca5,senate,ID,0,The Bullfinch Group,2026-08-04,2026-08-07,608.0,lv,,Todd Achilles,30.0
us-202the39a65ca5,senate,ID,0,The Bullfinch Group,2026-08-04,2026-08-07,608.0,lv,,Matt Loesby,4.0
us-202sur34bdca99,house,NY,21,SurveyUSA,2026-08-04,2026-08-08,800.0,a,,Anthony Constantino,39.0
us-202sur34bdca99,house,NY,21,SurveyUSA,2026-08-04,2026-08-08,800.0,a,,Blake Gendebien,43.0
us-202sur34bdca99,house,NY,21,SurveyUSA,2026-08-04,2026-08-08,800.0,a,,Chris Schmidt,5.0
us-202bea58e907c0,senate,OH,0,Beacon Research/Shaw & Co. Research,2026-08-06,2026-08-10,1008.0,rv,,Sherrod Brown,53.0
us-202bea58e907c0,senate,OH,0,Beacon Research/Shaw & Co. Research,2026-08-06,2026-08-10,1008.0,rv,,Jon Husted,45.0
gov202beabaf570dd,governor,OH,0,Beacon Research/Shaw & Co. Research,2026-08-06,2026-08-10,1008.0,rv,,Amy Acton,48.0
gov202beabaf570dd,governor,OH,0,Beacon Research/Shaw & Co. Research,2026-08-06,2026-08-10,1008.0,rv,,Vivek Ramaswamy,50.0
us-202bea6ed87549,senate,MI,0,Beacon Research/Shaw & Co. Research,2026-08-06,2026-08-10,1006.0,rv,,Abdul El-Sayed,47.0
us-202bea6ed87549,senate,MI,0,Beacon Research/Shaw & Co. Research,2026-08-06,2026-08-10,1006.0,rv,,Mike Rogers,51.0
gov202beaa0ec547e,governor,MI,0,Beacon Research/Shaw & Co. Research,2026-08-06,2026-08-10,1006.0,rv,,Jocelyn Benson,52.0
gov202beaa0ec547e,governor,MI,0,Beacon Research/Shaw & Co. Research,2026-08-06,2026-08-10,1006.0,rv,,John James,47.0
gov202the8bf98233,governor,AZ,0,The Tarrance Group,2026-07-27,2026-07-30,600.0,lv,,Katie Hobbs,52.0
gov202the8bf98233,governor,AZ,0,The Tarrance Group,2026-07-27,2026-07-30,600.0,lv,,Andy Biggs,48.0
us-202alae739036c,house,AK,1,Alaska Survey Research,2026-08-02,2026-08-05,1371.0,lv,,Eric Hafner,14.7
us-202alae739036c,house,AK,1,Alaska Survey Research,2026-08-02,2026-08-05,1371.0,lv,,Bill Hill,33.2
us-202alae739036c,house,AK,1,Alaska Survey Research,2026-08-02,2026-08-05,1371.0,lv,,Clay Strickland,4.2
us-202alae739036c,house,AK,1,Alaska Survey Research,2026-08-02,2026-08-05,1371.0,lv,,Nick Begich III,47.9
us-202alafabca8f1,house,AK,1,Alaska Survey Research,2026-08-02,2026-08-05,1371.0,lv,,Bill Hill,34.4
us-202alafabca8f1,house,AK,1,Alaska Survey Research,2026-08-02,2026-08-05,1371.0,lv,,Eric Hafner,15.2
us-202alafabca8f1,house,AK,1,Alaska Survey Research,2026-08-02,2026-08-05,1371.0,lv,,Nick Begich III,50.4
us-202ala8a6a82c0,house,AK,1,Alaska Survey Research,2026-08-02,2026-08-05,1371.0,lv,,Bill Hill,46.5
us-202ala8a6a82c0,house,AK,1,Alaska Survey Research,2026-08-02,2026-08-05,1371.0,lv,,Nick Begich III,53.5
us-202wedb13225b0,senate,OH,0,Wedgewood Polls,2026-08-11,2026-08-13,800.0,lv,,Sherrod Brown,48.0
us-202wedb13225b0,senate,OH,0,Wedgewood Polls,2026-08-11,2026-08-13,800.0,lv,,Jon Husted,44.0
gov202wed2f55b36e,governor,OH,0,Wedgewood Polls,2026-08-11,2026-08-13,800.0,lv,,Amy Acton,47.0
gov202wed2f55b36e,governor,OH,0,Wedgewood Polls,2026-08-11,2026-08-13,800.0,lv,,Vivek Ramaswamy,46.0
us-202fab5f214a8b,house,FL,13,"Fabrizio, Lee & Associates",2026-07-21,2026-07-22,400.0,lv,,Anna Paulina Luna,49.0
us-202fab5f214a8b,house,FL,13,"Fabrizio, Lee & Associates",2026-07-21,2026-07-22,400.0,lv,,Leela Gray,41.0
us-202gba7596c230,senate,MI,0,GBAO Strategies,2026-08-06,2026-08-10,800.0,lv,D,Abdul El-Sayed,50.0
us-202gba7596c230,senate,MI,0,GBAO Strategies,2026-08-06,2026-08-10,800.0,lv,D,Mike Rogers,44.0
gov202plab53c0b38,governor,WI,0,Platform Communications,2026-08-12,2026-08-13,500.0,lv,,David Crowley,48.0
gov202plab53c0b38,governor,WI,0,Platform Communications,2026-08-12,2026-08-13,500.0,lv,,Tom Tiffany,44.0
gov202ste25bcebfb,governor,AZ,0,Stealth Analytics,2026-08-11,2026-08-13,530.0,lv,,Katie Hobbs,43.0
gov202ste25bcebfb,governor,AZ,0,Stealth Analytics,2026-08-11,2026-08-13,530.0,lv,,Andy Biggs,38.0
us-202uni86a7074d,senate,MA,0,University of Massachusetts Department of Political Science/YouGov,2026-08-05,2026-08-12,800.0,rv,,Ed Markey,51.0
us-202uni86a7074d,senate,MA,0,University of Massachusetts Department of Political Science/YouGov,2026-08-05,2026-08-12,800.0,rv,,John Deaton,30.0
us-202unibd1bf2da,senate,MA,0,University of Massachusetts Department of Political Science/YouGov,2026-08-05,2026-08-12,800.0,rv,,Seth Moulton,49.0
us-202unibd1bf2da,senate,MA,0,University of Massachusetts Department of Political Science/YouGov,2026-08-05,2026-08-12,800.0,rv,,John Deaton,25.0
us-202susb1d73b8b,senate,MI,0,Susquehanna Polling & Research,2026-08-11,2026-08-17,800.0,rv,,Abdul El-Sayed,46.0
us-202susb1d73b8b,senate,MI,0,Susquehanna Polling & Research,2026-08-11,2026-08-17,800.0,rv,,Mike Rogers,39.0
us-202tip8915c085,senate,MI,0,TIPP Insights,2026-08-06,2026-08-10,1528.0,rv,R,Abdul El-Sayed,45.0
us-202tip8915c085,senate,MI,0,TIPP Insights,2026-08-06,2026-08-10,1528.0,rv,R,Mike Rogers,42.0
us-202uni979cabda,senate,FL,0,University of North Florida,2026-02-21,2026-03-02,768.0,lv,,Angie Nixon,38.0
us-202uni979cabda,senate,FL,0,University of North Florida,2026-02-21,2026-03-02,768.0,lv,,Ashley Moody,46.0
us-202emed67d42c8,senate,FL,0,Emerson College,2026-03-29,2026-03-31,1125.0,lv,,Angie Nixon,36.0
us-202emed67d42c8,senate,FL,0,Emerson College,2026-03-29,2026-03-31,1125.0,lv,,Ashley Moody,47.0
us-202unic788577e,senate,FL,0,University of North Florida,2026-07-08,2026-07-17,848.0,lv,,Angie Nixon,42.0
us-202unic788577e,senate,FL,0,University of North Florida,2026-07-08,2026-07-17,848.0,lv,,Ashley Moody,50.0
us-202ins63791cfb,senate,GA,0,InsiderAdvantage,2026-08-16,2026-08-17,800.0,lv,,Jon Ossoff,50.1
us-202ins63791cfb,senate,GA,0,InsiderAdvantage,2026-08-16,2026-08-17,800.0,lv,,Mike Collins,42.6
gov202ins19d2636f,governor,GA,0,InsiderAdvantage,2026-08-16,2026-08-17,800.0,lv,,Keisha Lance Bottoms,46.2
gov202ins19d2636f,governor,GA,0,InsiderAdvantage,2026-08-16,2026-08-17,800.0,lv,,Rick Jackson,46.3
gov202uni19e2a35f,governor,MA,0,University of Massachusetts Department of Political Science/YouGov,2026-08-05,2026-08-12,800.0,rv,,Maura Healy,53.0
gov202uni19e2a35f,governor,MA,0,University of Massachusetts Department of Political Science/YouGov,2026-08-05,2026-08-12,800.0,rv,,Brian Shortsleeve,33.0
us-202j.le2159a92,senate,AR,0,J.L. Partners,2026-08-14,2026-08-18,803.0,lv,,Tom Cotton,51.0
us-202j.le2159a92,senate,AR,0,J.L. Partners,2026-08-14,2026-08-18,803.0,lv,,Hallie Shoffner,35.0
us-202j.le2159a92,senate,AR,0,J.L. Partners,2026-08-14,2026-08-18,803.0,lv,,Jeff Wadlin,4.0
gov202sura09da26d,governor,MN,0,SurveyUSA,2026-08-13,2026-08-17,661.0,lv,,Amy Klobuchar,52.0
gov202sura09da26d,governor,MN,0,SurveyUSA,2026-08-13,2026-08-17,661.0,lv,,Lisa Demuth,36.0
gov202sura09da26d,governor,MN,0,SurveyUSA,2026-08-13,2026-08-17,661.0,lv,,Steven Young,1.0
us-202sur47670306,senate,MN,0,SurveyUSA,2026-08-13,2026-08-17,661.0,lv,,Peggy Flanagan,46.0
us-202sur47670306,senate,MN,0,SurveyUSA,2026-08-13,2026-08-17,661.0,lv,,Michele Tafoya,41.0
us-202sur47670306,senate,MN,0,SurveyUSA,2026-08-13,2026-08-17,661.0,lv,,Marisa Simonetti,1.0
us-202sur47670306,senate,MN,0,SurveyUSA,2026-08-13,2026-08-17,661.0,lv,,Rebecca Whiting,1.0
us-202j.lcde5bf32,house,NY,21,J.L. Partners,2026-08-15,2026-08-17,500.0,lv,,Anthony Constantino,53.0
us-202j.lcde5bf32,house,NY,21,J.L. Partners,2026-08-15,2026-08-17,500.0,lv,,Blake Gendebien,40.0
gov202nobb8fa340d,governor,AZ,0,Noble Predictive Insights,2026-08-10,2026-08-13,923.0,lv,,Katie Hobbs,48.0
gov202nobb8fa340d,governor,AZ,0,Noble Predictive Insights,2026-08-10,2026-08-13,923.0,lv,,Andy Biggs,35.0
gov202nobb8fa340d,governor,AZ,0,Noble Predictive Insights,2026-08-10,2026-08-13,923.0,lv,,Teri Ann Hourihan,1.0
gov202nobb8fa340d,governor,AZ,0,Noble Predictive Insights,2026-08-10,2026-08-13,923.0,lv,,Risa Lombardo,2.0
us-202glo69af5ff3,house,MI,7,Global Strategy Group,2026-08-11,2026-08-13,500.0,lv,D,William Lawrence,49.0
us-202glo69af5ff3,house,MI,7,Global Strategy Group,2026-08-11,2026-08-13,500.0,lv,D,Tom Barrett,47.0
us-202fab12ee3caf,senate,MI,0,"Fabrizio, Lee & Associates/Impact Research",2026-08-09,2026-08-11,877.0,lv,,Abdul El-Sayed,48.0
us-202fab12ee3caf,senate,MI,0,"Fabrizio, Lee & Associates/Impact Research",2026-08-09,2026-08-11,877.0,lv,,Mike Rogers,47.0
gov202fabf0985b10,governor,MI,0,"Fabrizio, Lee & Associates/Impact Research",2026-08-09,2026-08-11,877.0,lv,,Jocelyn Benson,49.0
gov202fabf0985b10,governor,MI,0,"Fabrizio, Lee & Associates/Impact Research",2026-08-09,2026-08-11,877.0,lv,,John James,44.0
us-202tav1ccea6ab,house,FL,22,Tavern Research,2026-08-10,2026-08-12,551.0,lv,,Casey Askar,50.0
us-202tav1ccea6ab,house,FL,22,Tavern Research,2026-08-10,2026-08-12,551.0,lv,,Pia Dandiya,50.0
gov202nexd1d1735a,governor,AZ,0,NextGen Polling,2026-08-17,2026-08-19,1627.0,rv,,Katie Hobbs,39.0
gov202nexd1d1735a,governor,AZ,0,NextGen Polling,2026-08-17,2026-08-19,1627.0,rv,,Andy Biggs,38.0
gov202nexd1d1735a,governor,AZ,0,NextGen Polling,2026-08-17,2026-08-19,1627.0,rv,,Risa Lombardo,1.0
gov202nexd1d1735a,governor,AZ,0,NextGen Polling,2026-08-17,2026-08-19,1627.0,rv,,Teri Hourihan,1.0
gov202saib7044af6,governor,NH,0,Saint Anselm College Survey Center,2026-08-17,2026-08-18,1411.0,lv,,Kelly Ayotte,49.0
gov202saib7044af6,governor,NH,0,Saint Anselm College Survey Center,2026-08-17,2026-08-18,1411.0,lv,,Cinde Warmington,38.0
us-202sai47715591,senate,NH,0,Saint Anselm College Survey Center,2026-08-17,2026-08-18,1411.0,lv,,Chris Pappas,48.0
us-202sai47715591,senate,NH,0,Saint Anselm College Survey Center,2026-08-17,2026-08-18,1411.0,lv,,John Sununu,41.0
us-202saif937cd00,senate,NH,0,Saint Anselm College Survey Center,2026-08-17,2026-08-18,1411.0,lv,,Chris Pappas,49.0
us-202saif937cd00,senate,NH,0,Saint Anselm College Survey Center,2026-08-17,2026-08-18,1411.0,lv,,Scott Brown,37.0
us-202saibb1156ba,house,NH,2,Saint Anselm College Survey Center,2026-08-17,2026-08-18,701.0,lv,,Maggie Goodlander,50.0
us-202saibb1156ba,house,NH,2,Saint Anselm College Survey Center,2026-08-17,2026-08-18,701.0,lv,,Lily Tang Williams,35.0
us-202hen3c891586,house,AR,2,Hendrix College,2026-08-12,2026-08-13,1112.0,lv,,Chris Jones,48.0
us-202hen3c891586,house,AR,2,Hendrix College,2026-08-12,2026-08-13,1112.0,lv,,French Hill,44.0
gov202kreeebd121f,governor,AZ,0,Kreate Strategies,2026-08-13,2026-08-16,900.0,lv,R,Katie Hobbs,45.0
gov202kreeebd121f,governor,AZ,0,Kreate Strategies,2026-08-13,2026-08-16,900.0,lv,R,Andy Biggs,40.0
us-202hig0453aa0e,senate,NC,0,High Point University Survey Research Center,2026-08-03,2026-08-12,660.0,lv,,Roy Cooper,50.0
us-202hig0453aa0e,senate,NC,0,High Point University Survey Research Center,2026-08-03,2026-08-12,660.0,lv,,Michael Whatley,45.0
us-202hig8ec8c4e5,senate,NC,0,High Point University Survey Research Center,2026-08-03,2026-08-12,800.0,rv,,Roy Cooper,48.0
us-202hig8ec8c4e5,senate,NC,0,High Point University Survey Research Center,2026-08-03,2026-08-12,800.0,rv,,Michael Whatley,41.0
gov202tip3799a38e,governor,WI,0,TIPP Insights,2026-08-14,2026-08-18,1119.0,lv,R,David Crowley,47.0
gov202tip3799a38e,governor,WI,0,TIPP Insights,2026-08-14,2026-08-18,1119.0,lv,R,Tom Tiffany,43.0
gov202tip71a0dd14,governor,WI,0,TIPP Insights,2026-08-14,2026-08-18,1434.0,rv,R,David Crowley,43.0
gov202tip71a0dd14,governor,WI,0,TIPP Insights,2026-08-14,2026-08-18,1434.0,rv,R,Tom Tiffany,41.0
gov202bsp2d805e65,governor,NM,0,BSP Research,2026-07-22,2026-08-07,800.0,rv,,Deb Haaland,41.0
gov202bsp2d805e65,governor,NM,0,BSP Research,2026-07-22,2026-08-07,800.0,rv,,Greg Hull,24.0
gov202quaca60018a,governor,AZ,0,Quantus Insights,2026-08-14,2026-08-17,780.0,lv,,Katie Hobbs,49.0
gov202quaca60018a,governor,AZ,0,Quantus Insights,2026-08-14,2026-08-17,780.0,lv,,Andy Biggs,43.0
gov202hig20c1b034,governor,AZ,0,HighGround,2026-08-15,2026-08-18,400.0,lv,,Katie Hobbs,50.0
gov202hig20c1b034,governor,AZ,0,HighGround,2026-08-15,2026-08-18,400.0,lv,,Andy Biggs,34.0
gov202hig20c1b034,governor,AZ,0,HighGround,2026-08-15,2026-08-18,400.0,lv,,Teri Hourihan,2.0
gov202hig20c1b034,governor,AZ,0,HighGround,2026-08-15,2026-08-18,400.0,lv,,Risa Lombardo,1.0
gov202the8ae2c7ef,governor,PA,0,The New York Times/Siena University,2026-08-17,2026-08-21,760.0,lv,,Josh Shapiro,55.0
gov202the8ae2c7ef,governor,PA,0,The New York Times/Siena University,2026-08-17,2026-08-21,760.0,lv,,Stacy Garrity,39.0
gov202thefa80fdf0,governor,PA,0,The New York Times/Siena University,2026-08-17,2026-08-21,760.0,rv,,Josh Shapiro,54.0
gov202thefa80fdf0,governor,PA,0,The New York Times/Siena University,2026-08-17,2026-08-21,760.0,rv,,Stacy Garrity,37.0
us-202the54ba4671,senate,TX,0,The Texas Politics Project at the University of Texas at Austin/YouGov,2026-08-05,2026-08-13,1218.0,rv,,James Talarico,42.0
us-202the54ba4671,senate,TX,0,The Texas Politics Project at the University of Texas at Austin/YouGov,2026-08-05,2026-08-13,1218.0,rv,,Ken Paxton,39.0
us-202the54ba4671,senate,TX,0,The Texas Politics Project at the University of Texas at Austin/YouGov,2026-08-05,2026-08-13,1218.0,rv,,Ted Brown,3.0
gen202mor486fec38,generic,US,0,Morning Consult,2025-12-22,2025-12-28,24000.0,rv,,Dem,44.0
gen202mor486fec38,generic,US,0,Morning Consult,2025-12-22,2025-12-28,24000.0,rv,,Rep,44.0
gen202mor950d8ecd,generic,US,0,Morning Consult,2026-04-27,2026-05-03,24000.0,rv,,Dem,46.0
gen202mor950d8ecd,generic,US,0,Morning Consult,2026-04-27,2026-05-03,24000.0,rv,,Rep,43.0
gen202morb2eb12dc,generic,US,0,Morning Consult,2026-05-04,2026-05-10,24000.0,rv,,Dem,45.0
gen202morb2eb12dc,generic,US,0,Morning Consult,2026-05-04,2026-05-10,24000.0,rv,,Rep,42.0
gen202mora1cc2932,generic,US,0,Morning Consult,2026-07-06,2026-07-12,24000.0,rv,,Dem,46.0
gen202mora1cc2932,generic,US,0,Morning Consult,2026-07-06,2026-07-12,24000.0,rv,,Rep,43.0
gen202nob71129946,generic,US,0,Noble Predictive Insights,2026-08-12,2026-08-16,2533.0,rv,,Dem,47.0
gen202nob71129946,generic,US,0,Noble Predictive Insights,2026-08-12,2026-08-16,2533.0,rv,,Rep,42.0
gen202ipsc06cf7d6,generic,US,0,Ipsos,2026-08-21,2026-08-24,951.0,rv,,Dem,41.0
gen202ipsc06cf7d6,generic,US,0,Ipsos,2026-08-21,2026-08-24,951.0,rv,,Rep,35.0
gen202ips32a4331e,generic,US,0,Ipsos,2026-08-21,2026-08-24,1215.0,a,,Dem,35.0
gen202ips32a4331e,generic,US,0,Ipsos,2026-08-21,2026-08-24,1215.0,a,,Rep,29.0
gen202you3f6356b0,generic,US,0,YouGov,2026-08-21,2026-08-24,1377.0,rv,,Dem,46.0
gen202you3f6356b0,generic,US,0,YouGov,2026-08-21,2026-08-24,1377.0,rv,,Rep,40.0
gen202youc1d6d31f,generic,US,0,YouGov,2026-08-21,2026-08-24,1534.0,a,,Dem,37.0
gen202youc1d6d31f,generic,US,0,YouGov,2026-08-21,2026-08-24,1534.0,a,,Rep,31.0
us-202tex35ec19da,house,TX,28,Texas Southern University Barbara Jordan Public Policy Research and Survey Center,2026-07-27,2026-07-30,600.0,lv,,Henry Cuellar,45.0
us-202tex35ec19da,house,TX,28,Texas Southern University Barbara Jordan Public Policy Research and Survey Center,2026-07-27,2026-07-30,600.0,lv,,Tano Tijerina,34.0
us-202tex35ec19da,house,TX,28,Texas Southern University Barbara Jordan Public Policy Research and Survey Center,2026-07-27,2026-07-30,600.0,lv,,Marlón Durán,6.0
us-202tex909ea2d7,house,TX,34,Texas Southern University Barbara Jordan Public Policy Research and Survey Center,2026-07-27,2026-07-30,700.0,lv,,Vicente Gonzalez,45.0
us-202tex909ea2d7,house,TX,34,Texas Southern University Barbara Jordan Public Policy Research and Survey Center,2026-07-27,2026-07-30,700.0,lv,,Eric Flores,42.0
us-202tex909ea2d7,house,TX,34,Texas Southern University Barbara Jordan Public Policy Research and Survey Center,2026-07-27,2026-07-30,700.0,lv,,Eddie Espinoza,3.0
us-202tex909ea2d7,house,TX,34,Texas Southern University Barbara Jordan Public Policy Research and Survey Center,2026-07-27,2026-07-30,700.0,lv,,Chris Royal,2.0
us-202texe83b516f,house,TX,15,Texas Southern University Barbara Jordan Public Policy Research and Survey Center,2026-07-27,2026-07-30,700.0,lv,,Bobby Pulido,50.0
us-202texe83b516f,house,TX,15,Texas Southern University Barbara Jordan Public Policy Research and Survey Center,2026-07-27,2026-07-30,700.0,lv,,Monica De La Cruz,45.0
gov202sufbade674c,governor,IA,0,Suffolk University,2026-08-20,2026-08-23,500.0,lv,,Rob Sand,47.8
gov202sufbade674c,governor,IA,0,Suffolk University,2026-08-20,2026-08-23,500.0,lv,,Zach Lahn,43.6
us-202sufc2449e1f,senate,IA,0,Suffolk University,2026-08-20,2026-08-23,500.0,lv,,Ashley Hinson,45.4
us-202sufc2449e1f,senate,IA,0,Suffolk University,2026-08-20,2026-08-23,500.0,lv,,Josh Turek,40.8
us-202unie006e257,senate,NH,0,University of New Hampshire,2026-08-20,2026-08-24,1878.0,lv,,Chris Pappas,43.0
us-202unie006e257,senate,NH,0,University of New Hampshire,2026-08-20,2026-08-24,1878.0,lv,,John Sununu,45.0
us-202sli394bd9a0,senate,TX,0,Slingshot Strategies,2026-08-21,2026-08-24,1000.0,lv,,James Talarico,48.0
us-202sli394bd9a0,senate,TX,0,Slingshot Strategies,2026-08-21,2026-08-24,1000.0,lv,,Ken Paxton,42.0
us-202sli394bd9a0,senate,TX,0,Slingshot Strategies,2026-08-21,2026-08-24,1000.0,lv,,Ted Brown,1.0
gov202sli33eb9fcb,governor,TX,0,Slingshot Strategies,2026-08-21,2026-08-24,1000.0,lv,,Greg Abbott,49.0
gov202sli33eb9fcb,governor,TX,0,Slingshot Strategies,2026-08-21,2026-08-24,1000.0,lv,,Gina Hinojosa,42.0
gov202sli33eb9fcb,governor,TX,0,Slingshot Strategies,2026-08-21,2026-08-24,1000.0,lv,,Pat Dixon,1.0
gov202sli33eb9fcb,governor,TX,0,Slingshot Strategies,2026-08-21,2026-08-24,1000.0,lv,,Jenn Mack Raphoon,1.0
gov202frafedd304c,governor,PA,0,Franklin & Marshall College,2026-08-17,2026-08-23,501.0,rv,,Josh Shapiro,50.0
gov202frafedd304c,governor,PA,0,Franklin & Marshall College,2026-08-17,2026-08-23,501.0,rv,,Stacy Garrity,25.0
gov202frafedd304c,governor,PA,0,Franklin & Marshall College,2026-08-17,2026-08-23,501.0,rv,,Tony Dastra,2.0
us-202uni2c6a92aa,senate,RI,0,University of New Hampshire,2026-08-20,2026-08-24,750.0,lv,,Jack Reed,51.0
us-202uni2c6a92aa,senate,RI,0,University of New Hampshire,2026-08-20,2026-08-24,750.0,lv,,Raymond McKay,31.0
us-202uni2c6a92aa,senate,RI,0,University of New Hampshire,2026-08-20,2026-08-24,750.0,lv,,Michael Bahry,2.0
us-202uni38178073,senate,NH,0,University of New Hampshire,2026-08-20,2026-08-24,1878.0,lv,,Chris Pappas,45.0
us-202uni38178073,senate,NH,0,University of New Hampshire,2026-08-20,2026-08-24,1878.0,lv,,Scott Brown,40.0
us-202unic67dc15d,senate,MA,0,University of New Hampshire,2026-08-20,2026-08-24,881.0,lv,,Ed Markey,49.0
us-202unic67dc15d,senate,MA,0,University of New Hampshire,2026-08-20,2026-08-24,881.0,lv,,John Deaton,30.0
us-202unic67dc15d,senate,MA,0,University of New Hampshire,2026-08-20,2026-08-24,881.0,lv,,Joe Tache,7.0
us-202unif995f365,senate,MA,0,University of New Hampshire,2026-08-20,2026-08-24,881.0,lv,,Seth Moulton,38.0
us-202unif995f365,senate,MA,0,University of New Hampshire,2026-08-20,2026-08-24,881.0,lv,,John Deaton,25.0
us-202unif995f365,senate,MA,0,University of New Hampshire,2026-08-20,2026-08-24,881.0,lv,,Joe Tache,16.0
us-202quad5474d87,house,OH,1,Quantus Insights,2026-08-21,2026-08-24,509.0,lv,,Greg Landsman,47.9
us-202quad5474d87,house,OH,1,Quantus Insights,2026-08-21,2026-08-24,509.0,lv,,Eric Conroy,44.6
gov202mare9ac6d63,governor,WI,0,Marquette University Law School,2026-08-12,2026-08-20,738.0,lv,,David Crowley,49.0
gov202mare9ac6d63,governor,WI,0,Marquette University Law School,2026-08-12,2026-08-20,738.0,lv,,Tom Tiffany,44.0
gov202mar91835a0d,governor,WI,0,Marquette University Law School,2026-08-12,2026-08-20,891.0,rv,,David Crowley,44.0
gov202mar91835a0d,governor,WI,0,Marquette University Law School,2026-08-12,2026-08-20,891.0,rv,,Tom Tiffany,44.0
gov202uniadd0730c,governor,RI,0,University of New Hampshire,2026-08-20,2026-08-24,750.0,lv,,Helena Foulkes,42.0
gov202uniadd0730c,governor,RI,0,University of New Hampshire,2026-08-20,2026-08-24,750.0,lv,,Ken Block,18.0
gov202uniadd0730c,governor,RI,0,University of New Hampshire,2026-08-20,2026-08-24,750.0,lv,,Elaine Pelino,20.0
gov202uniadd0730c,governor,RI,0,University of New Hampshire,2026-08-20,2026-08-24,750.0,lv,,Jasjit Gotra,1.0
gov202uniadd0730c,governor,RI,0,University of New Hampshire,2026-08-20,2026-08-24,750.0,lv,,CD Reynolds,1.0
gov202uni9b4ef0cd,governor,NH,0,University of New Hampshire,2026-08-20,2026-08-24,1878.0,lv,,Kelly Ayotte,49.0
gov202uni9b4ef0cd,governor,NH,0,University of New Hampshire,2026-08-20,2026-08-24,1878.0,lv,,Cinde Warmington,39.0
gov202uni71fc59c3,governor,CT,0,University of New Hampshire,2026-08-20,2026-08-24,809.0,lv,,Ned Lamont,52.0
gov202uni71fc59c3,governor,CT,0,University of New Hampshire,2026-08-20,2026-08-24,809.0,lv,,Ryan Fazio,37.0
gov202uni70c72032,governor,MA,0,University of New Hampshire,2026-08-20,2026-08-24,881.0,lv,,Maura Healy,54.0
gov202uni70c72032,governor,MA,0,University of New Hampshire,2026-08-20,2026-08-24,881.0,lv,,Michael Minogue,30.0
gov202brac0fcbe4a,governor,PA,0,Bravo Group,2026-08-18,2026-08-22,711.0,lv,,Josh Shapiro,56.0
gov202brac0fcbe4a,governor,PA,0,Bravo Group,2026-08-18,2026-08-22,711.0,lv,,Stacy Garrity,25.0
us-202dat084dfba9,senate,MS,0,Data for Progress,2026-08-05,2026-08-15,1018.0,lv,D,Cindy Hyde-Smith,47.0
us-202dat084dfba9,senate,MS,0,Data for Progress,2026-08-05,2026-08-15,1018.0,lv,D,Scott Colom,41.0
gov202you30403394,governor,IA,0,YouGov,2026-09-03,2026-09-08,2041.0,lv,,Zach Lahn,41.0
gov202you30403394,governor,IA,0,YouGov,2026-09-03,2026-09-08,2041.0,lv,,Rob Sand,51.0
us-202ala08564c87,house,AK,1,Alaska Survey Research,2026-08-20,2026-08-23,1872.0,lv,,Nick Begich,50.6
us-202ala08564c87,house,AK,1,Alaska Survey Research,2026-08-20,2026-08-23,1872.0,lv,,Bill Hill,39.1
us-202ala08564c87,house,AK,1,Alaska Survey Research,2026-08-20,2026-08-23,1872.0,lv,,Eric Hafner,4.6
us-202ala08564c87,house,AK,1,Alaska Survey Research,2026-08-20,2026-08-23,1872.0,lv,,John Williams,5.7
us-202epi5f481027,senate,MI,0,EPIC-MRA,2026-08-22,2026-08-28,600.0,lv,,Abdul El-Sayed,47.0
us-202epi5f481027,senate,MI,0,EPIC-MRA,2026-08-22,2026-08-28,600.0,lv,,Mike Rogers,43.0
gov202epid5412b4c,governor,MI,0,EPIC-MRA,2026-08-22,2026-08-28,600.0,lv,,Jocelyn Benson,45.0
gov202epid5412b4c,governor,MI,0,EPIC-MRA,2026-08-22,2026-08-28,600.0,lv,,John James,41.0
gov202wedc80e1999,governor,IA,0,Wedgewood Polls,2026-08-27,2026-08-29,600.0,lv,,Rob Sand,51.0
gov202wedc80e1999,governor,IA,0,Wedgewood Polls,2026-08-27,2026-08-29,600.0,lv,,Zach Lahn,46.0
us-202glo6fc3cf65,house,MI,10,Global Strategy Group,2026-08-10,2026-08-13,600.0,lv,D,Christina Hines,45.0
us-202glo6fc3cf65,house,MI,10,Global Strategy Group,2026-08-10,2026-08-13,600.0,lv,D,Michael Bouchard,45.0
us-202gqr8c1f3d93,house,PA,1,GQR,2026-08-19,2026-08-23,400.0,lv,D,Bob Harvie,48.0
us-202gqr8c1f3d93,house,PA,1,GQR,2026-08-19,2026-08-23,400.0,lv,D,Brian Fitzpatrick,49.0
us-202har548dbd3f,house,FL,13,Hart Research Associates,2026-08-25,2026-08-27,500.0,lv,D,Anna Paulina Luna,43.0
us-202har548dbd3f,house,FL,13,Hart Research Associates,2026-08-25,2026-08-27,500.0,lv,D,Leela Gray,44.0
us-202har548dbd3f,house,FL,13,Hart Research Associates,2026-08-25,2026-08-27,500.0,lv,D,Tony D'Arrigo,7.0
us-202resf47cceea,senate,NM,0,Research & Polling Inc.,2026-08-21,2026-08-28,516.0,lv,,Ben Ray Luján,53.0
us-202resf47cceea,senate,NM,0,Research & Polling Inc.,2026-08-21,2026-08-28,516.0,lv,,Larry Marker,38.0
gov202mic5eb03b97,governor,MI,0,Michigan State University Institute for Public Policy and Social Research/YouGov,2026-08-10,2026-08-20,779.0,lv,,Jocelyn Benson,52.0
gov202mic5eb03b97,governor,MI,0,Michigan State University Institute for Public Policy and Social Research/YouGov,2026-08-10,2026-08-20,779.0,lv,,John James,43.0
gov202mice83aa799,governor,MI,0,Michigan State University Institute for Public Policy and Social Research/YouGov,2026-08-10,2026-08-20,913.0,rv,,Jocelyn Benson,49.0
gov202mice83aa799,governor,MI,0,Michigan State University Institute for Public Policy and Social Research/YouGov,2026-08-10,2026-08-20,913.0,rv,,John James,39.0
us-202micb55519f5,senate,MI,0,Michigan State University Institute for Public Policy and Social Research/YouGov,2026-08-10,2026-08-20,779.0,lv,,Abdul El-Sayed,50.0
us-202micb55519f5,senate,MI,0,Michigan State University Institute for Public Policy and Social Research/YouGov,2026-08-10,2026-08-20,779.0,lv,,Mike Rogers,45.0
us-202miccc27552a,senate,MI,0,Michigan State University Institute for Public Policy and Social Research/YouGov,2026-08-10,2026-08-20,913.0,rv,,Abdul El-Sayed,48.0
us-202miccc27552a,senate,MI,0,Michigan State University Institute for Public Policy and Social Research/YouGov,2026-08-10,2026-08-20,913.0,rv,,Mike Rogers,44.0
us-202norf7bc03a2,house,TX,35,"Normington, Petts & Associates",2026-08-27,2026-08-31,500.0,lv,D,Johnny Garcia,44.0
us-202norf7bc03a2,house,TX,35,"Normington, Petts & Associates",2026-08-27,2026-08-31,500.0,lv,D,Carlos De La Cruz,45.0
gov202emed6f735ab,governor,IA,0,Emerson College,2026-08-31,2026-09-01,750.0,lv,,Rob Sand,49.0
gov202emed6f735ab,governor,IA,0,Emerson College,2026-08-31,2026-09-01,750.0,lv,,Zach Lahn,46.0
us-202emec4141ca7,senate,IA,0,Emerson College,2026-08-31,2026-09-01,750.0,lv,,Ashley Hinson,50.0
us-202emec4141ca7,senate,IA,0,Emerson College,2026-08-31,2026-09-01,750.0,lv,,Josh Turek,45.0
us-202ala6eea5978,senate,AK,0,Alaska Survey Research,2026-08-20,2026-08-23,1495.0,lv,,Mary Peltola,50.6
us-202ala6eea5978,senate,AK,0,Alaska Survey Research,2026-08-20,2026-08-23,1495.0,lv,,Dan Sullivan,49.4
gov202tar2b53cae7,governor,TN,0,Targoz Market Research,2026-08-15,2026-08-26,1149.0,rv,,Marsha Blackburn,46.0
gov202tar2b53cae7,governor,TN,0,Targoz Market Research,2026-08-15,2026-08-26,1149.0,rv,,Jerri Green,33.0
gov202tar2b53cae7,governor,TN,0,Targoz Market Research,2026-08-15,2026-08-26,1149.0,rv,,Independent,8.0
us-202tara610e9e2,senate,TN,0,Targoz Market Research,2026-08-15,2026-08-26,1157.0,rv,,Bill Hagerty,51.0
us-202tara610e9e2,senate,TN,0,Targoz Market Research,2026-08-15,2026-08-26,1157.0,rv,,Marquita Bradshaw,31.0
gov202conb6a8d324,governor,NY,0,Concord Public Opinion Partners,2026-08-19,2026-08-21,505.0,lv,D,Kathy Hochul,50.0
gov202conb6a8d324,governor,NY,0,Concord Public Opinion Partners,2026-08-19,2026-08-21,505.0,lv,D,Bruce Blakeman,34.0
us-202sur44bc5f16,house,NM,2,SurveyUSA,2026-08-28,2026-09-02,554.0,lv,,Gabe Vasquez,46.0
us-202sur44bc5f16,house,NM,2,SurveyUSA,2026-08-28,2026-09-02,554.0,lv,,Greg Cunningham,43.0
us-202surf8843a2d,house,CA,48,SurveyUSA,2026-08-27,2026-09-01,522.0,lv,,Marni von Wilpert,45.0
us-202surf8843a2d,house,CA,48,SurveyUSA,2026-08-27,2026-09-01,522.0,lv,,Jim Desmond,42.0
gen202mor1928580e,generic,US,0,Morning Consult,2026-09-04,2026-09-06,2203.0,rv,,Dem,46.0
gen202mor1928580e,generic,US,0,Morning Consult,2026-09-04,2026-09-06,2203.0,rv,,Rep,42.0
gen202you883b1d2b,generic,US,0,YouGov,2026-09-04,2026-09-08,1015.0,lv,,Dem,49.0
gen202you883b1d2b,generic,US,0,YouGov,2026-09-04,2026-09-08,1015.0,lv,,Rep,38.0
us-202youc39ac53a,senate,TX,0,YouGov,2026-08-27,2026-09-04,1000.0,rv,,James Talarico,48.0
us-202youc39ac53a,senate,TX,0,YouGov,2026-08-27,2026-09-04,1000.0,rv,,Ken Paxton,43.0
gov202youd945dff6,governor,TX,0,YouGov,2026-08-27,2026-09-04,1000.0,rv,,Greg Abbott,47.0
gov202youd945dff6,governor,TX,0,YouGov,2026-08-27,2026-09-04,1000.0,rv,,Gina Hinojosa,47.0
gov202emead385734,governor,NV,0,Emerson College,2026-09-05,2026-09-08,680.0,lv,,Joe Lombardo,42.0
gov202emead385734,governor,NV,0,Emerson College,2026-09-05,2026-09-08,680.0,lv,,Aaron Ford,44.2
gov202emead385734,governor,NV,0,Emerson College,2026-09-05,2026-09-08,680.0,lv,,Danielle Ford,2.4
us-202elo857d928d,senate,NC,0,Elon University/YouGov,2026-08-21,2026-08-31,565.0,lv,,Roy Cooper,49.0
us-202elo857d928d,senate,NC,0,Elon University/YouGov,2026-08-21,2026-08-31,565.0,lv,,Michael Whatley,38.0
us-202elo857d928d,senate,NC,0,Elon University/YouGov,2026-08-21,2026-08-31,565.0,lv,,Shannon Bray,2.0
us-202elo857d928d,senate,NC,0,Elon University/YouGov,2026-08-21,2026-08-31,565.0,lv,,Michael Dublin,2.0
us-202you8b2f9799,senate,ME,0,YouGov,2026-09-02,2026-09-08,1335.0,lv,,Troy Jackson,48.0
us-202you8b2f9799,senate,ME,0,YouGov,2026-09-02,2026-09-08,1335.0,lv,,Susan Collins,44.0
gov202you2c0f4e13,governor,ME,0,YouGov,2026-09-02,2026-09-08,1334.0,lv,,Hannah Pingree,47.0
gov202you2c0f4e13,governor,ME,0,YouGov,2026-09-02,2026-09-08,1334.0,lv,,Bobby Charles,36.0
gov202you2c0f4e13,governor,ME,0,YouGov,2026-09-02,2026-09-08,1334.0,lv,,Rick Bennett,2.0
us-202ame0ab6dda0,house,CA,40,American Viewpoint,2026-07-08,2026-07-12,400.0,lv,R,Ken Calvert,33.0
us-202ame0ab6dda0,house,CA,40,American Viewpoint,2026-07-08,2026-07-12,400.0,lv,R,Young Kim,32.0
us-202harc3982bab,house,TN,9,Hart Research Associates,2026-09-01,2026-09-03,400.0,lv,D,Justin Pearson,44.0
us-202harc3982bab,house,TN,9,Hart Research Associates,2026-09-01,2026-09-03,400.0,lv,D,Brent Taylor,48.0
us-202fab22efb6bc,senate,TX,0,Fabrizio Ward/Impact Research,2026-08-30,2026-09-01,895.0,lv,,James Talarico,48.0
us-202fab22efb6bc,senate,TX,0,Fabrizio Ward/Impact Research,2026-08-30,2026-09-01,895.0,lv,,Ken Paxton,44.0
gov202fab3ce59a7d,governor,TX,0,Fabrizio Ward/Impact Research,2026-08-30,2026-09-01,895.0,lv,,Gina Hinojosa,46.0
gov202fab3ce59a7d,governor,TX,0,Fabrizio Ward/Impact Research,2026-08-30,2026-09-01,895.0,lv,,Greg Abbott,49.0
us-202easa9c1ac17,senate,NC,0,East Carolina University,2026-08-31,2026-09-03,675.0,lv,,Roy Cooper,52.0
us-202easa9c1ac17,senate,NC,0,East Carolina University,2026-08-31,2026-09-03,675.0,lv,,Michael Whatley,44.0
us-202easa9c1ac17,senate,NC,0,East Carolina University,2026-08-31,2026-09-03,675.0,lv,,Shannon Bray,3.0
us-202easa9c1ac17,senate,NC,0,East Carolina University,2026-08-31,2026-09-03,675.0,lv,,Michael Dublin,1.0
us-202ins635442db,senate,SC,0,InsiderAdvantage,2026-09-08,2026-09-09,1200.0,lv,,Darline Graham,45.1
us-202ins635442db,senate,SC,0,InsiderAdvantage,2026-09-08,2026-09-09,1200.0,lv,,Annie Andrews,43.2
us-202ins8df69531,senate,TX,0,InsiderAdvantage,2026-09-08,2026-09-09,1200.0,lv,,James Talarico,47.1
us-202ins8df69531,senate,TX,0,InsiderAdvantage,2026-09-08,2026-09-09,1200.0,lv,,Ken Paxton,45.6
us-202ins8df69531,senate,TX,0,InsiderAdvantage,2026-09-08,2026-09-09,1200.0,lv,,Ted Brown,2.2
us-202ins890b679a,senate,OH,0,InsiderAdvantage,2026-09-08,2026-09-09,1200.0,lv,,Sherrod Brown,47.3
us-202ins890b679a,senate,OH,0,InsiderAdvantage,2026-09-08,2026-09-09,1200.0,lv,,Jon Husted,41.9
us-202traa454dc67,senate,MI,0,Trafalgar Group,2026-09-07,2026-09-09,1079.0,lv,R,Abdul El-Sayed,46.3
us-202traa454dc67,senate,MI,0,Trafalgar Group,2026-09-07,2026-09-09,1079.0,lv,R,Mike Rogers,44.8
us-202traa454dc67,senate,MI,0,Trafalgar Group,2026-09-07,2026-09-09,1079.0,lv,R,Lydia Christensen,0.8
us-202traa454dc67,senate,MI,0,Trafalgar Group,2026-09-07,2026-09-09,1079.0,lv,R,Tim Long,0.7
us-202traa454dc67,senate,MI,0,Trafalgar Group,2026-09-07,2026-09-09,1079.0,lv,R,Douglas P. Marsh,0.4
us-202traa454dc67,senate,MI,0,Trafalgar Group,2026-09-07,2026-09-09,1079.0,lv,R,Walter P. Kristy,0.2
us-202cha69e5536b,senate,FL,0,Change Research,2026-09-07,2026-09-09,1107.0,lv,,Ashley Moody,47.0
us-202cha69e5536b,senate,FL,0,Change Research,2026-09-07,2026-09-09,1107.0,lv,,Angie Nixon,47.0
gov202cha6fdf31d1,governor,FL,0,Change Research,2026-09-07,2026-09-09,1107.0,lv,,David Jolly,47.0
gov202cha6fdf31d1,governor,FL,0,Change Research,2026-09-07,2026-09-09,1107.0,lv,,Byron Donalds,44.0
us-202qua8837472c,senate,MN,0,Quantus Insights,2026-09-08,2026-09-10,720.0,lv,,Peggy Flanagan,48.2
us-202qua8837472c,senate,MN,0,Quantus Insights,2026-09-08,2026-09-10,720.0,lv,,Michele Tafoya,44.4
us-202qua2b8ed3cb,senate,FL,0,Quantus Insights,2026-09-08,2026-09-10,733.0,lv,,Ashley Moody,50.1
us-202qua2b8ed3cb,senate,FL,0,Quantus Insights,2026-09-08,2026-09-10,733.0,lv,,Angie Nixon,42.7
us-202youa33846f3,senate,IA,0,YouGov,2026-09-03,2026-09-08,2166.0,rv,,Ashley Hinson,43.0
us-202youa33846f3,senate,IA,0,YouGov,2026-09-03,2026-09-08,2166.0,rv,,Josh Turek,44.0
us-202youe257a121,senate,IA,0,YouGov,2026-09-03,2026-09-08,2041.0,lv,,Josh Turek,47.0
us-202youe257a121,senate,IA,0,YouGov,2026-09-03,2026-09-08,2041.0,lv,,Ashley Hinson,43.0
gov202you89addccd,governor,IA,0,YouGov,2026-09-03,2026-09-08,2167.0,rv,,Rob Sand,50.0
gov202you89addccd,governor,IA,0,YouGov,2026-09-03,2026-09-08,2167.0,rv,,Zach Lahn,39.0
us-202sur23f1946c,house,NE,2,SurveyUSA,2026-09-08,2026-09-13,182.0,lv,,Denise Powell,46.0
us-202sur23f1946c,house,NE,2,SurveyUSA,2026-09-08,2026-09-13,182.0,lv,,Brinker Harding,42.0
gov202co/fb4b800b,governor,NH,0,co/efficient,2026-09-09,2026-09-11,958.0,lv,,Kelly Ayotte,55.0
gov202co/fb4b800b,governor,NH,0,co/efficient,2026-09-09,2026-09-11,958.0,lv,,Cinde Warmington,34.0
gov202dhm1d9de253,governor,OR,0,DHM Research,2026-09-11,2026-09-11,600.0,lv,,Tina Kotek,43.0
gov202dhm1d9de253,governor,OR,0,DHM Research,2026-09-11,2026-09-11,600.0,lv,,Christine Drazan,45.0
us-202co/dc2b4681,senate,IA,0,co/efficient,2026-09-14,2026-09-16,831.0,lv,R,Ashley Hinson,46.0
us-202co/dc2b4681,senate,IA,0,co/efficient,2026-09-14,2026-09-16,831.0,lv,R,Josh Turek,42.0
us-202co/dc2b4681,senate,IA,0,co/efficient,2026-09-14,2026-09-16,831.0,lv,R,Thomas Laehn,2.0
gov202co/562ad972,governor,IA,0,co/efficient,2026-09-14,2026-09-16,831.0,lv,R,Rob Sand,46.0
gov202co/562ad972,governor,IA,0,co/efficient,2026-09-14,2026-09-16,831.0,lv,R,Zach Lahn,42.0
us-202glo80ac6525,house,NE,1,Global Strategy Group,2026-08-31,2026-09-03,600.0,lv,D,Mike Flood,45.0
us-202glo80ac6525,house,NE,1,Global Strategy Group,2026-08-31,2026-09-03,600.0,lv,D,Chris Backemeyer,49.0
gov202sur082f7091,governor,MN,0,SurveyUSA,2026-09-09,2026-09-14,654.0,lv,,Amy Klobuchar,47.0
gov202sur082f7091,governor,MN,0,SurveyUSA,2026-09-09,2026-09-14,654.0,lv,,Lisa Demuth,40.0
gov202sur082f7091,governor,MN,0,SurveyUSA,2026-09-09,2026-09-14,654.0,lv,,Steven Young,3.0
us-202sura38c6933,senate,MN,0,SurveyUSA,2026-09-09,2026-09-14,654.0,lv,,Peggy Flanagan,42.0
us-202sura38c6933,senate,MN,0,SurveyUSA,2026-09-09,2026-09-14,654.0,lv,,Michele Tafoya,42.0
us-202sura38c6933,senate,MN,0,SurveyUSA,2026-09-09,2026-09-14,654.0,lv,,Marisa Simonetti,2.0
us-202sura38c6933,senate,MN,0,SurveyUSA,2026-09-09,2026-09-14,654.0,lv,,Rebecca Whiting,2.0
us-202qua5c07dc65,senate,ME,0,Quantus Insights,2026-09-14,2026-09-15,621.0,lv,,Troy Jackson,46.4
us-202qua5c07dc65,senate,ME,0,Quantus Insights,2026-09-14,2026-09-15,621.0,lv,,Susan Collins,47.1
us-202the9066d3a5,senate,MI,0,The Washington Post/George Mason University School of Policy and Government,2026-09-10,2026-09-14,803.0,lv,,Abdul El-Sayed,48.0
us-202the9066d3a5,senate,MI,0,The Washington Post/George Mason University School of Policy and Government,2026-09-10,2026-09-14,803.0,lv,,Mike Rogers,45.0
gov202the9aa47f37,governor,MI,0,The Washington Post/George Mason University School of Policy and Government,2026-09-10,2026-09-14,803.0,lv,,Jocelyn Benson,53.0
gov202the9aa47f37,governor,MI,0,The Washington Post/George Mason University School of Policy and Government,2026-09-10,2026-09-14,803.0,lv,,John James,41.0
us-202emee56d4394,senate,TX,0,Emerson College,2026-09-12,2026-09-14,1000.0,lv,,James Talarico,47.0
us-202emee56d4394,senate,TX,0,Emerson College,2026-09-12,2026-09-14,1000.0,lv,,Ken Paxton,46.0
us-202emee56d4394,senate,TX,0,Emerson College,2026-09-12,2026-09-14,1000.0,lv,,Ted Brown,2.0
gov202eme6536e559,governor,TX,0,Emerson College,2026-09-12,2026-09-14,1000.0,lv,,Greg Abbott,49.0
gov202eme6536e559,governor,TX,0,Emerson College,2026-09-12,2026-09-14,1000.0,lv,,Gina Hinojosa,46.0
gov202eme6536e559,governor,TX,0,Emerson College,2026-09-12,2026-09-14,1000.0,lv,,Pat Dixon,2.0
us-202eme99d02ce6,senate,MI,0,Emerson College,2026-09-12,2026-09-14,1000.0,lv,,Abdul El-Sayed,48.2
us-202eme99d02ce6,senate,MI,0,Emerson College,2026-09-12,2026-09-14,1000.0,lv,,Mike Rogers,45.7
us-202eme99d02ce6,senate,MI,0,Emerson College,2026-09-12,2026-09-14,1000.0,lv,,Lydia Christensen,0.5
us-202eme99d02ce6,senate,MI,0,Emerson College,2026-09-12,2026-09-14,1000.0,lv,,Tim Long,0.6
us-202eme99d02ce6,senate,MI,0,Emerson College,2026-09-12,2026-09-14,1000.0,lv,,Douglas P. Marsh,3.0
us-202eme99d02ce6,senate,MI,0,Emerson College,2026-09-12,2026-09-14,1000.0,lv,,Walter P. Kristy,0.3
gov202emeadcf7c77,governor,MI,0,Emerson College,2026-09-12,2026-09-14,1000.0,lv,,Jocelyn Benson,48.6
gov202emeadcf7c77,governor,MI,0,Emerson College,2026-09-12,2026-09-14,1000.0,lv,,John James,41.9
gov202emeadcf7c77,governor,MI,0,Emerson College,2026-09-12,2026-09-14,1000.0,lv,,Anthony Hudson,1.8
gov202emeadcf7c77,governor,MI,0,Emerson College,2026-09-12,2026-09-14,1000.0,lv,,Donna Brandenburg,0.7
gov202emeadcf7c77,governor,MI,0,Emerson College,2026-09-12,2026-09-14,1000.0,lv,,Douglas Campbell,0.7
us-202rec85c5cf76,senate,TX,0,ReconMR/Siena University,2026-09-08,2026-09-11,614.0,lv,,James Talarico,49.0
us-202rec85c5cf76,senate,TX,0,ReconMR/Siena University,2026-09-08,2026-09-11,614.0,lv,,Ken Paxton,43.0
gov202rece076214c,governor,TX,0,ReconMR/Siena University,2026-09-08,2026-09-11,614.0,lv,,Greg Abbott,45.0
gov202rece076214c,governor,TX,0,ReconMR/Siena University,2026-09-08,2026-09-11,614.0,lv,,Gina Hinojosa,49.0
gov202rece076214c,governor,TX,0,ReconMR/Siena University,2026-09-08,2026-09-11,614.0,lv,,Pat Dixon,0.0
us-202gra1f1faac3,house,CA,40,Grassroots Targeting,2026-09-05,2026-09-09,800.0,lv,R,Ken Calvert,34.0
us-202gra1f1faac3,house,CA,40,Grassroots Targeting,2026-09-05,2026-09-09,800.0,lv,R,Young Kim,43.0
us-202fabecd2ecd9,senate,AK,0,"Fabrizio, Lee & Associates/Impact Research",2026-09-08,2026-09-11,800.0,lv,,Mary Peltola,53.0
us-202fabecd2ecd9,senate,AK,0,"Fabrizio, Lee & Associates/Impact Research",2026-09-08,2026-09-11,800.0,lv,,Dan Sullivan,47.0
gov202fab5e9d8b1c,governor,AK,0,"Fabrizio, Lee & Associates/Impact Research",2026-09-08,2026-09-11,800.0,lv,,Jonathan Kreiss-Tomkins,55.0
gov202fab5e9d8b1c,governor,AK,0,"Fabrizio, Lee & Associates/Impact Research",2026-09-08,2026-09-11,800.0,lv,,Bernadette Wilson,45.0
us-202fab0388654c,house,AK,1,"Fabrizio, Lee & Associates/Impact Research",2026-09-08,2026-09-11,800.0,lv,,Nick Begich,57.0
us-202fab0388654c,house,AK,1,"Fabrizio, Lee & Associates/Impact Research",2026-09-08,2026-09-11,800.0,lv,,Bill Hill,43.0
us-202harfc1499b8,senate,NC,0,Harper Polling,2026-09-13,2026-09-15,608.0,lv,,Roy Cooper,49.0
us-202harfc1499b8,senate,NC,0,Harper Polling,2026-09-13,2026-09-15,608.0,lv,,Michael Whatley,34.0
us-202harfc1499b8,senate,NC,0,Harper Polling,2026-09-13,2026-09-15,608.0,lv,,Shannon Bray,3.0
us-202harfc1499b8,senate,NC,0,Harper Polling,2026-09-13,2026-09-15,608.0,lv,,Michael Dublin,2.0
us-202co/0acc5699,senate,AK,0,co/efficient,2026-09-14,2026-09-17,799.0,lv,,Mary Peltola,46.0
us-202co/0acc5699,senate,AK,0,co/efficient,2026-09-14,2026-09-17,799.0,lv,,Dan Sullivan,49.0
us-202tulc2e2b734,house,FL,27,Tulchin Research,2026-09-08,2026-09-13,600.0,lv,D,Maria Elvira Salazar,47.0
us-202tulc2e2b734,house,FL,27,Tulchin Research,2026-09-08,2026-09-13,600.0,lv,D,Eliott Rodriguez,46.0
gov202st.6ddeb57c,governor,FL,0,St. Pete Polls,2026-09-15,2026-09-17,913.0,lv,,Byron Donalds,43.5
gov202st.6ddeb57c,governor,FL,0,St. Pete Polls,2026-09-15,2026-09-17,913.0,lv,,David Jolly,43.4
us-202st.73c64f89,senate,FL,0,St. Pete Polls,2026-09-15,2026-09-17,913.0,lv,,Ashley Moody,45.2
us-202st.73c64f89,senate,FL,0,St. Pete Polls,2026-09-15,2026-09-17,913.0,lv,,Angie Nixon,44.8
us-202tra4f3f6f82,senate,OH,0,Trafalgar Group,2026-09-14,2026-09-16,1085.0,lv,R,Sherrod Brown,45.0
us-202tra4f3f6f82,senate,OH,0,Trafalgar Group,2026-09-14,2026-09-16,1085.0,lv,R,Jon Husted,42.0
us-202qua7f691cd6,senate,MT,0,Quantus Insights,2026-09-14,2026-09-15,625.0,lv,,Kurt Alme,44.0
us-202qua7f691cd6,senate,MT,0,Quantus Insights,2026-09-14,2026-09-15,625.0,lv,,Alani Bankhead,23.0
us-202qua7f691cd6,senate,MT,0,Quantus Insights,2026-09-14,2026-09-15,625.0,lv,,Seth Bodnar,24.0
gov202tar141bada4,governor,TN,0,TargetSmart,2026-09-09,2026-09-12,600.0,lv,D,Marsha Blackburn,45.0
gov202tar141bada4,governor,TN,0,TargetSmart,2026-09-09,2026-09-12,600.0,lv,D,Jerri Green,36.0
gov202tar141bada4,governor,TN,0,TargetSmart,2026-09-09,2026-09-12,600.0,lv,D,David Hatley,19.0
gov202tar141bada4,governor,TN,0,TargetSmart,2026-09-09,2026-09-12,600.0,lv,D,Lauren Pinkston,2.0
us-202emeb0bb9def,senate,KS,0,Emerson College,2026-09-15,2026-09-16,750.0,lv,,Roger Marshall,43.0
us-202emeb0bb9def,senate,KS,0,Emerson College,2026-09-15,2026-09-16,750.0,lv,,Adam Hamilton,45.0
us-202emeb0bb9def,senate,KS,0,Emerson College,2026-09-15,2026-09-16,750.0,lv,,David Graham,4.0
gov202emeb2dbe143,governor,KS,0,Emerson College,2026-09-15,2026-09-16,750.0,lv,,Ty Masterson,51.0
gov202emeb2dbe143,governor,KS,0,Emerson College,2026-09-15,2026-09-16,750.0,lv,,Cindy Holscher,44.0
us-202insf80352ad,senate,NC,0,InsiderAdvantage,2026-09-16,2026-09-17,1200.0,lv,,Roy Cooper,48.4
us-202insf80352ad,senate,NC,0,InsiderAdvantage,2026-09-16,2026-09-17,1200.0,lv,,Michael Whatley,42.5
us-202insf80352ad,senate,NC,0,InsiderAdvantage,2026-09-16,2026-09-17,1200.0,lv,,Shannon Bray,1.6
us-202insf80352ad,senate,NC,0,InsiderAdvantage,2026-09-16,2026-09-17,1200.0,lv,,Michael Dublin,1.1
us-202insfe93ffed,senate,NH,0,InsiderAdvantage,2026-09-16,2026-09-17,1200.0,lv,,Chris Pappas,48.0
us-202insfe93ffed,senate,NH,0,InsiderAdvantage,2026-09-16,2026-09-17,1200.0,lv,,John Sununu,40.0
us-202marf54f428e,senate,IA,0,Marist University,2026-09-17,2026-09-20,1050.0,rv,,Ashley Hinson,42.0
us-202marf54f428e,senate,IA,0,Marist University,2026-09-17,2026-09-20,1050.0,rv,,Josh Turek,50.0
us-202insad41796a,senate,FL,0,InsiderAdvantage,2026-09-20,2026-09-21,600.0,lv,,Ashley Moody,49.3
us-202insad41796a,senate,FL,0,InsiderAdvantage,2026-09-20,2026-09-21,600.0,lv,,Angie Nixon,41.8
us-202insad41796a,senate,FL,0,InsiderAdvantage,2026-09-20,2026-09-21,600.0,lv,,Neil Gillespie,2.4
us-202tex6938a787,senate,TX,0,Texas Southern University Barbara Jordan Public Policy Research and Survey Center,2026-09-15,2026-09-19,1800.0,lv,,James Talarico,47.0
us-202tex6938a787,senate,TX,0,Texas Southern University Barbara Jordan Public Policy Research and Survey Center,2026-09-15,2026-09-19,1800.0,lv,,Ken Paxton,46.0
us-202tex6938a787,senate,TX,0,Texas Southern University Barbara Jordan Public Policy Research and Survey Center,2026-09-15,2026-09-19,1800.0,lv,,Ted Brown,3.0
gov202texdb645b2d,governor,TX,0,Texas Southern University Barbara Jordan Public Policy Research and Survey Center,2026-09-15,2026-09-19,1800.0,lv,,Greg Abbott,49.0
gov202texdb645b2d,governor,TX,0,Texas Southern University Barbara Jordan Public Policy Research and Survey Center,2026-09-15,2026-09-19,1800.0,lv,,Gina Hinojosa,45.0
gov202texdb645b2d,governor,TX,0,Texas Southern University Barbara Jordan Public Policy Research and Survey Center,2026-09-15,2026-09-19,1800.0,lv,,Pat Dixon,2.0
us-202suf59500e62,senate,MI,0,Suffolk University,2026-09-16,2026-09-20,500.0,lv,,Abdul El-Sayed,47.0
us-202suf59500e62,senate,MI,0,Suffolk University,2026-09-16,2026-09-20,500.0,lv,,Mike Rogers,40.0
us-202suf59500e62,senate,MI,0,Suffolk University,2026-09-16,2026-09-20,500.0,lv,,Lydia Christensen,1.0
us-202suf59500e62,senate,MI,0,Suffolk University,2026-09-16,2026-09-20,500.0,lv,,Tim Long,0.0
us-202suf59500e62,senate,MI,0,Suffolk University,2026-09-16,2026-09-20,500.0,lv,,Douglas P. Marsh,0.0
us-202suf59500e62,senate,MI,0,Suffolk University,2026-09-16,2026-09-20,500.0,lv,,Walter P. Kristy,1.0
gov202suf29857b9c,governor,MI,0,Suffolk University,2026-09-16,2026-09-20,500.0,lv,,Jocelyn Benson,51.0
gov202suf29857b9c,governor,MI,0,Suffolk University,2026-09-16,2026-09-20,500.0,lv,,John James,34.0
gov202suf29857b9c,governor,MI,0,Suffolk University,2026-09-16,2026-09-20,500.0,lv,,Anthony Hudson,1.0
gov202suf29857b9c,governor,MI,0,Suffolk University,2026-09-16,2026-09-20,500.0,lv,,Donna Brandenburg,0.0
gov202suf29857b9c,governor,MI,0,Suffolk University,2026-09-16,2026-09-20,500.0,lv,,Douglas Campbell,2.0
gov202marf9ae66ed,governor,IA,0,Marist University,2026-09-17,2026-09-20,1050.0,rv,,Rob Sand,54.0
gov202marf9ae66ed,governor,IA,0,Marist University,2026-09-17,2026-09-20,1050.0,rv,,Zach Lahn,42.0
gov202surd1c462e5,governor,CA,0,SurveyUSA,2026-09-15,2026-09-20,742.0,lv,,Xavier Becerra,55.0
gov202surd1c462e5,governor,CA,0,SurveyUSA,2026-09-15,2026-09-20,742.0,lv,,Steve Hilton,33.0
gov202quie0227b77,governor,NY,0,Quinnipiac University,2026-09-17,2026-09-20,1026.0,lv,,Kathy Hochul,58.0
gov202quie0227b77,governor,NY,0,Quinnipiac University,2026-09-17,2026-09-20,1026.0,lv,,Bruce Blakeman,39.0
gov202co/08a815fe,governor,MI,0,co/efficient,2026-09-21,2026-09-23,843.0,lv,,Jocelyn Benson,47.0
gov202co/08a815fe,governor,MI,0,co/efficient,2026-09-21,2026-09-23,843.0,lv,,John James,44.0
us-202co/b838141c,senate,MI,0,co/efficient,2026-09-21,2026-09-23,843.0,lv,,Abdul El-Sayed,50.0
us-202co/b838141c,senate,MI,0,co/efficient,2026-09-21,2026-09-23,843.0,lv,,Mike Rogers,50.0
gov202the361d1d72,governor,PA,0,The New York Times/Siena University,2026-09-15,2026-09-22,615.0,lv,,Josh Shapiro,58.0
gov202the361d1d72,governor,PA,0,The New York Times/Siena University,2026-09-15,2026-09-22,615.0,lv,,Stacy Garrity,38.0
us-202the9a68a494,senate,ME,0,The New York Times/Siena University,2026-09-15,2026-09-22,619.0,lv,,Susan Collins,49.0
us-202the9a68a494,senate,ME,0,The New York Times/Siena University,2026-09-15,2026-09-22,619.0,lv,,Troy Jackson,46.0
us-202thecf4746de,senate,MI,0,The New York Times/Siena University,2026-09-15,2026-09-22,605.0,lv,,Abdul El-Sayed,49.0
us-202thecf4746de,senate,MI,0,The New York Times/Siena University,2026-09-15,2026-09-22,605.0,lv,,Mike Rogers,44.0
gov202uc 6d968dc2,governor,CA,0,UC Berkeley Institute of Governmental Studies,2026-09-15,2026-09-20,4512.0,lv,,Xavier Becerra,58.0
gov202uc 6d968dc2,governor,CA,0,UC Berkeley Institute of Governmental Studies,2026-09-15,2026-09-20,4512.0,lv,,Steve Hilton,33.0
us-202the55816505,senate,NH,0,The New York Times/Siena University,2026-09-15,2026-09-22,613.0,lv,,Chris Pappas,50.0
us-202the55816505,senate,NH,0,The New York Times/Siena University,2026-09-15,2026-09-22,613.0,lv,,John Sununu,45.0
us-202fraa24d50e1,house,PA,7,Franklin & Marshall College,2026-09-09,2026-09-20,357.0,rv,,Ryan Mackenzie,40.0
us-202fraa24d50e1,house,PA,7,Franklin & Marshall College,2026-09-09,2026-09-20,357.0,rv,,Bob Brooks,45.0
us-202frae23de26f,house,PA,10,Franklin & Marshall College,2026-09-09,2026-09-20,390.0,rv,,Janelle Stelson,47.0
us-202frae23de26f,house,PA,10,Franklin & Marshall College,2026-09-09,2026-09-20,390.0,rv,,Scott Perry,44.0
us-202higae3d1182,senate,NC,0,High Point University Survey Research Center,2026-09-09,2026-09-16,706.0,lv,,Roy Cooper,50.0
us-202higae3d1182,senate,NC,0,High Point University Survey Research Center,2026-09-09,2026-09-16,706.0,lv,,Michael Whatley,42.0
us-202uni866e047f,senate,ME,0,University of Massachusetts Lowell Center for Public Opinion/YouGov,2026-08-28,2026-09-14,650.0,lv,,Troy Jackson,48.0
us-202uni866e047f,senate,ME,0,University of Massachusetts Lowell Center for Public Opinion/YouGov,2026-08-28,2026-09-14,650.0,lv,,Susan Collins,43.0
gov202unie1105f0a,governor,ME,0,University of Massachusetts Lowell Center for Public Opinion/YouGov,2026-08-28,2026-09-14,650.0,lv,,Hannah Pingree,49.0
gov202unie1105f0a,governor,ME,0,University of Massachusetts Lowell Center for Public Opinion/YouGov,2026-08-28,2026-09-14,650.0,lv,,Bobby Charles,38.0
us-202qua2790f813,senate,OH,0,Quantus Insights,2026-09-21,2026-09-23,695.0,lv,,Sherrod Brown,47.8
us-202qua2790f813,senate,OH,0,Quantus Insights,2026-09-21,2026-09-23,695.0,lv,,Jon Husted,47.3
us-202gba03b575d0,house,MN,1,GBAO Strategies,2026-09-18,2026-09-21,500.0,lv,D,Brad Finstad,46.0
us-202gba03b575d0,house,MN,1,GBAO Strategies,2026-09-18,2026-09-21,500.0,lv,D,Jake Johnson,47.0
gov202steb5a21bdb,governor,FL,0,Stetson University Center for Public Opinion Research,2026-09-14,2026-09-21,830.0,lv,,Byron Donalds,51.0
gov202steb5a21bdb,governor,FL,0,Stetson University Center for Public Opinion Research,2026-09-14,2026-09-21,830.0,lv,,David Jolly,39.0
us-202ste67ef4e2d,senate,FL,0,Stetson University Center for Public Opinion Research,2026-09-14,2026-09-21,830.0,lv,,Ashley Moody,51.0
us-202ste67ef4e2d,senate,FL,0,Stetson University Center for Public Opinion Research,2026-09-14,2026-09-21,830.0,lv,,Angie Nixon,40.0
us-202uni02a0a46f,senate,NH,0,University of New Hampshire,2026-09-17,2026-09-21,1418.0,lv,,Chris Pappas,50.0
us-202uni02a0a46f,senate,NH,0,University of New Hampshire,2026-09-17,2026-09-21,1418.0,lv,,John Sununu,42.0
us-202uni02a0a46f,senate,NH,0,University of New Hampshire,2026-09-17,2026-09-21,1418.0,lv,,Edmond Laplante,2.0
us-202unic08cf0d0,house,NH,1,University of New Hampshire,2026-09-17,2026-09-21,711.0,lv,,Stephany Shaheen,46.0
us-202unic08cf0d0,house,NH,1,University of New Hampshire,2026-09-17,2026-09-21,711.0,lv,,Anthony DiLorenzo,42.0
us-202unie2f0d260,house,NH,2,University of New Hampshire,2026-09-17,2026-09-21,702.0,lv,,Maggie Goodlander,56.0
us-202unie2f0d260,house,NH,2,University of New Hampshire,2026-09-17,2026-09-21,702.0,lv,,Lily Tang Williams,35.0
us-202unie2f0d260,house,NH,2,University of New Hampshire,2026-09-17,2026-09-21,702.0,lv,,Robbie Mahrou,3.0
gov202uni4f540392,governor,NH,0,University of New Hampshire,2026-09-17,2026-09-21,1418.0,lv,,Kelly Ayotte,47.0
gov202uni4f540392,governor,NH,0,University of New Hampshire,2026-09-17,2026-09-21,1418.0,lv,,Cinde Warmington,43.0
gov202uni4f540392,governor,NH,0,University of New Hampshire,2026-09-17,2026-09-21,1418.0,lv,,Stephen Villee,2.0
gov202uni39c6b60e,governor,VT,0,University of New Hampshire,2026-09-17,2026-09-21,835.0,lv,,Amanda Janoo,49.0
gov202uni39c6b60e,governor,VT,0,University of New Hampshire,2026-09-17,2026-09-21,835.0,lv,,Phil Scott,43.0
gov202uni39c6b60e,governor,VT,0,University of New Hampshire,2026-09-17,2026-09-21,835.0,lv,,Brian Judd,2.0
gov202uni39c6b60e,governor,VT,0,University of New Hampshire,2026-09-17,2026-09-21,835.0,lv,,Dean Roy,0.0
gov202uni39c6b60e,governor,VT,0,University of New Hampshire,2026-09-17,2026-09-21,835.0,lv,,June Goodband,0.0
us-202uni97eb1c51,house,VT,1,University of New Hampshire,2026-09-17,2026-09-21,835.0,lv,,Becca Balint,66.0
us-202uni97eb1c51,house,VT,1,University of New Hampshire,2026-09-17,2026-09-21,835.0,lv,,Gerald Malloy,30.0
us-202uni97eb1c51,house,VT,1,University of New Hampshire,2026-09-17,2026-09-21,835.0,lv,,Adam Ortiz,0.0
us-202uni97eb1c51,house,VT,1,University of New Hampshire,2026-09-17,2026-09-21,835.0,lv,,Phoenix Altair,0.0
us-202uni97eb1c51,house,VT,1,University of New Hampshire,2026-09-17,2026-09-21,835.0,lv,,Suzanne Seymour,1.0
us-202uni97eb1c51,house,VT,1,University of New Hampshire,2026-09-17,2026-09-21,835.0,lv,,Ryan Walton,0.0
us-202uni51f1c418,senate,ME,0,University of New Hampshire,2026-09-17,2026-09-21,1312.0,lv,,Troy Jackson,51.0
us-202uni51f1c418,senate,ME,0,University of New Hampshire,2026-09-17,2026-09-21,1312.0,lv,,Susan Collins,47.0
us-202wedd2e2b8b0,senate,KS,0,Wedgewood Polls,2026-09-22,2026-09-24,500.0,lv,,Roger Marshall,48.0
us-202wedd2e2b8b0,senate,KS,0,Wedgewood Polls,2026-09-22,2026-09-24,500.0,lv,,Adam Hamilton,50.0
us-202wedd2e2b8b0,senate,KS,0,Wedgewood Polls,2026-09-22,2026-09-24,500.0,lv,,David Graham,2.0
gov202wed2c3eda94,governor,KS,0,Wedgewood Polls,2026-09-22,2026-09-24,500.0,lv,,Ty Masterson,52.0
gov202wed2c3eda94,governor,KS,0,Wedgewood Polls,2026-09-22,2026-09-24,500.0,lv,,Cindy Holscher,48.0
us-202bigbe8a8854,senate,GA,0,Big Data Poll,2026-09-21,2026-09-23,678.0,lv,,Jon Ossoff,55.4
us-202bigbe8a8854,senate,GA,0,Big Data Poll,2026-09-21,2026-09-23,678.0,lv,,Mike Collins,44.6
gov202bigf56bfd9a,governor,GA,0,Big Data Poll,2026-09-21,2026-09-23,678.0,lv,,Rick Jackson,50.5
gov202bigf56bfd9a,governor,GA,0,Big Data Poll,2026-09-21,2026-09-23,678.0,lv,,Keisha Lance Bottoms,49.5
gov202theb70a3a4b,governor,ME,0,The New York Times/Siena University,2026-09-15,2026-09-22,619.0,lv,,Hannah Pingree,47.0
gov202theb70a3a4b,governor,ME,0,The New York Times/Siena University,2026-09-15,2026-09-22,619.0,lv,,Bobby Charles,34.0
gov202theb70a3a4b,governor,ME,0,The New York Times/Siena University,2026-09-15,2026-09-22,619.0,lv,,Rick Bennett,8.0
gov202the5a3a4173,governor,NH,0,The New York Times/Siena University,2026-09-15,2026-09-22,613.0,lv,,Kelly Ayotte,52.0
gov202the5a3a4173,governor,NH,0,The New York Times/Siena University,2026-09-15,2026-09-22,613.0,lv,,Cinde Warmington,41.0
gov202the033a69e6,governor,MI,0,The New York Times/Siena University,2026-09-15,2026-09-22,605.0,lv,,Jocelyn Benson,48.0
gov202the033a69e6,governor,MI,0,The New York Times/Siena University,2026-09-15,2026-09-22,605.0,lv,,John James,43.0
us-202gba71e992b6,senate,NE,0,GBAO Strategies,2026-09-03,2026-09-08,800.0,lv,D,Pete Ricketts,46.0
us-202gba71e992b6,senate,NE,0,GBAO Strategies,2026-09-03,2026-09-08,800.0,lv,D,Dan Osborn,47.0
gov202uni2551add5,governor,CA,0,University of California Berkeley Jack Citrin Center for Public Opinion Research/Verasight/TrueDot,2026-09-11,2026-09-16,1983.0,lv,,Xavier Becerra,54.0
gov202uni2551add5,governor,CA,0,University of California Berkeley Jack Citrin Center for Public Opinion Research/Verasight/TrueDot,2026-09-11,2026-09-16,1983.0,lv,,Steve Hilton,36.0
us-202sli284b821d,senate,TX,0,Slingshot Strategies,2026-09-19,2026-09-22,1007.0,lv,,James Talarico,49.0
us-202sli284b821d,senate,TX,0,Slingshot Strategies,2026-09-19,2026-09-22,1007.0,lv,,Ken Paxton,45.0
us-202sli284b821d,senate,TX,0,Slingshot Strategies,2026-09-19,2026-09-22,1007.0,lv,,Ted Brown,3.0
gov202slieae997f0,governor,TX,0,Slingshot Strategies,2026-09-19,2026-09-22,1007.0,lv,,Greg Abbott,50.0
gov202slieae997f0,governor,TX,0,Slingshot Strategies,2026-09-19,2026-09-22,1007.0,lv,,Gina Hinojosa,46.0
gov202slieae997f0,governor,TX,0,Slingshot Strategies,2026-09-19,2026-09-22,1007.0,lv,,Pat Dixon,2.0
us-202rem24458257,house,MO,2,Remington Research Group,2026-09-14,2026-09-15,565.0,lv,,Ann Wagner,43.0
us-202rem24458257,house,MO,2,Remington Research Group,2026-09-14,2026-09-15,565.0,lv,,Fred Wellman,42.0
us-202insbbb32dd3,senate,GA,0,InsiderAdvantage,2026-09-22,2026-09-23,1200.0,lv,,Jon Ossoff,50.0
us-202insbbb32dd3,senate,GA,0,InsiderAdvantage,2026-09-22,2026-09-23,1200.0,lv,,Mike Collins,42.0
gov202insa0df0d3c,governor,GA,0,InsiderAdvantage,2026-09-22,2026-09-23,1200.0,lv,,Rick Jackson,48.0
gov202insa0df0d3c,governor,GA,0,InsiderAdvantage,2026-09-22,2026-09-23,1200.0,lv,,Keisha Lance Bottoms,46.0
us-202har67e7828b,house,OH,15,Hart Research Associates,2026-09-22,2026-09-24,500.0,lv,D,Mike Carey,45.0
us-202har67e7828b,house,OH,15,Hart Research Associates,2026-09-22,2026-09-24,500.0,lv,D,Don Leonard,46.0
us-202ame9bedbaa8,house,MT,1,American Pulse Research & Polling,2026-09-19,2026-09-24,314.0,lv,,Aaron Flint,45.9
us-202ame9bedbaa8,house,MT,1,American Pulse Research & Polling,2026-09-19,2026-09-24,314.0,lv,,Sam Forstag,45.4
us-202ame9bedbaa8,house,MT,1,American Pulse Research & Polling,2026-09-19,2026-09-24,314.0,lv,,Nick Sheedy,5.4
us-202amec1fe2597,senate,MT,0,American Pulse Research & Polling,2026-09-19,2026-09-24,604.0,lv,,Kurt Alme,45.0
us-202amec1fe2597,senate,MT,0,American Pulse Research & Polling,2026-09-19,2026-09-24,604.0,lv,,Alani Bankhead,19.0
us-202amec1fe2597,senate,MT,0,American Pulse Research & Polling,2026-09-19,2026-09-24,604.0,lv,,Seth Bodnar,26.0
gov202cha9102cf63,governor,FL,0,Change Research,2026-09-25,2026-09-27,1063.0,lv,,Byron Donalds,46.0
gov202cha9102cf63,governor,FL,0,Change Research,2026-09-25,2026-09-27,1063.0,lv,,David Jolly,48.0
us-202chad8109bd5,senate,FL,0,Change Research,2026-09-25,2026-09-27,1063.0,lv,,Ashley Moody,48.0
us-202chad8109bd5,senate,FL,0,Change Research,2026-09-25,2026-09-27,1063.0,lv,,Angie Nixon,47.0
gov202marb1c4f938,governor,OH,0,Marist University,2026-09-24,2026-09-27,1298.0,rv,,Amy Acton,50.0
gov202marb1c4f938,governor,OH,0,Marist University,2026-09-24,2026-09-27,1298.0,rv,,Vivek Ramaswamy,44.0
us-202mara7f1d430,senate,OH,0,Marist University,2026-09-24,2026-09-27,1298.0,rv,,Sherrod Brown,51.0
us-202mara7f1d430,senate,OH,0,Marist University,2026-09-24,2026-09-27,1298.0,rv,,Jon Husted,43.0
us-202dcc0662cb55,house,OH,9,DCCC Targeting and Analytics Department,2026-09-22,2026-09-23,481.0,lv,D,Marcy Kaptur,48.0
us-202dcc0662cb55,house,OH,9,DCCC Targeting and Analytics Department,2026-09-22,2026-09-23,481.0,lv,D,Derek Merrin,48.0
gov202sufa08bfacb,governor,OH,0,Suffolk University,2026-09-23,2026-09-27,500.0,lv,,Amy Acton,50.0
gov202sufa08bfacb,governor,OH,0,Suffolk University,2026-09-23,2026-09-27,500.0,lv,,Vivek Ramaswamy,41.0
gov202sufa08bfacb,governor,OH,0,Suffolk University,2026-09-23,2026-09-27,500.0,lv,,Don Kissick,3.0
us-202dcc0d4b0ded,house,WI,1,DCCC Targeting and Analytics Department,2026-09-21,2026-09-23,495.0,lv,D,Brian Steil,48.0
us-202dcc0d4b0ded,house,WI,1,DCCC Targeting and Analytics Department,2026-09-21,2026-09-23,495.0,lv,D,Mitchell Berman,48.0
gov202mas4d65da75,governor,MA,0,MassINC Polling Group,2026-09-14,2026-09-22,800.0,lv,,Maura Healy,51.0
gov202mas4d65da75,governor,MA,0,MassINC Polling Group,2026-09-14,2026-09-22,800.0,lv,,Michael Minogue,30.0
gov202mas4d65da75,governor,MA,0,MassINC Polling Group,2026-09-14,2026-09-22,800.0,lv,,Andrea James,3.0
us-202mas5785b9ea,senate,MA,0,MassINC Polling Group,2026-09-14,2026-09-22,800.0,lv,,Ed Markey,52.0
us-202mas5785b9ea,senate,MA,0,MassINC Polling Group,2026-09-14,2026-09-22,800.0,lv,,John Deaton,26.0
us-202mas5785b9ea,senate,MA,0,MassINC Polling Group,2026-09-14,2026-09-22,800.0,lv,,Joe Tache,2.0
us-202mas5785b9ea,senate,MA,0,MassINC Polling Group,2026-09-14,2026-09-22,800.0,lv,,Shriya Ayyadurai,2.0
gov202cygf2c3fb04,governor,MI,0,Cygnal/Beacon Research,2026-09-18,2026-09-21,600.0,lv,,Jocelyn Benson,45.0
gov202cygf2c3fb04,governor,MI,0,Cygnal/Beacon Research,2026-09-18,2026-09-21,600.0,lv,,John James,38.0
gov202cygf2c3fb04,governor,MI,0,Cygnal/Beacon Research,2026-09-18,2026-09-21,600.0,lv,,Anthony Hudson,3.0
gov202cygf2c3fb04,governor,MI,0,Cygnal/Beacon Research,2026-09-18,2026-09-21,600.0,lv,,Donna Brandenburg,0.0
gov202cygf2c3fb04,governor,MI,0,Cygnal/Beacon Research,2026-09-18,2026-09-21,600.0,lv,,Douglas Campbell,1.0
us-202cyg13fa7f0a,senate,MI,0,Cygnal/Beacon Research,2026-09-18,2026-09-21,600.0,lv,,Abdul El-Sayed,45.0
us-202cyg13fa7f0a,senate,MI,0,Cygnal/Beacon Research,2026-09-18,2026-09-21,600.0,lv,,Mike Rogers,40.0
us-202cyg13fa7f0a,senate,MI,0,Cygnal/Beacon Research,2026-09-18,2026-09-21,600.0,lv,,Lydia Christensen,1.0
us-202cyg13fa7f0a,senate,MI,0,Cygnal/Beacon Research,2026-09-18,2026-09-21,600.0,lv,,Tim Long,0.0
us-202cyg13fa7f0a,senate,MI,0,Cygnal/Beacon Research,2026-09-18,2026-09-21,600.0,lv,,Douglas P. Marsh,0.0
us-202cyg13fa7f0a,senate,MI,0,Cygnal/Beacon Research,2026-09-18,2026-09-21,600.0,lv,,Walter P. Kristy,0.0
us-202big1f625134,senate,OH,0,Big Data Poll,2026-09-26,2026-09-27,680.0,lv,,Sherrod Brown,46.3
us-202big1f625134,senate,OH,0,Big Data Poll,2026-09-26,2026-09-27,680.0,lv,,Jon Husted,42.6
gov202big5e3239e4,governor,OH,0,Big Data Poll,2026-09-26,2026-09-27,680.0,lv,,Amy Acton,46.8
gov202big5e3239e4,governor,OH,0,Big Data Poll,2026-09-26,2026-09-27,680.0,lv,,Vivek Ramaswamy,47.9
gov202big5e3239e4,governor,OH,0,Big Data Poll,2026-09-26,2026-09-27,680.0,lv,,Don Kissick,5.3
gen202theeb8b068f,generic,US,0,The Argument/Verasight,2026-09-16,2026-09-22,,lv,,Dem,55.0
gen202theeb8b068f,generic,US,0,The Argument/Verasight,2026-09-16,2026-09-22,,lv,,Rep,45.0
gen202har55021d5f,generic,US,0,HarrisX/Harris,2026-09-26,2026-09-28,,lv,,Dem,51.0
gen202har55021d5f,generic,US,0,HarrisX/Harris,2026-09-26,2026-09-28,,lv,,Rep,49.0
gov202mar6e84a0e7,governor,WI,0,Marquette University Law School,2026-09-16,2026-09-23,692.0,lv,,David Crowley,49.0
gov202mar6e84a0e7,governor,WI,0,Marquette University Law School,2026-09-16,2026-09-23,692.0,lv,,Tom Tiffany,46.0
us-202co/7102b7eb,senate,ME,0,co/efficient,2026-09-28,2026-09-30,1240.0,lv,,Susan Collins,48.0
us-202co/7102b7eb,senate,ME,0,co/efficient,2026-09-28,2026-09-30,1240.0,lv,,Troy Jackson,46.0
gov202co/7572d005,governor,ME,0,co/efficient,2026-09-28,2026-09-30,1240.0,lv,,Hannah Pingree,47.0
gov202co/7572d005,governor,ME,0,co/efficient,2026-09-28,2026-09-30,1240.0,lv,,Bobby Charles,38.0
gov202co/7572d005,governor,ME,0,co/efficient,2026-09-28,2026-09-30,1240.0,lv,,Rick Bennett,6.0
us-202the1da56e0f,house,AK,1,The Bullfinch Group,2026-07-13,2026-07-16,546.0,lv,,Nick Begich,52.0
us-202the1da56e0f,house,AK,1,The Bullfinch Group,2026-07-13,2026-07-16,546.0,lv,,Bill Hill,48.0
us-202beac0286b40,senate,MI,0,Beacon Research/Shaw & Co. Research,2026-09-24,2026-09-28,1028.0,lv,,Abdul El-Sayed,50.0
us-202beac0286b40,senate,MI,0,Beacon Research/Shaw & Co. Research,2026-09-24,2026-09-28,1028.0,lv,,Mike Rogers,49.0
gov202bea0796a0d8,governor,MI,0,Beacon Research/Shaw & Co. Research,2026-09-24,2026-09-28,1028.0,lv,,Jocelyn Benson,54.0
gov202bea0796a0d8,governor,MI,0,Beacon Research/Shaw & Co. Research,2026-09-24,2026-09-28,1028.0,lv,,John James,45.0
us-202bigf2db767c,senate,NC,0,Big Data Poll,2026-09-27,2026-09-29,642.0,lv,,Roy Cooper,51.0
us-202bigf2db767c,senate,NC,0,Big Data Poll,2026-09-27,2026-09-29,642.0,lv,,Michael Whatley,39.0
us-202bigf2db767c,senate,NC,0,Big Data Poll,2026-09-27,2026-09-29,642.0,lv,,Shannon Bray,7.0
us-202bigf2db767c,senate,NC,0,Big Data Poll,2026-09-27,2026-09-29,642.0,lv,,Michael Dublin,4.0
us-202emefa6f3e99,house,NY,17,Emerson College,2026-09-27,2026-09-29,400.0,lv,,Cait Conley,48.0
us-202emefa6f3e99,house,NY,17,Emerson College,2026-09-27,2026-09-29,400.0,lv,,Mike Lawler,46.0
us-202the7176ba8a,house,VA,1,The Washington Post/George Mason University Schar School of Policy and Government,2026-09-23,2026-09-28,609.0,lv,,Rob Wittman,46.0
us-202the7176ba8a,house,VA,1,The Washington Post/George Mason University Schar School of Policy and Government,2026-09-23,2026-09-28,609.0,lv,,Shannon Taylor,50.0
us-202thec3b2cee5,house,VA,5,The Washington Post/George Mason University Schar School of Policy and Government,2026-09-23,2026-09-28,600.0,lv,,John McGuire,51.0
us-202thec3b2cee5,house,VA,5,The Washington Post/George Mason University Schar School of Policy and Government,2026-09-23,2026-09-28,600.0,lv,,Tom Perriello,46.0
us-202lig9eec2508,house,UT,1,Lighthouse Research,2026-08-31,2026-09-10,515.0,lv,,Ben McAdams,62.7
us-202lig9eec2508,house,UT,1,Lighthouse Research,2026-08-31,2026-09-10,515.0,lv,,Riley Owen,21.2
us-202lig9eec2508,house,UT,1,Lighthouse Research,2026-08-31,2026-09-10,515.0,lv,,Jesse West,4.7
us-202lig9eec2508,house,UT,1,Lighthouse Research,2026-08-31,2026-09-10,515.0,lv,,Elias Henry Montgomery,3.3
us-202ligf6b1dc1d,house,UT,2,Lighthouse Research,2026-09-10,2026-09-24,515.0,lv,,Blake Moore,39.0
us-202ligf6b1dc1d,house,UT,2,Lighthouse Research,2026-09-10,2026-09-24,515.0,lv,,Peter Crosby,34.0
us-202ligf6b1dc1d,house,UT,2,Lighthouse Research,2026-09-10,2026-09-24,515.0,lv,,Carlton E. Bowen,4.1
us-202ligf6b1dc1d,house,UT,2,Lighthouse Research,2026-09-10,2026-09-24,515.0,lv,,Daniel Cottam,4.9
us-202ligf6b1dc1d,house,UT,2,Lighthouse Research,2026-09-10,2026-09-24,515.0,lv,,Robert M. Moesinger,4.9
us-202lig83acfc3f,house,UT,3,Lighthouse Research,2026-09-02,2026-09-15,508.0,lv,,Celeste Maloy,44.5
us-202lig83acfc3f,house,UT,3,Lighthouse Research,2026-09-02,2026-09-15,508.0,lv,,Kent S. Udell,26.4
us-202lig83acfc3f,house,UT,3,Lighthouse Research,2026-09-02,2026-09-15,508.0,lv,,Cassie Easley,2.6
us-202lig83acfc3f,house,UT,3,Lighthouse Research,2026-09-02,2026-09-15,508.0,lv,,Adonis Hooslyn,0.2
us-202lig83acfc3f,house,UT,3,Lighthouse Research,2026-09-02,2026-09-15,508.0,lv,,Michael R. Stoddard,6.5
us-202lig83acfc3f,house,UT,3,Lighthouse Research,2026-09-02,2026-09-15,508.0,lv,,Ayden Scott,2.8
us-202lig0c801987,house,UT,4,Lighthouse Research,2026-09-08,2026-09-17,513.0,lv,,Mike Kennedy,41.7
us-202lig0c801987,house,UT,4,Lighthouse Research,2026-09-08,2026-09-17,513.0,lv,,Jonny Larsen,32.9
us-202lig0c801987,house,UT,4,Lighthouse Research,2026-09-08,2026-09-17,513.0,lv,,Taylor Wright,5.3
us-202lig0c801987,house,UT,4,Lighthouse Research,2026-09-08,2026-09-17,513.0,lv,,Steven Burt,5.7
gov202rmg75bbe7fe,governor,AL,0,RMG Research,2026-09-21,2026-09-25,800.0,rv,R,Tommy Tuberville,50.0
gov202rmg75bbe7fe,governor,AL,0,RMG Research,2026-09-21,2026-09-25,800.0,rv,R,Doug Jones,37.0
us-202rmg809825be,senate,AL,0,RMG Research,2026-09-21,2026-09-25,800.0,rv,R,Barry Moore,54.0
us-202rmg809825be,senate,AL,0,RMG Research,2026-09-21,2026-09-25,800.0,rv,R,Everett Wess,33.0
us-202nor348bad95,house,TX,15,"Normington, Petts & Associates",2026-09-24,2026-09-28,400.0,lv,D,Bobby Pulido,54.0
us-202nor348bad95,house,TX,15,"Normington, Petts & Associates",2026-09-24,2026-09-28,400.0,lv,D,Monica De La Cruz,41.0
gov202fab355ac62e,governor,ME,0,"Fabrizio, Lee & Associates/Impact Research",2026-09-20,2026-09-22,982.0,lv,,Hannah Pingree,52.0
gov202fab355ac62e,governor,ME,0,"Fabrizio, Lee & Associates/Impact Research",2026-09-20,2026-09-22,982.0,lv,,Bobby Charles,39.0
gov202fab355ac62e,governor,ME,0,"Fabrizio, Lee & Associates/Impact Research",2026-09-20,2026-09-22,982.0,lv,,Rick Bennett,6.0
us-202fabe2bcab70,senate,ME,0,"Fabrizio, Lee & Associates/Impact Research",2026-09-20,2026-09-22,982.0,lv,,Troy Jackson,50.0
us-202fabe2bcab70,senate,ME,0,"Fabrizio, Lee & Associates/Impact Research",2026-09-20,2026-09-22,982.0,lv,,Susan Collins,47.0
gov202braa171de62,governor,PA,0,Bravo Group,2026-09-16,2026-09-22,624.0,rv,,Josh Shapiro,55.0
gov202braa171de62,governor,PA,0,Bravo Group,2026-09-16,2026-09-22,624.0,rv,,Stacy Garrity,28.0
gov202cyg016be6c7,governor,AK,0,Cygnal,2026-09-24,2026-09-27,502.0,lv,R,Jonathan Kreiss-Tomkins,44.0
gov202cyg016be6c7,governor,AK,0,Cygnal,2026-09-24,2026-09-27,502.0,lv,R,Bernadette Wilson,24.0
gov202cyg016be6c7,governor,AK,0,Cygnal,2026-09-24,2026-09-27,502.0,lv,R,David Bronson,8.0
gov202cyg016be6c7,governor,AK,0,Cygnal,2026-09-24,2026-09-27,502.0,lv,R,Treg Taylor,9.0
us-202insea9816ae,senate,OH,0,InsiderAdvantage,2026-09-28,2026-09-29,1200.0,lv,,Sherrod Brown,44.0
us-202insea9816ae,senate,OH,0,InsiderAdvantage,2026-09-28,2026-09-29,1200.0,lv,,Jon Husted,43.0
us-202insea9816ae,senate,OH,0,InsiderAdvantage,2026-09-28,2026-09-29,1200.0,lv,,Bill Redpath,4.0
us-202insea9816ae,senate,OH,0,InsiderAdvantage,2026-09-28,2026-09-29,1200.0,lv,,Greg Levy,2.0
us-202dhmdd00a623,house,WA,3,DHM Research,2026-09-17,2026-09-27,543.0,lv,,Marie Gluesenkamp Perez,47.0
us-202dhmdd00a623,house,WA,3,DHM Research,2026-09-17,2026-09-27,543.0,lv,,John Braun,48.0
us-202wedfe4427b1,senate,ME,0,Wedgewood Polls,2026-09-27,2026-10-01,400.0,lv,,Troy Jackson,52.0
us-202wedfe4427b1,senate,ME,0,Wedgewood Polls,2026-09-27,2026-10-01,400.0,lv,,Susan Collins,48.0
us-202beaadb6c4f9,senate,IA,0,Beacon Research/Shaw & Co. Research,2026-09-24,2026-09-28,1008.0,lv,,Ashley Hinson,47.0
us-202beaadb6c4f9,senate,IA,0,Beacon Research/Shaw & Co. Research,2026-09-24,2026-09-28,1008.0,lv,,Josh Turek,49.0
gov202bea91ef4faa,governor,IA,0,Beacon Research/Shaw & Co. Research,2026-09-24,2026-09-28,1008.0,lv,,Rob Sand,53.0
gov202bea91ef4faa,governor,IA,0,Beacon Research/Shaw & Co. Research,2026-09-24,2026-09-28,1008.0,lv,,Zach Lahn,44.0
us-202tra046dabbf,senate,MI,0,Trafalgar Group,2026-09-28,2026-09-30,1085.0,lv,R,Abdul El-Sayed,47.0
us-202tra046dabbf,senate,MI,0,Trafalgar Group,2026-09-28,2026-09-30,1085.0,lv,R,Mike Rogers,45.0
us-202tra046dabbf,senate,MI,0,Trafalgar Group,2026-09-28,2026-09-30,1085.0,lv,R,Lydia Christensen,2.0
us-202tra046dabbf,senate,MI,0,Trafalgar Group,2026-09-28,2026-09-30,1085.0,lv,R,Tim Long,1.0
us-202tra046dabbf,senate,MI,0,Trafalgar Group,2026-09-28,2026-09-30,1085.0,lv,R,Douglas P. Marsh,0.0
us-202tra046dabbf,senate,MI,0,Trafalgar Group,2026-09-28,2026-09-30,1085.0,lv,R,Walter P. Kristy,0.0
us-202beab9600d9b,senate,TX,0,Beacon Research/Shaw & Co. Research,2026-09-24,2026-09-28,881.0,lv,,James Talarico,51.0
us-202beab9600d9b,senate,TX,0,Beacon Research/Shaw & Co. Research,2026-09-24,2026-09-28,881.0,lv,,Ken Paxton,49.0
gov202bea2d2ef4cb,governor,TX,0,Beacon Research/Shaw & Co. Research,2026-09-24,2026-09-28,881.0,lv,,Greg Abbott,52.0
gov202bea2d2ef4cb,governor,TX,0,Beacon Research/Shaw & Co. Research,2026-09-24,2026-09-28,881.0,lv,,Gina Hinojosa,47.0
us-202tav5e39c6e6,house,CA,11,Tavern Research,2026-09-15,2026-09-17,658.0,lv,D,Scott Wiener,45.0
us-202tav5e39c6e6,house,CA,11,Tavern Research,2026-09-15,2026-09-17,658.0,lv,D,Connie Chan,34.0
us-202ins4236730d,senate,SC,0,InsiderAdvantage,2026-09-28,2026-09-29,1200.0,lv,,Darline Graham,46.0
us-202ins4236730d,senate,SC,0,InsiderAdvantage,2026-09-28,2026-09-29,1200.0,lv,,Annie Andrews,45.0
us-202ins4236730d,senate,SC,0,InsiderAdvantage,2026-09-28,2026-09-29,1200.0,lv,,Kasie Whitener,2.0
us-202ins4236730d,senate,SC,0,InsiderAdvantage,2026-09-28,2026-09-29,1200.0,lv,,Mark Hackett,3.0
us-202qua198b0338,senate,AK,0,Quantus Insights,2026-09-28,2026-09-30,758.0,lv,,Mary Peltola,47.2
us-202qua198b0338,senate,AK,0,Quantus Insights,2026-09-28,2026-09-30,758.0,lv,,Dan Sullivan,47.8
us-202big7e4bf32f,senate,MN,0,Big Data Poll,2026-09-29,2026-09-30,622.0,lv,,Peggy Flanagan,46.0
us-202big7e4bf32f,senate,MN,0,Big Data Poll,2026-09-29,2026-09-30,622.0,lv,,Michele Tafoya,44.0
us-202big7e4bf32f,senate,MN,0,Big Data Poll,2026-09-29,2026-09-30,622.0,lv,,Rebecca Whiting,5.0
us-202the4bdf33e1,house,AK,1,The Bullfinch Group,2026-09-01,2026-09-06,820.0,lv,,Nick Begich,50.3
us-202the4bdf33e1,house,AK,1,The Bullfinch Group,2026-09-01,2026-09-06,820.0,lv,,Bill Hill,46.5
us-202impbb787ecf,house,WI,1,Impact Research,2026-09-28,2026-10-01,500.0,lv,D,Bryan Steil,47.0
us-202impbb787ecf,house,WI,1,Impact Research,2026-09-28,2026-10-01,500.0,lv,D,Mitchell Berman,48.0
gov202the240fb48b,governor,OH,0,The New York Times/Siena University,2026-09-22,2026-10-01,616.0,lv,,Amy Acton,49.0
gov202the240fb48b,governor,OH,0,The New York Times/Siena University,2026-09-22,2026-10-01,616.0,lv,,Vivek Ramaswamy,45.0
gov202thefb920530,governor,IA,0,The New York Times/Siena University,2026-09-22,2026-10-01,606.0,lv,,Rob Sand,52.0
gov202thefb920530,governor,IA,0,The New York Times/Siena University,2026-09-22,2026-10-01,606.0,lv,,Zach Lahn,41.0
gov202theafe06bf1,governor,TX,0,The New York Times/Siena University,2026-09-22,2026-09-30,605.0,lv,,Greg Abbott,46.0
gov202theafe06bf1,governor,TX,0,The New York Times/Siena University,2026-09-22,2026-09-30,605.0,lv,,Gina Hinojosa,49.0
gov202thecdc40b4c,governor,KS,0,The New York Times/Siena University,2026-09-22,2026-09-30,605.0,lv,,Ty Masterson,49.0
gov202thecdc40b4c,governor,KS,0,The New York Times/Siena University,2026-09-22,2026-09-30,605.0,lv,,Cindy Holscher,44.0
gov202the33f8c9ea,governor,AK,0,The New York Times/Siena University,2026-09-24,2026-10-01,431.0,lv,,Jonathan Kreiss-Tomkins,52.0
gov202the33f8c9ea,governor,AK,0,The New York Times/Siena University,2026-09-24,2026-10-01,431.0,lv,,Bernadette Wilson,48.0
us-202wed7f897488,senate,GA,0,Wedgewood Polls,2026-10-02,2026-10-03,600.0,lv,,Jon Ossoff,55.0
us-202wed7f897488,senate,GA,0,Wedgewood Polls,2026-10-02,2026-10-03,600.0,lv,,Mike Collins,45.0
gov202wed3b9968cd,governor,GA,0,Wedgewood Polls,2026-10-02,2026-10-03,600.0,lv,,Rick Jackson,51.0
gov202wed3b9968cd,governor,GA,0,Wedgewood Polls,2026-10-02,2026-10-03,600.0,lv,,Keisha Lance Bottoms,49.0
gen202you9adbf42a,generic,US,0,YouGov - CBS News,2026-09-30,2026-10-02,1572.0,lv,,Dem,54.0
gen202you9adbf42a,generic,US,0,YouGov - CBS News,2026-09-30,2026-10-02,1572.0,lv,,Rep,45.0
